ID,Source,Severity,Start_Time,End_Time,Start_Lat,Start_Lng,End_Lat,End_Lng,Distance(mi),Description,Street,City,County,State,Zipcode,Country,Timezone,Airport_Code,Weather_Timestamp,Temperature(F),Wind_Chill(F),Humidity(%),Pressure(in),Visibility(mi),Wind_Direction,Wind_Speed(mph),Precipitation(in),Weather_Condition,Amenity,Bump,Crossing,Give_Way,Junction,No_Exit,Railway,Roundabout,Station,Stop,Traffic_Calming,Traffic_Signal,Turning_Loop,Sunrise_Sunset,Civil_Twilight,Nautical_Twilight,Astronomical_Twilight
A-42867,Source2,2,2016-06-21 10:46:30,2016-06-21 11:27:00,34.078926,-118.28904,,,0.0,Right hand shoulder blocked due to accident on US-101 Northbound at Exit 6A Vermont Ave.,US-101 N,Los Angeles,Los Angeles,CA,90004,US,US/Pacific,KCQT,2016-06-21 10:47:00,82.9,,47.0,29.95,10.0,Variable,4.6,,Clear,False,False,False,False,True,False,False,False,False,False,False,False,False,Day,Day,Day,Day
A-42868,Source2,3,2016-06-21 10:49:21,2016-06-21 11:34:21,34.091179,-118.239471,,,0.0,Accident on I-5 Northbound at Exit 138 Stadium Way.,Golden State Fwy S,Los Angeles,Los Angeles,CA,90031,US,US/Pacific,KCQT,2016-06-21 10:47:00,82.9,,47.0,29.95,10.0,Variable,4.6,,Clear,False,False,False,False,False,False,False,False,False,False,False,False,False,Day,Day,Day,Day
A-42882,Source2,3,2016-06-21 10:51:45,2016-06-21 11:36:45,34.037239,-118.309074,,,0.0,Accident on I-10 Eastbound at Exit 10 Western Ave.,I-10 W,Los Angeles,Los Angeles,CA,90018,US,US/Pacific,KCQT,2016-06-21 10:47:00,82.9,,47.0,29.95,10.0,Variable,4.6,,Clear,False,False,False,False,False,False,False,False,True,False,False,False,False,Day,Day,Day,Day
A-42884,Source2,3,2016-06-21 10:56:24,2016-06-21 11:34:00,34.027458,-118.27449,,,0.0,Accident on I-110 Northbound at Exit 20C Adams Blvd.,Harbor Fwy N,Los Angeles,Los Angeles,CA,90007,US,US/Pacific,KCQT,2016-06-21 10:47:00,82.9,,47.0,29.95,10.0,Variable,4.6,,Clear,False,False,False,False,False,False,False,False,False,False,False,False,False,Day,Day,Day,Day
A-42899,Source2,3,2016-06-21 11:30:46,2016-06-21 12:00:46,33.947544,-118.279434,,,0.0,Right hand shoulder blocked due to accident on I-110 Northbound after Exit 15 Century Blvd.,Harbor Fwy N,Los Angeles,Los Angeles,CA,90003,US,US/Pacific,KHHR,2016-06-21 11:53:00,80.1,,52.0,29.96,10.0,ESE,9.2,,Clear,False,False,False,False,False,False,False,False,False,False,False,False,False,Day,Day,Day,Day
A-42913,Source2,3,2016-06-21 11:59:09,2016-06-21 12:44:09,34.034721000000005,-118.344635,,,0.0,#4 &amp; #5 lane blocked slow traffic and right hand shoulder blocked due to accident on I-10 Eastbound after Exit 8 La Brea Ave.,I-10 W,Los Angeles,Los Angeles,CA,90016,US,US/Pacific,KSMO,2016-06-21 11:51:00,79.0,,58.0,29.96,10.0,SW,9.2,,Clear,False,False,False,False,False,False,False,False,False,False,False,False,False,Day,Day,Day,Day
A-42915,Source2,3,2016-06-21 12:00:06,2016-06-21 12:42:00,33.947437,-118.279312,,,0.0,Slow traffic and right hand shoulder blocked due to accident on I-110 Northbound after Exit 15 Century Blvd.,Harbor Fwy N,Los Angeles,Los Angeles,CA,90003,US,US/Pacific,KHHR,2016-06-21 11:53:00,80.1,,52.0,29.96,10.0,ESE,9.2,,Clear,False,False,False,False,False,False,False,False,False,False,False,True,False,Day,Day,Day,Day
A-42916,Source2,2,2016-06-21 12:12:04,2016-06-21 12:57:04,34.069759000000005,-118.236176,,,0.0,Right hand shoulder blocked due to accident on CA-110 Southbound at Exits 24B 24C 24D Stadium Way.,Pasadena Fwy S,Los Angeles,Los Angeles,CA,90012,US,US/Pacific,KCQT,2016-06-21 11:47:00,88.0,,40.0,29.94,10.0,Calm,,,Clear,False,False,False,False,True,False,False,False,False,False,False,False,False,Day,Day,Day,Day
A-42917,Source2,2,2016-06-21 12:11:43,2016-06-21 12:56:43,33.957775,-118.231056,,,0.0,Accident on CA-42 Firestone Blvd both ways at Alameda St.,Firestone Blvd,Los Angeles,Los Angeles,CA,90002-1546,US,US/Pacific,KHHR,2016-06-21 11:53:00,80.1,,52.0,29.96,10.0,ESE,9.2,,Clear,False,False,True,False,False,False,False,False,False,False,False,True,False,Day,Day,Day,Day
A-42925,Source2,3,2016-06-21 12:18:26,2016-06-21 13:01:00,33.928162,-118.238976,,,0.0,Right hand shoulder blocked due to accident on I-105 Eastbound at Exit 10 Wilmington Ave.,I-105 E,Los Angeles,Los Angeles,CA,90059,US,US/Pacific,KHHR,2016-06-21 11:53:00,80.1,,52.0,29.96,10.0,ESE,9.2,,Clear,False,False,False,False,False,False,False,False,False,False,False,False,False,Day,Day,Day,Day
A-42926,Source2,2,2016-06-21 12:20:43,2016-06-21 13:04:00,34.078476,-118.2286,,,0.0,Right hand shoulder blocked due to accident on CA-110 Southbound before Exit 26A I-5.,Arroyo Seco Pkwy,Los Angeles,Los Angeles,CA,90012,US,US/Pacific,KCQT,2016-06-21 12:47:00,84.0,,49.0,29.94,10.0,Variable,3.5,,Clear,False,False,False,False,False,False,False,False,False,False,False,False,False,Day,Day,Day,Day
A-42940,Source2,3,2016-06-21 12:42:25,2016-06-21 13:27:25,34.072959999999995,-118.219391,,,0.0,Accident on I-5 Southbound at Exits 136 136A 136B Avenue 21.,Golden State Fwy S,Los Angeles,Los Angeles,CA,90031,US,US/Pacific,KCQT,2016-06-21 12:47:00,84.0,,49.0,29.94,10.0,Variable,3.5,,Clear,False,False,False,False,False,False,False,False,False,False,False,False,False,Day,Day,Day,Day
A-42941,Source2,2,2016-06-21 13:12:38,2016-06-21 13:57:38,34.056087,-118.255882,,,0.0,Gore point obstructed due to multi-vehicle accident on CA-110 Northbound near Exit 23C-A Beaudry Ave.,CA-110 N,Los Angeles,Los Angeles,CA,90012,US,US/Pacific,KCQT,2016-06-21 12:47:00,84.0,,49.0,29.94,10.0,Variable,3.5,,Clear,False,False,False,False,False,False,False,False,False,False,False,False,False,Day,Day,Day,Day
A-42942,Source2,2,2016-06-21 13:07:43,2016-06-21 13:52:43,34.076012,-118.231575,,,0.0,Accident on CA-110 Southbound before Exit 25 Academy Rd. On the median.,Pasadena Fwy S,Los Angeles,Los Angeles,CA,90012,US,US/Pacific,KCQT,2016-06-21 12:47:00,84.0,,49.0,29.94,10.0,Variable,3.5,,Clear,False,False,False,False,False,False,False,False,False,False,False,False,False,Day,Day,Day,Day
A-42945,Source2,3,2016-06-21 13:17:18,2016-06-21 14:02:18,34.087738,-118.475189,,,0.0,Accident on I-405 Southbound after Getty Center Dr.,I-405 N,Los Angeles,Los Angeles,CA,90049,US,US/Pacific,KSMO,2016-06-21 12:51:00,79.0,,58.0,29.96,10.0,SW,8.1,,Clear,False,False,False,False,False,False,False,False,False,False,False,False,False,Day,Day,Day,Day
A-42947,Source2,2,2016-06-21 13:18:58,2016-06-21 14:03:58,34.0509,-118.261429,,,0.0,Accident on CA-110 Northbound near Exit 22B James M Wood Blvd.,CA-110 N,Los Angeles,Los Angeles,CA,90017,US,US/Pacific,KCQT,2016-06-21 13:47:00,84.0,,47.0,29.94,10.0,SSE,6.9,,Clear,False,False,False,False,True,False,False,False,False,False,False,False,False,Day,Day,Day,Day
A-42956,Source2,2,2016-06-21 13:41:58,2016-06-21 14:26:58,33.92371,-118.269554,,,0.0,Accident on San Pedro St near 120th St.,E 120th St,Los Angeles,Los Angeles,CA,90061-2829,US,US/Pacific,KHHR,2016-06-21 13:53:00,79.0,,54.0,29.96,10.0,SSE,11.5,,Clear,False,False,False,False,False,False,False,False,False,False,False,True,False,Day,Day,Day,Day
A-42959,Source2,3,2016-06-21 13:44:48,2016-06-21 14:29:48,33.928940000000004,-118.280708,,,0.0,One lane blocked due to accident on I-105 Westbound near Exits 7A 7B I-110.,I-105 W,Los Angeles,Los Angeles,CA,90061,US,US/Pacific,KHHR,2016-06-21 13:53:00,79.0,,54.0,29.96,10.0,SSE,11.5,,Clear,False,False,False,False,False,False,False,False,False,False,False,False,False,Day,Day,Day,Day
A-42963,Source2,3,2016-06-21 13:52:57,2016-06-21 14:52:57,33.927593,-118.265213,,,0.0,Accident on I-105 Westbound at Exit 9 Central Ave.,Avalon Blvd,Los Angeles,Los Angeles,CA,90061,US,US/Pacific,KHHR,2016-06-21 13:53:00,79.0,,54.0,29.96,10.0,SSE,11.5,,Clear,False,False,False,False,False,False,True,False,True,False,False,False,False,Day,Day,Day,Day
A-42964,Source2,2,2016-06-21 13:56:35,2016-06-21 14:41:35,34.036362,-118.167702,,,0.0,Accident on CA-60 Westbound near Exit 3B I-710.,Pomona Fwy W,Los Angeles,Los Angeles,CA,90022,US,US/Pacific,KCQT,2016-06-21 13:47:00,84.0,,47.0,29.94,10.0,SSE,6.9,,Clear,False,False,False,False,False,False,False,False,False,False,False,False,False,Day,Day,Day,Day
A-42982,Source2,3,2016-06-21 15:01:21,2016-06-21 15:46:21,34.035141,-118.369514,,,0.0,Slow lane blocked due to accident on I-10 Eastbound near Exit 7B Fairfax Ave.,S Fairfax Ave,Los Angeles,Los Angeles,CA,90016-1004,US,US/Pacific,KSMO,2016-06-21 14:51:00,75.0,,66.0,29.96,10.0,WSW,9.2,,Clear,False,False,True,False,False,False,False,False,False,False,False,False,False,Day,Day,Day,Day
A-42988,Source2,2,2016-06-21 15:20:54,2016-06-21 16:05:54,34.1292,-118.347298,,,0.0,Shoulder blocked on exit ramp due to accident on US-101 Northbound near Exits 11 11B Cahuenga Blvd.,US-101 N,Los Angeles,Los Angeles,CA,90068,US,US/Pacific,KBUR,2016-06-21 14:53:00,87.1,,39.0,29.91,10.0,South,15.0,,Clear,False,False,False,False,False,False,False,False,False,False,False,False,False,Day,Day,Day,Day
A-42989,Source2,2,2016-06-21 15:20:30,2016-06-21 16:05:30,33.949223,-118.291725,,,0.0,Accident on Colden Ave near Vermont Ave.,W Colden Ave,Los Angeles,Los Angeles,CA,90044,US,US/Pacific,KHHR,2016-06-21 14:53:00,78.1,,54.0,29.95,10.0,ESE,11.5,,Clear,False,False,False,False,False,False,False,False,True,False,False,True,False,Day,Day,Day,Day
A-42994,Source2,2,2016-06-21 15:36:24,2016-06-21 16:21:24,34.13308,-118.352524,,,0.0,Accident on US-101 Northbound near Buddy Holly Dr.,CA-170 S,Los Angeles,Los Angeles,CA,90068,US,US/Pacific,KBUR,2016-06-21 15:53:00,86.0,,38.0,29.9,10.0,SSE,9.2,,Clear,False,False,False,False,False,False,False,False,False,False,False,True,False,Day,Day,Day,Day
A-42995,Source2,2,2016-06-21 15:35:25,2016-06-21 16:20:25,34.018738,-118.254936,,,0.0,Accident on Adams Blvd near Central Ave.,E Adams Blvd,Los Angeles,Los Angeles,CA,90011-5523,US,US/Pacific,KCQT,2016-06-21 15:47:00,82.0,,47.0,29.93,10.0,Variable,5.8,,Clear,False,False,False,False,False,False,False,False,True,False,False,True,False,Day,Day,Day,Day
A-42996,Source2,2,2016-06-21 15:40:25,2016-06-21 16:25:25,34.033283000000004,-118.181114,,,0.0,One lane blocked due to accident on CA-60 Westbound near Exit 3A Gage Ave.,E 3rd St,Los Angeles,Los Angeles,CA,90063,US,US/Pacific,KCQT,2016-06-21 15:47:00,82.0,,47.0,29.93,10.0,Variable,5.8,,Clear,False,False,False,False,False,False,False,False,False,False,False,False,False,Day,Day,Day,Day
A-43008,Source2,2,2016-06-21 15:53:41,2016-06-21 16:38:41,34.059059000000005,-118.245499,,,0.0,One lane blocked due to accident on US-101 Southbound near Exits 3 3A 3B CA-110.,US-101 S,Los Angeles,Los Angeles,CA,90012,US,US/Pacific,KCQT,2016-06-21 15:47:00,82.0,,47.0,29.93,10.0,Variable,5.8,,Clear,False,False,False,False,True,False,False,False,False,False,False,False,False,Day,Day,Day,Day
A-43019,Source2,2,2016-06-21 16:22:03,2016-06-21 17:07:03,34.039894,-118.284172,,,0.0,Accident on Washington Blvd near Hoover St.,S Hoover St,Los Angeles,Los Angeles,CA,90006-4913,US,US/Pacific,KCQT,2016-06-21 16:47:00,84.0,,43.0,29.91,10.0,Variable,4.6,,Clear,False,False,True,False,False,False,False,False,True,False,False,True,False,Day,Day,Day,Day
A-43025,Source2,3,2016-06-21 17:07:40,2016-06-21 17:52:40,34.039093,-118.439758,,,0.0,Accident on I-405 Southbound near Exit 54 Sawtelle Blvd.,I-405 N,Los Angeles,Los Angeles,CA,90064,US,US/Pacific,KSMO,2016-06-21 16:51:00,73.9,,68.0,29.94,10.0,SW,9.2,,Clear,False,False,False,False,False,False,False,False,False,False,False,False,False,Day,Day,Day,Day
A-43027,Source2,2,2016-06-21 17:04:32,2016-06-21 17:49:32,34.071938,-118.266922,,,0.0,One lane blocked due to accident on US-101 Southbound near Exit 4B CA-2 Alvarado St.,N Alvarado St,Los Angeles,Los Angeles,CA,90026,US,US/Pacific,KCQT,2016-06-21 16:47:00,84.0,,43.0,29.91,10.0,Variable,4.6,,Clear,False,False,False,False,False,False,False,False,True,False,False,False,False,Day,Day,Day,Day
A-43028,Source2,2,2016-06-21 17:05:54,2016-06-21 17:50:54,34.044228000000004,-118.167046,,,0.0,Accident on Floral Dr near McDonnell Ave.,Corporate Center Dr,Los Angeles,Los Angeles,CA,90022,US,US/Pacific,KCQT,2016-06-21 16:47:00,84.0,,43.0,29.91,10.0,Variable,4.6,,Clear,False,False,False,False,False,False,False,False,True,False,False,True,False,Day,Day,Day,Day
A-43030,Source2,2,2016-06-21 17:11:56,2016-06-21 17:56:56,33.988846,-118.353081,,,0.0,Accident on Slauson Ave near Overhill Dr.,W Slauson Ave,Los Angeles,Los Angeles,CA,90043-2718,US,US/Pacific,KHHR,2016-06-21 16:53:00,82.0,,45.0,29.93,10.0,Calm,,,Clear,False,False,False,False,False,False,False,False,False,False,False,False,False,Day,Day,Day,Day
A-43036,Source2,2,2016-06-21 17:28:10,2016-06-21 18:13:10,34.053642,-118.258003,,,0.0,Accident on CA-110 Northbound near Exit 23C-A Beaudry Ave.,CA-110 N,Los Angeles,Los Angeles,CA,90071,US,US/Pacific,KCQT,2016-06-21 17:47:00,78.1,,60.0,29.91,10.0,Variable,3.5,,Clear,False,False,False,False,True,False,False,False,False,False,False,False,False,Day,Day,Day,Day
A-43040,Source2,3,2016-06-21 17:35:37,2016-06-21 18:20:37,34.122634999999995,-118.478424,,,0.0,Slow lane blocked due to accident on I-405 Northbound near Exit 61 Skirball Center Dr.,Skirball Center Dr,Los Angeles,Los Angeles,CA,90077,US,US/Pacific,KSMO,2016-06-21 17:51:00,71.1,,75.0,29.93,10.0,SW,9.2,,Clear,False,False,False,False,True,False,False,False,False,False,False,False,False,Day,Day,Day,Day
A-43041,Source2,2,2016-06-21 17:37:22,2016-06-21 18:22:22,34.062588,-118.248718,,,0.0,Accident on CA-110 Southbound near Exit 24A US-101.,CA-110 N,Los Angeles,Los Angeles,CA,90012,US,US/Pacific,KCQT,2016-06-21 17:47:00,78.1,,60.0,29.91,10.0,Variable,3.5,,Clear,False,False,False,False,False,False,False,False,False,False,False,False,False,Day,Day,Day,Day
A-43045,Source2,3,2016-06-21 17:42:13,2016-06-21 18:27:13,34.031662,-118.426659,,,0.0,Right hand shoulder blocked due to accident on I-10 Eastbound near Exits 3A 3B I-405.,I-10 E,Los Angeles,Los Angeles,CA,90064,US,US/Pacific,KSMO,2016-06-21 17:51:00,71.1,,75.0,29.93,10.0,SW,9.2,,Clear,False,False,False,False,False,False,False,False,False,False,False,False,False,Day,Day,Day,Day
A-43047,Source2,3,2016-06-21 17:41:06,2016-06-21 18:26:06,34.049640999999994,-118.214172,,,0.0,Right hand shoulder blocked due to accident on I-5 I-10 Northbound near Exit 135B Cesar E Chavez Ave.,Golden State Fwy S,Los Angeles,Los Angeles,CA,90033,US,US/Pacific,KCQT,2016-06-21 17:47:00,78.1,,60.0,29.91,10.0,Variable,3.5,,Clear,False,False,False,False,False,False,False,False,False,False,False,False,False,Day,Day,Day,Day
A-43050,Source2,3,2016-06-21 17:57:50,2016-06-21 18:42:50,33.975151000000004,-118.383858,,,0.0,Two lanes blocked due to accident on I-405 Northbound near Exits 49 49B Sepulveda Blvd.,I-405 N,Los Angeles,Los Angeles,CA,90045,US,US/Pacific,KLAX,2016-06-21 17:53:00,71.1,,75.0,29.93,8.0,WSW,12.7,,Scattered Clouds,False,False,False,False,False,False,False,False,False,False,False,False,False,Day,Day,Day,Day
A-43054,Source2,3,2016-06-21 18:21:44,2016-06-21 19:06:44,34.047024,-118.446587,,,0.0,Accident on I-405 Southbound near Exit 55A Cotner Ave.,I-405 N,Los Angeles,Los Angeles,CA,90025,US,US/Pacific,KSMO,2016-06-21 17:51:00,71.1,,75.0,29.93,10.0,SW,9.2,,Clear,False,False,False,False,False,False,False,False,False,False,False,False,False,Day,Day,Day,Day
A-43056,Source2,3,2016-06-21 18:20:43,2016-06-21 19:05:43,34.003772999999995,-118.281029,,,0.0,Accident on I-110 Northbound near Exits 19 19B Flower St.,Harbor Fwy N,Los Angeles,Los Angeles,CA,90037,US,US/Pacific,KCQT,2016-06-21 18:47:00,75.9,,64.0,29.93,10.0,West,5.8,,Clear,False,False,False,False,False,False,False,False,False,False,False,False,False,Day,Day,Day,Day
A-43057,Source2,2,2016-06-21 18:19:45,2016-06-21 19:19:45,33.960148,-118.244179,,,0.0,Accident on Maie Ave near CA-42 Firestone Blvd.,Firestone Blvd,Los Angeles,Los Angeles,CA,90002,US,US/Pacific,KHHR,2016-06-21 17:53:00,75.0,,64.0,29.93,10.0,West,8.1,,Clear,False,False,True,False,False,False,False,False,False,False,False,True,False,Day,Day,Day,Day
A-43062,Source2,3,2016-06-21 18:26:47,2016-06-21 19:11:47,34.000633,-118.174973,,,0.0,Right hand shoulder blocked due to accident on I-710 Southbound near Exits 17A 17B Atlantic Blvd.,Long Beach Fwy S,Los Angeles,Los Angeles,CA,90058,US,US/Pacific,KCQT,2016-06-21 18:47:00,75.9,,64.0,29.93,10.0,West,5.8,,Clear,False,False,False,False,True,False,False,False,False,False,False,False,False,Day,Day,Day,Day
A-43069,Source2,3,2016-06-21 18:30:29,2016-06-21 19:15:29,34.018448,-118.280075,,,0.0,Right hand shoulder blocked due to accident on I-110 Southbound near Exit 20B Exposition Blvd.,I-110 S,Los Angeles,Los Angeles,CA,90007,US,US/Pacific,KCQT,2016-06-21 18:47:00,75.9,,64.0,29.93,10.0,West,5.8,,Clear,False,False,False,False,False,False,False,False,False,False,False,False,False,Day,Day,Day,Day
A-43076,Source2,2,2016-06-21 18:43:43,2016-06-21 19:28:43,33.930962,-118.293098,,,0.0,Accident on Imperial Hwy near New Hampshire Ave.,W Imperial Hwy,Los Angeles,Los Angeles,CA,90044-1314,US,US/Pacific,KHHR,2016-06-21 18:53:00,71.1,,73.0,29.94,10.0,West,6.9,,Partly Cloudy,False,False,False,False,False,False,False,False,False,False,False,False,False,Day,Day,Day,Day
A-43086,Source2,2,2016-06-21 19:27:07,2016-06-21 20:12:07,33.929466,-118.25428,,,0.0,Accident on CA-90 Imperial Hwy near Central Ave.,E Imperial Hwy,Los Angeles,Los Angeles,CA,90059,US,US/Pacific,KHHR,2016-06-21 19:53:00,71.1,,73.0,29.94,10.0,WNW,4.6,,Clear,False,False,False,False,False,False,False,False,False,False,False,True,False,Day,Day,Day,Day
A-43089,Source2,3,2016-06-21 19:23:24,2016-06-21 20:08:24,34.018963,-118.178658,,,0.0,Right hand shoulder blocked due to accident on I-5 Southbound near Exit 131A Telegraph Rd.,E Olympic Blvd,Los Angeles,Los Angeles,CA,90023,US,US/Pacific,KCQT,2016-06-21 19:47:00,73.0,,71.0,29.93,10.0,West,4.6,,Clear,False,False,False,False,False,False,False,False,False,False,False,False,False,Day,Day,Day,Day
A-43092,Source2,3,2016-06-21 19:42:39,2016-06-21 20:27:39,34.037037,-118.377533,,,0.0,Right hand shoulder blocked due to accident on I-10 Eastbound near Exit 7A La Cienega Blvd.,S La Cienega Blvd,Los Angeles,Los Angeles,CA,90034,US,US/Pacific,KSMO,2016-06-21 19:51:00,68.0,,84.0,29.95,8.0,SW,4.6,,Partly Cloudy,False,False,False,False,True,False,False,False,False,False,False,True,False,Day,Day,Day,Day
A-43096,Source2,3,2016-06-21 19:43:41,2016-06-21 20:28:41,34.01593,-118.173027,,,0.0,Right hand shoulder blocked due to accident on I-710 Southbound near Exits 18A 18B I-5.,Long Beach Fwy S,Los Angeles,Los Angeles,CA,90040,US,US/Pacific,KCQT,2016-06-21 19:47:00,73.0,,71.0,29.93,10.0,West,4.6,,Clear,False,False,False,False,False,False,False,False,False,False,False,False,False,Day,Day,Day,Day
A-43104,Source2,3,2016-06-21 19:57:52,2016-06-21 20:42:52,34.020927,-118.195328,,,0.0,Right hand shoulder blocked due to accident on I-5 Southbound near Exits 132 132A Calzona St.,Santa Ana Fwy S,Los Angeles,Los Angeles,CA,90023,US,US/Pacific,KCQT,2016-06-21 19:47:00,73.0,,71.0,29.93,10.0,West,4.6,,Clear,False,False,False,False,False,False,False,False,False,False,False,False,False,Day,Day,Day,Day
A-43110,Source2,3,2016-06-21 20:05:11,2016-06-21 20:50:11,33.960133,-118.280518,,,0.0,Accident on I-110 Southbound near Exit 16 CA-42 Manchester Ave. On the median.,W Manchester Ave,Los Angeles,Los Angeles,CA,90003,US,US/Pacific,KHHR,2016-06-21 19:53:00,71.1,,73.0,29.94,10.0,WNW,4.6,,Clear,False,False,True,False,False,False,False,False,True,True,False,False,False,Day,Day,Day,Day
A-43111,Source2,2,2016-06-21 20:06:48,2016-06-21 20:51:48,33.923763,-118.246277,,,0.0,Accident on Compton Ave near 120th St.,Compton Ave,Los Angeles,Los Angeles,CA,90059-2933,US,US/Pacific,KHHR,2016-06-21 19:53:00,71.1,,73.0,29.94,10.0,WNW,4.6,,Clear,False,False,False,False,False,False,False,False,False,False,False,True,False,Day,Day,Day,Day
A-43132,Source2,2,2016-06-21 20:43:20,2016-06-21 21:28:20,33.97393,-118.24987,,,0.0,Accident on 73rd St near Parmelee Ave.,Parmelee Ave,Los Angeles,Los Angeles,CA,90001-3052,US,US/Pacific,KCQT,2016-06-21 20:47:00,72.0,,73.0,29.94,10.0,Calm,,,Clear,False,False,False,False,False,False,False,False,False,False,False,False,False,Night,Night,Day,Day
A-43141,Source2,3,2016-06-21 20:55:55,2016-06-21 21:40:55,34.034599,-118.437279,,,0.0,Right hand shoulder blocked due to accident on I-405 Northbound near Exits 53 53A 53B I-10.,Exposition Blvd,Los Angeles,Los Angeles,CA,90064,US,US/Pacific,KSMO,2016-06-21 20:51:00,68.0,,84.0,29.95,9.0,SW,3.5,,Clear,False,False,False,False,False,False,False,False,False,False,False,False,False,Night,Night,Day,Day
A-43142,Source2,3,2016-06-21 20:57:18,2016-06-21 21:42:18,33.996494,-118.280632,,,0.0,Right hand shoulder blocked due to accident on I-110 Southbound near Exit 19A Grand Ave.,W 51st St,Los Angeles,Los Angeles,CA,90037,US,US/Pacific,KCQT,2016-06-21 20:47:00,72.0,,73.0,29.94,10.0,Calm,,,Clear,False,False,False,False,False,False,False,False,False,False,False,False,False,Night,Night,Day,Day
A-43143,Source2,2,2016-06-21 20:56:20,2016-06-21 21:41:20,34.051617,-118.260567,,,0.0,Right hand shoulder blocked due to accident on CA-110 Southbound near Exit 23C-A Beaudry Ave.,CA-110 S,Los Angeles,Los Angeles,CA,90017,US,US/Pacific,KCQT,2016-06-21 20:47:00,72.0,,73.0,29.94,10.0,Calm,,,Clear,False,False,False,False,False,False,False,False,False,False,False,False,False,Night,Night,Day,Day
A-43144,Source2,2,2016-06-21 20:59:56,2016-06-21 21:44:56,34.14732,-118.227646,,,0.0,Accident on CA-134 Westbound near Exits 9A 9B CA-2.,CA-134 W,Los Angeles,Los Angeles,CA,90041,US,US/Pacific,KCQT,2016-06-21 20:47:00,72.0,,73.0,29.94,10.0,Calm,,,Clear,False,False,False,False,False,False,False,False,False,False,False,False,False,Night,Night,Day,Day
A-43148,Source2,3,2016-06-21 21:06:23,2016-06-21 21:51:23,34.082169,-118.224617,,,0.0,Accident on I-5 Northbound at Exit 137A CA-110.,N Figueroa St,Los Angeles,Los Angeles,CA,90065,US,US/Pacific,KCQT,2016-06-21 20:47:00,72.0,,73.0,29.94,10.0,Calm,,,Clear,False,False,False,False,False,False,False,False,False,False,False,False,False,Night,Night,Day,Day
A-43154,Source2,3,2016-06-21 21:23:44,2016-06-21 22:08:44,34.038456,-118.27401,,,0.0,One lane blocked due to accident on I-110 Southbound at Exit 21 I-10.,CA-110 S,Los Angeles,Los Angeles,CA,90015,US,US/Pacific,KCQT,2016-06-21 21:47:00,71.1,,75.0,29.95,10.0,Calm,,,Clear,False,False,False,False,False,False,False,False,False,False,False,False,False,Night,Night,Night,Day
A-43157,Source2,3,2016-06-21 21:43:19,2016-06-21 22:28:19,34.077316,-118.469948,,,0.0,One lane blocked due to accident on I-405 Northbound at Exit 57B Sepulveda Blvd.,I-405 N,Los Angeles,Los Angeles,CA,90049,US,US/Pacific,KSMO,2016-06-21 21:51:00,66.9,,87.0,29.96,7.0,SW,3.5,,Clear,False,False,False,False,False,False,False,False,False,False,False,False,False,Night,Night,Night,Day
A-43162,Source2,3,2016-06-21 22:21:12,2016-06-21 22:51:12,34.031147,-118.217751,,,0.0,Accident on I-5 Northbound at Exits 134A 134B CA-60.,I-5 N,Los Angeles,Los Angeles,CA,90023,US,US/Pacific,KCQT,2016-06-21 22:47:00,70.0,,78.0,29.94,10.0,Calm,,,Clear,False,False,False,False,False,False,False,False,False,False,False,True,False,Night,Night,Night,Night
A-43166,Source2,3,2016-06-21 22:42:52,2016-06-21 23:27:52,34.072959999999995,-118.219391,,,0.0,Slow lane blocked due to accident on I-5 Southbound at Exits 136 136A 136B Avenue 21.,Golden State Fwy S,Los Angeles,Los Angeles,CA,90031,US,US/Pacific,KCQT,2016-06-21 22:47:00,70.0,,78.0,29.94,10.0,Calm,,,Clear,False,False,False,False,False,False,False,False,False,False,False,False,False,Night,Night,Night,Night
A-43170,Source2,2,2016-06-22 00:10:37,2016-06-22 00:55:37,33.934032,-118.300308,,,0.0,Accident on Normandie Ave at 111th St.,W 111th St,Los Angeles,Los Angeles,CA,90047-4924,US,US/Pacific,KHHR,2016-06-22 00:16:00,64.9,,90.0,29.94,5.0,West,6.9,,Scattered Clouds,False,False,False,False,False,False,False,False,False,True,False,False,False,Night,Night,Night,Night
A-43174,Source2,2,2016-06-22 01:28:36,2016-06-22 02:28:36,34.152190999999995,-118.282997,,,0.0,Two lanes blocked due to accident on CA-134 Eastbound at Exit 5B I-5.,CA-134 E,Los Angeles,Los Angeles,CA,90027,US,US/Pacific,KCQT,2016-06-22 01:47:00,66.0,,90.0,29.91,6.0,Calm,,,Clear,False,False,False,False,False,False,False,False,False,False,False,False,False,Night,Night,Night,Night
A-43176,Source2,3,2016-06-22 01:34:39,2016-06-22 02:34:39,34.031078,-118.433388,,,0.0,Lane blocked due to accident on I-10 Eastbound at Exits 3A 3B I-405.,I-405 N,Los Angeles,Los Angeles,CA,90064,US,US/Pacific,KSMO,2016-06-22 01:51:00,64.9,,90.0,29.92,6.0,SW,4.6,,Overcast,False,False,False,False,False,False,False,False,False,False,False,False,False,Night,Night,Night,Night
A-43182,Source2,2,2016-06-22 02:27:58,2016-06-22 03:27:58,34.128654,-118.34703799999998,,,0.0,Lane blocked due to accident on US-101 Southbound at Exits 11 11B Cahuenga Blvd.,Barham Blvd,Los Angeles,Los Angeles,CA,90068,US,US/Pacific,KBUR,2016-06-22 02:53:00,72.0,,68.0,29.88,10.0,ESE,3.5,,Clear,False,False,False,False,True,False,False,False,False,False,False,True,False,Night,Night,Night,Night
A-43183,Source2,3,2016-06-22 02:24:42,2016-06-22 03:24:42,34.037216,-118.284004,,,0.0,Two lanes blocked due to accident and vehicles spun around on I-10 Westbound at Exit 13A 20th St.,S Hoover St,Los Angeles,Los Angeles,CA,90007,US,US/Pacific,KCQT,2016-06-22 02:47:00,64.9,,93.0,29.91,4.0,Calm,,,Clear,False,False,False,False,False,False,False,False,False,False,False,False,False,Night,Night,Night,Night
A-43184,Source2,3,2016-06-22 02:04:59,2016-06-22 03:04:59,34.018448,-118.280075,,,0.0,Lane blocked due to accident on I-110 Southbound at Exit 20B Exposition Blvd.,I-110 S,Los Angeles,Los Angeles,CA,90007,US,US/Pacific,KCQT,2016-06-22 01:47:00,66.0,,90.0,29.91,6.0,Calm,,,Clear,False,False,False,False,False,False,False,False,False,False,False,False,False,Night,Night,Night,Night
A-43185,Source2,3,2016-06-22 02:22:11,2016-06-22 03:22:11,34.14043,-118.277199,,,0.0,Lane blocked due to accident and vehicles spun around on I-5 Southbound at Exit 142 Colorado Street Freeway Ext.,I-5 N,Los Angeles,Los Angeles,CA,90027,US,US/Pacific,KCQT,2016-06-22 02:47:00,64.9,,93.0,29.91,4.0,Calm,,,Clear,False,False,False,False,False,False,False,False,False,False,False,False,False,Night,Night,Night,Night
A-43190,Source2,3,2016-06-22 04:55:27,2016-06-22 05:55:27,34.056419,-118.214287,,,0.0,Slow lane blocked due to accident on I-5 I-10 Southbound at Exit 135C San Bernardino Fwy.,Golden State Fwy S,Los Angeles,Los Angeles,CA,90033,US,US/Pacific,KCQT,2016-06-22 04:47:00,64.9,,93.0,29.91,5.0,Calm,,,Overcast,False,False,False,False,False,False,False,False,False,False,False,False,False,Night,Night,Day,Day
A-43191,Source2,3,2016-06-22 04:41:03,2016-06-22 05:41:03,34.054207,-118.20320900000002,,,0.0,Slow lane blocked and right hand shoulder blocked due to accident on I-10 Eastbound at Exit 19C San Bernardino Fwy.,I-10 E,Los Angeles,Los Angeles,CA,90033,US,US/Pacific,KCQT,2016-06-22 04:47:00,64.9,,93.0,29.91,5.0,Calm,,,Overcast,False,False,False,False,False,False,False,False,False,False,False,False,False,Night,Night,Day,Day
A-43195,Source2,2,2016-06-22 06:10:45,2016-06-22 07:02:00,33.946922,-118.295914,,,0.0,Accident on Budlong Ave both ways around 98th St.,W 98th St,Los Angeles,Los Angeles,CA,90044-3213,US,US/Pacific,KHHR,2016-06-22 05:53:00,64.0,,90.0,29.94,5.0,South,3.5,,Overcast,False,False,False,False,False,False,False,False,False,False,False,False,False,Day,Day,Day,Day
A-43196,Source2,2,2016-06-22 06:09:16,2016-06-22 06:51:00,34.031418,-118.150566,,,0.0,Accident on Via San Delarro St both ways at Hillview Ave.,Via San Delarro St,Los Angeles,Los Angeles,CA,90022-2112,US,US/Pacific,KCQT,2016-06-22 06:02:00,64.9,,93.0,29.93,4.0,Calm,,,Overcast,False,False,False,False,False,False,False,False,False,True,False,False,False,Day,Day,Day,Day
A-43198,Source2,2,2016-06-22 07:01:11,2016-06-22 07:41:00,34.026897,-118.165443,,,0.0,Accident on 6th St both ways at Arizona Ave.,S Arizona Ave,Los Angeles,Los Angeles,CA,90022-1809,US,US/Pacific,KCQT,2016-06-22 06:47:00,64.9,,90.0,29.93,3.0,Calm,,,Overcast,False,False,False,False,False,False,False,False,True,False,False,True,False,Day,Day,Day,Day
A-43202,Source2,3,2016-06-22 07:48:21,2016-06-22 08:18:21,33.989155,-118.280807,,,0.0,Lane blocked on exit ramp due to accident on I-110 Southbound at Exit 18B Slauson Ave.,I-110 S,Los Angeles,Los Angeles,CA,90003,US,US/Pacific,KHHR,2016-06-22 07:53:00,66.0,,84.0,29.96,4.0,SSE,3.5,,Haze,False,False,False,False,False,False,False,False,False,False,False,False,False,Day,Day,Day,Day
A-43206,Source2,2,2016-06-22 08:39:13,2016-06-22 09:37:00,34.113476,-118.176201,,,0.0,#3 lane blocked and right hand shoulder blocked due to accident on CA-110 Northbound at Exit 30 Bridewell St. Oil on road.,Pasadena Fwy S,Los Angeles,Los Angeles,CA,90042,US,US/Pacific,KCQT,2016-06-22 08:47:00,73.0,,71.0,29.95,4.0,Calm,,,Haze,False,False,False,False,True,False,False,False,False,False,False,False,False,Day,Day,Day,Day
A-43207,Source2,2,2016-06-22 08:36:20,2016-06-22 09:18:00,34.03038,-118.148857,,,0.0,Accident on Via San Delarro St both ways between Hillview Ave and Margaret Ave.,Via San Delarro St,Los Angeles,Los Angeles,CA,90022-2114,US,US/Pacific,KCQT,2016-06-22 08:47:00,73.0,,71.0,29.95,4.0,Calm,,,Haze,False,False,False,False,False,False,False,False,False,True,False,False,False,Day,Day,Day,Day
A-43214,Source2,3,2016-06-22 09:28:25,2016-06-22 10:12:00,34.028667,-118.229248,,,0.0,Right hand shoulder blocked due to accident on I-10 Westbound before Exits 16A 16B CA-60.,I-10 W,Los Angeles,Los Angeles,CA,90021,US,US/Pacific,KCQT,2016-06-22 09:47:00,75.0,,62.0,29.94,5.0,Calm,,,Haze,False,False,False,False,True,False,False,False,False,False,False,False,False,Day,Day,Day,Day
A-43219,Source2,3,2016-06-22 10:01:15,2016-06-22 10:40:00,33.92889,-118.291588,,,0.0,Left hand shoulder blocked due to accident on I-105 Westbound before Exit 7A Vermont Ave.,I-105 W,Los Angeles,Los Angeles,CA,90044,US,US/Pacific,KHHR,2016-06-22 09:53:00,73.0,,61.0,29.95,8.0,Calm,,,Clear,False,False,False,False,False,False,True,False,True,False,False,False,False,Day,Day,Day,Day
A-43220,Source2,3,2016-06-22 10:00:55,2016-06-22 10:42:00,34.050564,-118.214096,,,0.0,Accident on I-5 I-10 Southbound at Exit 135C San Bernardino Fwy.,Golden State Fwy S,Los Angeles,Los Angeles,CA,90033,US,US/Pacific,KCQT,2016-06-22 09:47:00,75.0,,62.0,29.94,5.0,Calm,,,Haze,False,False,False,False,False,False,False,False,False,False,False,False,False,Day,Day,Day,Day
A-43238,Source2,3,2016-06-22 10:44:22,2016-06-22 11:29:22,34.027187,-118.209587,,,0.0,Right hand shoulder blocked due to accident on I-5 Northbound at Exits 134A 134B CA-60.,I-5 N,Los Angeles,Los Angeles,CA,90023,US,US/Pacific,KCQT,2016-06-22 10:47:00,80.1,,50.0,29.93,9.0,Calm,,,Clear,False,False,False,False,True,False,False,False,False,False,False,False,False,Day,Day,Day,Day
A-43243,Source2,3,2016-06-22 10:58:17,2016-06-22 11:43:17,34.096596000000005,-118.476944,,,0.0,Accident now on the shoulder on I-405 Northbound before Exit 59 Sepulveda Blvd.,I-405 N,Los Angeles,Los Angeles,CA,90049,US,US/Pacific,KSMO,2016-06-22 10:51:00,71.1,,70.0,29.96,7.0,SW,6.9,,Clear,False,False,False,False,False,False,False,False,False,False,False,False,False,Day,Day,Day,Day
A-43258,Source2,2,2016-06-22 11:19:28,2016-06-22 11:49:28,33.906406,-118.265312,,,0.0,Accident on 138th St near Avalon Blvd.,Avalon Blvd,Los Angeles,Los Angeles,CA,90061-2609,US,US/Pacific,KHHR,2016-06-22 10:53:00,75.0,,62.0,29.95,8.0,Variable,3.5,,Clear,False,False,False,False,False,False,False,False,False,False,False,False,False,Day,Day,Day,Day
A-43271,Source2,3,2016-06-22 11:47:28,2016-06-22 12:29:00,33.928825,-118.29126,,,0.0,Right hand shoulder blocked due to accident on I-105 Westbound after Exit 7A Vermont Ave.,I-105 W,Los Angeles,Los Angeles,CA,90044,US,US/Pacific,KHHR,2016-06-22 11:53:00,75.9,,58.0,29.95,10.0,WSW,8.1,,Clear,False,False,False,False,False,False,True,False,True,False,False,False,False,Day,Day,Day,Day
A-43272,Source2,3,2016-06-22 11:45:09,2016-06-22 12:20:00,33.928940000000004,-118.280708,,,0.0,Right hand shoulder blocked due to accident on I-105 Westbound at Exits 7A 7B I-110.,I-105 W,Los Angeles,Los Angeles,CA,90061,US,US/Pacific,KHHR,2016-06-22 11:53:00,75.9,,58.0,29.95,10.0,WSW,8.1,,Clear,False,False,False,False,False,False,False,False,False,False,False,False,False,Day,Day,Day,Day
A-43273,Source2,2,2016-06-22 11:48:32,2016-06-22 12:26:00,34.04797,-118.266563,,,0.0,Left hand shoulder blocked due to accident on CA-110 Southbound at Exit 22B James M Wood Blvd.,CA-110 S,Los Angeles,Los Angeles,CA,90017,US,US/Pacific,KCQT,2016-06-22 11:47:00,82.9,,47.0,29.92,9.0,Variable,3.5,,Clear,False,False,False,False,False,False,False,False,False,False,False,False,False,Day,Day,Day,Day
A-43274,Source2,2,2016-06-22 11:41:24,2016-06-22 12:11:24,34.033283000000004,-118.181114,,,0.0,Right hand shoulder blocked due to accident on CA-60 Westbound at Exit 3A Gage Ave.,E 3rd St,Los Angeles,Los Angeles,CA,90063,US,US/Pacific,KCQT,2016-06-22 11:47:00,82.9,,47.0,29.92,9.0,Variable,3.5,,Clear,False,False,False,False,False,False,False,False,False,False,False,False,False,Day,Day,Day,Day
A-43294,Source2,3,2016-06-22 12:41:57,2016-06-22 13:24:00,34.028313,-118.449326,,,0.0,Right hand shoulder blocked due to accident on I-10 Westbound at Exits 2B 2C Bundy Dr.,I-10 W,Los Angeles,Los Angeles,CA,90064,US,US/Pacific,KSMO,2016-06-22 12:51:00,73.0,,66.0,29.95,8.0,SW,8.1,,Clear,False,False,False,False,False,False,False,False,False,False,False,False,False,Day,Day,Day,Day
A-43297,Source2,3,2016-06-22 12:58:39,2016-06-22 13:39:00,34.011074,-118.280754,,,0.0,Accident on I-110 Northbound at Exit 20A Martin Luther King Jr Blvd.,Harbor Fwy N,Los Angeles,Los Angeles,CA,90037,US,US/Pacific,KCQT,2016-06-22 12:47:00,81.0,,52.0,29.92,8.0,Variable,3.5,,Clear,False,False,False,False,False,False,False,False,False,False,False,False,False,Day,Day,Day,Day
A-43303,Source2,2,2016-06-22 13:15:05,2016-06-22 14:15:05,34.107834000000004,-118.33078,,,0.0,Right hand shoulder blocked due to accident on US-101 Southbound near Exits 9A 9B Cahuenga Blvd.,US-101 S,Los Angeles,Los Angeles,CA,90068,US,US/Pacific,KBUR,2016-06-22 12:53:00,87.1,,27.0,29.93,10.0,South,11.5,,Clear,False,False,False,False,True,False,False,False,False,True,False,False,False,Day,Day,Day,Day
A-43306,Source2,3,2016-06-22 13:28:16,2016-06-22 14:28:16,34.039093,-118.439758,,,0.0,Two lanes blocked and right hand shoulder blocked due to accident on I-405 Southbound near Exit 54 Sawtelle Blvd.,I-405 N,Los Angeles,Los Angeles,CA,90064,US,US/Pacific,KSMO,2016-06-22 13:51:00,73.9,,64.0,29.94,10.0,WSW,9.2,,Clear,False,False,False,False,False,False,False,False,False,False,False,False,False,Day,Day,Day,Day
A-43307,Source2,3,2016-06-22 13:29:41,2016-06-22 14:14:41,34.025005,-118.428619,,,0.0,Right hand shoulder blocked due to accident on I-405 Southbound near Exits 53 53A 53B I-10.,San Diego Fwy N,Los Angeles,Los Angeles,CA,90034,US,US/Pacific,KSMO,2016-06-22 13:51:00,73.9,,64.0,29.94,10.0,WSW,9.2,,Clear,False,False,False,False,False,False,False,False,False,False,False,False,False,Day,Day,Day,Day
A-43314,Source2,3,2016-06-22 13:52:33,2016-06-22 14:37:33,34.039093,-118.439758,,,0.0,Accident on I-405 Southbound near Exit 54 Sawtelle Blvd.,I-405 N,Los Angeles,Los Angeles,CA,90064,US,US/Pacific,KSMO,2016-06-22 13:51:00,73.9,,64.0,29.94,10.0,WSW,9.2,,Clear,False,False,False,False,False,False,False,False,False,False,False,False,False,Day,Day,Day,Day
A-43316,Source2,2,2016-06-22 14:02:21,2016-06-22 15:02:21,34.098068,-118.314629,,,0.0,Accident on US-101 Northbound before Exit 8A Sunset Blvd. On the median.,Hollywood Fwy S,Los Angeles,Los Angeles,CA,90028,US,US/Pacific,KCQT,2016-06-22 13:47:00,80.1,,52.0,29.92,10.0,Variable,3.5,,Clear,False,False,False,False,False,False,False,False,False,False,False,False,False,Day,Day,Day,Day
A-43328,Source2,3,2016-06-22 14:45:31,2016-06-22 15:45:31,34.039093,-118.439758,,,0.0,Right hand shoulder blocked due to accident on I-405 Southbound near Exit 54 Sawtelle Blvd.,I-405 N,Los Angeles,Los Angeles,CA,90064,US,US/Pacific,KSMO,2016-06-22 14:51:00,73.0,,66.0,29.93,10.0,SW,11.5,,Clear,False,False,False,False,False,False,False,False,False,False,False,False,False,Day,Day,Day,Day
A-43337,Source2,2,2016-06-22 15:08:20,2016-06-22 16:08:20,33.929668,-118.225639,,,0.0,Accident on Alameda St near CA-90 Imperial Hwy.,S Alameda St,Los Angeles,Los Angeles,CA,90059,US,US/Pacific,KHHR,2016-06-22 14:53:00,78.1,,54.0,29.93,10.0,WSW,11.5,,Clear,False,False,False,False,False,False,False,False,False,False,False,True,False,Day,Day,Day,Day
A-43351,Source2,3,2016-06-22 16:01:28,2016-06-22 17:01:28,33.978611,-118.127716,,,0.0,Right hand shoulder blocked due to accident on I-5 Southbound near Exit 126B Gage Ave.,Santa Ana Fwy S,Los Angeles,Los Angeles,CA,90040,US,US/Pacific,KCQT,2016-06-22 15:47:00,80.1,,50.0,29.9,10.0,Variable,3.5,,Clear,False,False,False,False,False,False,False,False,False,False,False,False,False,Day,Day,Day,Day
A-43356,Source2,3,2016-06-22 16:12:16,2016-06-22 17:12:16,34.036465,-118.220535,,,0.0,One lane blocked due to accident on I-5 I-10 Southbound near Exits 134A 134B 134C US-101.,Whittier Blvd,Los Angeles,Los Angeles,CA,90023-1250,US,US/Pacific,KCQT,2016-06-22 15:47:00,80.1,,50.0,29.9,10.0,Variable,3.5,,Clear,False,False,True,False,False,False,False,False,False,False,False,False,False,Day,Day,Day,Day
A-43363,Source2,3,2016-06-22 17:00:45,2016-06-22 18:00:45,33.947437,-118.279312,,,0.0,Right hand shoulder blocked due to accident on I-110 Northbound near Exit 15 Century Blvd.,Harbor Fwy N,Los Angeles,Los Angeles,CA,90003,US,US/Pacific,KHHR,2016-06-22 16:53:00,73.9,,64.0,29.92,10.0,West,11.5,,Clear,False,False,False,False,False,False,False,False,False,False,False,True,False,Day,Day,Day,Day
A-43369,Source2,2,2016-06-22 17:05:02,2016-06-22 18:05:02,34.020367,-118.166275,,,0.0,Accident on Kern Ave near Verona St.,S Kern Ave,Los Angeles,Los Angeles,CA,90022-3014,US,US/Pacific,KCQT,2016-06-22 16:47:00,77.0,,58.0,29.9,10.0,Variable,3.5,,Clear,False,False,False,False,False,False,False,False,False,True,False,False,False,Day,Day,Day,Day
A-43374,Source2,3,2016-06-22 17:15:58,2016-06-22 18:15:58,34.037754,-118.281456,,,0.0,Accident on I-10 Westbound near Exit 13A 20th St.,I-10 W,Los Angeles,Los Angeles,CA,90015,US,US/Pacific,KCQT,2016-06-22 16:47:00,77.0,,58.0,29.9,10.0,Variable,3.5,,Clear,False,False,False,False,False,False,False,False,False,False,False,False,False,Day,Day,Day,Day
A-43375,Source2,2,2016-06-22 17:22:38,2016-06-22 18:22:38,34.054077,-118.237862,,,0.0,Accident on US-101 Northbound near Exit 2C Alameda St.,N Alameda St,Los Angeles,Los Angeles,CA,90012,US,US/Pacific,KCQT,2016-06-22 17:47:00,75.9,,60.0,29.9,10.0,West,5.8,,Clear,False,False,True,False,False,False,False,False,False,False,False,False,False,Day,Day,Day,Day
A-43380,Source2,2,2016-06-22 17:32:03,2016-06-22 18:32:03,34.039997,-118.291573,,,0.0,Accident on Washington Blvd near Vermont Ave.,W Washington Blvd,Los Angeles,Los Angeles,CA,90007-1259,US,US/Pacific,KCQT,2016-06-22 17:47:00,75.9,,60.0,29.9,10.0,West,5.8,,Clear,False,False,True,False,False,False,False,False,False,False,False,True,False,Day,Day,Day,Day
A-43381,Source2,2,2016-06-22 17:26:49,2016-06-22 18:26:49,34.052734,-118.226585,,,0.0,Right hand shoulder blocked due to accident on US-101 Southbound near Exits 1C 1D 1E San Bernardino Fwy.,N Mission Rd,Los Angeles,Los Angeles,CA,90033,US,US/Pacific,KCQT,2016-06-22 17:47:00,75.9,,60.0,29.9,10.0,West,5.8,,Clear,False,False,False,False,False,False,False,False,False,False,False,True,False,Day,Day,Day,Day
A-43386,Source2,2,2016-06-22 17:40:17,2016-06-22 18:40:17,34.054077,-118.237862,,,0.0,Accident on US-101 Northbound near Exit 2C Alameda St.,N Alameda St,Los Angeles,Los Angeles,CA,90012,US,US/Pacific,KCQT,2016-06-22 17:47:00,75.9,,60.0,29.9,10.0,West,5.8,,Clear,False,False,True,False,False,False,False,False,False,False,False,False,False,Day,Day,Day,Day
A-43387,Source2,3,2016-06-22 17:38:01,2016-06-22 18:38:01,34.03553400000001,-118.169891,,,0.0,Right hand shoulder blocked due to accident on I-710 Southbound near Exits 20A 20B 20C CA-60. On the median.,Pomona Fwy E,Los Angeles,Los Angeles,CA,90022,US,US/Pacific,KCQT,2016-06-22 17:47:00,75.9,,60.0,29.9,10.0,West,5.8,,Clear,False,False,False,False,False,False,False,False,False,False,False,False,False,Day,Day,Day,Day
A-43391,Source2,3,2016-06-22 18:00:06,2016-06-22 19:00:06,34.025478,-118.205711,,,0.0,Left hand shoulder blocked due to accident on I-5 Northbound near Exit 133 US-101.,US-101 N,Los Angeles,Los Angeles,CA,90023,US,US/Pacific,KCQT,2016-06-22 17:47:00,75.9,,60.0,29.9,10.0,West,5.8,,Clear,False,False,False,False,False,False,False,False,False,False,False,False,False,Day,Day,Day,Day
A-43401,Source2,2,2016-06-22 18:39:43,2016-06-22 19:39:43,34.074913,-118.273315,,,0.0,Right hand shoulder blocked due to accident on US-101 Northbound near Exit 5A London St.,CA-2 W,Los Angeles,Los Angeles,CA,90026,US,US/Pacific,KCQT,2016-06-22 18:47:00,72.0,,68.0,29.91,10.0,Variable,4.6,,Clear,False,False,False,False,False,False,False,False,False,False,False,True,False,Day,Day,Day,Day
A-43405,Source2,2,2016-06-22 18:46:19,2016-06-22 19:46:19,33.91333,-118.282715,,,0.0,Accident on Figueroa St near 131st St.,S Figueroa St,Los Angeles,Los Angeles,CA,90061-1145,US,US/Pacific,KHHR,2016-06-22 18:53:00,70.0,,73.0,29.92,10.0,West,10.4,,Partly Cloudy,False,False,False,False,False,False,False,False,False,False,False,False,False,Day,Day,Day,Day
A-43414,Source2,2,2016-06-22 19:25:18,2016-06-22 20:10:18,34.045914,-118.176445,,,0.0,Accident on Blanchard St near Gifford Ave.,Gifford Ave,Los Angeles,Los Angeles,CA,90063-1314,US,US/Pacific,KCQT,2016-06-22 19:47:00,68.0,,78.0,29.91,10.0,Variable,3.5,,Clear,False,False,False,False,False,False,False,False,False,False,False,False,False,Day,Day,Day,Day
A-43415,Source2,2,2016-06-22 19:32:43,2016-06-22 20:32:43,34.033134000000004,-118.145157,,,0.0,Shoulder blocked on exit ramp due to accident on CA-60 Eastbound near Exits 4 6A Atlantic Blvd.,Pomona Fwy E,Los Angeles,Los Angeles,CA,90022,US,US/Pacific,KCQT,2016-06-22 19:47:00,68.0,,78.0,29.91,10.0,Variable,3.5,,Clear,False,False,False,False,True,False,False,False,False,False,False,False,False,Day,Day,Day,Day
A-43418,Source2,2,2016-06-22 19:42:16,2016-06-22 20:42:16,34.155415000000005,-118.289116,,,0.0,Two lanes blocked due to accident on CA-134 Westbound near Exit 5B I-5.,CA-134 W,Los Angeles,Los Angeles,CA,90027,US,US/Pacific,KCQT,2016-06-22 19:47:00,68.0,,78.0,29.91,10.0,Variable,3.5,,Clear,False,False,False,False,False,False,False,False,False,False,False,False,False,Day,Day,Day,Day
A-43419,Source2,2,2016-06-22 19:36:52,2016-06-22 20:36:52,34.054077,-118.237862,,,0.0,Right hand shoulder blocked and middle lane blocked due to accident on US-101 Southbound near Exit 2C Alameda St.,N Alameda St,Los Angeles,Los Angeles,CA,90012,US,US/Pacific,KCQT,2016-06-22 19:47:00,68.0,,78.0,29.91,10.0,Variable,3.5,,Clear,False,False,True,False,False,False,False,False,False,False,False,False,False,Day,Day,Day,Day
A-43420,Source2,3,2016-06-22 19:39:47,2016-06-22 20:39:47,34.018963,-118.178658,,,0.0,Right hand shoulder blocked due to accident on I-5 Southbound near Exit 131A Telegraph Rd.,E Olympic Blvd,Los Angeles,Los Angeles,CA,90023,US,US/Pacific,KCQT,2016-06-22 19:47:00,68.0,,78.0,29.91,10.0,Variable,3.5,,Clear,False,False,False,False,False,False,False,False,False,False,False,False,False,Day,Day,Day,Day
A-43427,Source2,2,2016-06-22 20:11:55,2016-06-22 20:56:55,34.0312,-118.16298700000002,,,0.0,Accident on Kern Ave near 4th St.,E 4th St,Los Angeles,Los Angeles,CA,90022-1846,US,US/Pacific,KCQT,2016-06-22 19:47:00,68.0,,78.0,29.91,10.0,Variable,3.5,,Clear,False,False,False,False,False,False,False,False,False,False,False,False,False,Night,Day,Day,Day
A-43435,Source2,2,2016-06-22 20:21:23,2016-06-22 21:06:23,33.95092,-118.296562,,,0.0,Accident on 94th St in Inglewood.,W 94th St,Los Angeles,Los Angeles,CA,90044-1916,US,US/Pacific,KHHR,2016-06-22 20:23:00,66.9,,79.0,29.93,10.0,West,6.9,,Mostly Cloudy,False,False,False,False,False,False,False,False,False,False,False,False,False,Night,Day,Day,Day
A-43436,Source2,2,2016-06-22 20:08:23,2016-06-22 21:08:23,34.056828,-118.207832,,,0.0,Accident on Marengo St Westbound at Cummings St.,Marengo St,Los Angeles,Los Angeles,CA,90033-1370,US,US/Pacific,KCQT,2016-06-22 19:47:00,68.0,,78.0,29.91,10.0,Variable,3.5,,Clear,False,False,False,False,False,False,False,False,False,False,False,False,False,Night,Day,Day,Day
A-43441,Source2,3,2016-06-22 20:31:34,2016-06-22 21:16:34,34.031322,-118.433723,,,0.0,Accident on I-405 Southbound near Exits 53 53A 53B I-10.,I-10 W,Los Angeles,Los Angeles,CA,90064,US,US/Pacific,KSMO,2016-06-22 20:51:00,63.0,,87.0,29.94,10.0,SSW,4.6,,Overcast,False,False,False,False,False,False,False,False,False,False,False,False,False,Night,Day,Day,Day
A-43442,Source2,3,2016-06-22 20:26:22,2016-06-22 21:11:22,34.030846000000004,-118.391144,,,0.0,Right hand shoulder blocked due to accident on I-10 Westbound near Exit 6 Robertson Pl.,S Robertson Blvd,Los Angeles,Los Angeles,CA,90034,US,US/Pacific,KSMO,2016-06-22 20:51:00,63.0,,87.0,29.94,10.0,SSW,4.6,,Overcast,False,False,True,False,False,False,False,False,False,False,False,False,False,Night,Day,Day,Day
A-43444,Source2,2,2016-06-22 20:33:58,2016-06-22 21:18:58,34.154366,-118.287613,,,0.0,One lane blocked due to accident on CA-134 Westbound near Exit 5B I-5.,I-5 N,Los Angeles,Los Angeles,CA,90027,US,US/Pacific,KCQT,2016-06-22 20:43:00,66.0,,81.0,29.93,10.0,Calm,,,Partly Cloudy,False,False,False,False,False,False,False,False,False,False,False,False,False,Night,Day,Day,Day
A-43448,Source2,3,2016-06-22 20:35:53,2016-06-22 21:20:53,34.029872999999995,-118.392464,,,0.0,Right hand shoulder blocked due to accident on I-10 Eastbound near Exit 6 Robertson Pl.,I-10 E,Los Angeles,Los Angeles,CA,90034,US,US/Pacific,KSMO,2016-06-22 20:51:00,63.0,,87.0,29.94,10.0,SSW,4.6,,Overcast,False,False,False,False,False,False,False,False,False,False,False,False,False,Night,Day,Day,Day
A-43449,Source2,2,2016-06-22 20:35:23,2016-06-22 21:20:23,34.152221999999995,-118.282402,,,0.0,One lane blocked due to accident on CA-134 Eastbound near Exit 5B I-5.,CA-134 E,Los Angeles,Los Angeles,CA,90027,US,US/Pacific,KCQT,2016-06-22 20:43:00,66.0,,81.0,29.93,10.0,Calm,,,Partly Cloudy,False,False,False,False,False,False,False,False,False,False,False,False,False,Night,Day,Day,Day
A-43451,Source2,3,2016-06-22 20:36:27,2016-06-22 21:21:27,34.082569,-118.225952,,,0.0,Gore point obstructed due to accident on I-5 Northbound near Exit 137A CA-110.,I-5 N,Los Angeles,Los Angeles,CA,90065,US,US/Pacific,KCQT,2016-06-22 20:43:00,66.0,,81.0,29.93,10.0,Calm,,,Partly Cloudy,False,False,False,False,False,False,False,False,False,False,False,False,False,Night,Day,Day,Day
A-43455,Source2,3,2016-06-22 20:49:33,2016-06-22 21:34:33,34.031715000000005,-118.416939,,,0.0,Right hand shoulder blocked due to accident on I-10 Eastbound after Exit 4 Overland Ave.,I-10 E,Los Angeles,Los Angeles,CA,90034,US,US/Pacific,KSMO,2016-06-22 20:51:00,63.0,,87.0,29.94,10.0,SSW,4.6,,Overcast,False,False,True,False,False,False,False,False,False,False,False,True,False,Night,Night,Day,Day
A-43457,Source2,3,2016-06-22 20:51:16,2016-06-22 21:36:16,33.928524,-118.239166,,,0.0,HOV lane blocked due to accident on I-105 Westbound near Exit 10 Wilmington Ave.,Wilmington Ave,Los Angeles,Los Angeles,CA,90059,US,US/Pacific,KHHR,2016-06-22 20:53:00,66.0,,81.0,29.93,10.0,West,5.8,,Overcast,False,False,False,False,False,False,True,False,True,False,False,False,False,Night,Night,Day,Day
A-43462,Source2,3,2016-06-22 20:51:02,2016-06-22 21:51:02,34.02935,-118.398743,,,0.0,Accident on I-10 Westbound at Exit 6 Robertson Pl.,I-10 W,Los Angeles,Los Angeles,CA,90034,US,US/Pacific,KSMO,2016-06-22 20:51:00,63.0,,87.0,29.94,10.0,SSW,4.6,,Overcast,False,False,False,False,False,False,False,False,False,False,False,False,False,Night,Night,Day,Day
A-43463,Source2,2,2016-06-22 20:59:38,2016-06-22 21:44:38,33.987759000000004,-118.373238,,,0.0,Accident on Slauson Ave near Corning Ave.,W Slauson Ave,Los Angeles,Los Angeles,CA,90056-1351,US,US/Pacific,KLAX,2016-06-22 20:53:00,64.0,,87.0,29.93,8.0,West,9.2,,Overcast,False,False,True,False,False,False,False,False,True,False,False,True,False,Night,Night,Day,Day
A-43464,Source2,2,2016-06-22 20:56:13,2016-06-22 21:41:13,34.079376,-118.291702,,,0.0,Right hand shoulder blocked due to accident on US-101 Southbound before Exit 6A Vermont Ave.,N Vermont Ave,Los Angeles,Los Angeles,CA,90004,US,US/Pacific,KCQT,2016-06-22 20:58:00,64.9,,84.0,29.93,10.0,West,3.5,,Mostly Cloudy,False,False,False,False,False,False,False,False,True,False,False,False,False,Night,Night,Day,Day
A-43467,Source2,3,2016-06-22 21:14:15,2016-06-22 21:59:15,34.088577,-118.475616,,,0.0,HOV lane blocked due to accident on Getty Center Dr Southbound in LA.,Getty Center Dr,Los Angeles,Los Angeles,CA,90049-1666,US,US/Pacific,KSMO,2016-06-22 21:11:00,63.0,,87.0,29.94,9.0,WSW,4.6,,Overcast,False,False,False,False,False,False,False,False,False,False,False,False,False,Night,Night,Night,Day
A-43468,Source2,3,2016-06-22 21:07:43,2016-06-22 21:37:43,34.024151,-118.24556,,,0.0,Accident on I-10 Westbound at Exits 14B 15A 17th St.,I-10 W,Los Angeles,Los Angeles,CA,90021,US,US/Pacific,KCQT,2016-06-22 20:58:00,64.9,,84.0,29.93,10.0,West,3.5,,Mostly Cloudy,False,False,False,False,False,False,False,False,False,False,False,False,False,Night,Night,Day,Day
A-43480,Source2,2,2016-06-22 21:46:48,2016-06-22 22:31:48,34.079376,-118.291702,,,0.0,One lane blocked due to accident on US-101 Northbound at Exit 6A Vermont Ave.,N Vermont Ave,Los Angeles,Los Angeles,CA,90004,US,US/Pacific,KCQT,2016-06-22 21:47:00,64.0,,87.0,29.93,9.0,Variable,3.5,,Overcast,False,False,False,False,False,False,False,False,True,False,False,False,False,Night,Night,Night,Day
A-43485,Source2,2,2016-06-22 22:33:47,2016-06-22 23:18:47,33.998383000000004,-118.432419,,,0.0,Accident on Washington Pl at Wasatch Ave.,Washington Pl,Los Angeles,Los Angeles,CA,90066-4809,US,US/Pacific,KSMO,2016-06-22 22:51:00,63.0,,87.0,29.96,9.0,South,3.5,,Overcast,False,False,False,False,False,False,False,False,False,False,False,False,False,Night,Night,Night,Night
A-43487,Source2,2,2016-06-22 22:40:14,2016-06-22 23:25:14,34.035187,-118.16478,,,0.0,Accident on Gleason St at Dangler Ave.,Gleason St,Los Angeles,Los Angeles,CA,90022-1643,US,US/Pacific,KCQT,2016-06-22 22:47:00,64.0,,84.0,29.94,10.0,Calm,,,Scattered Clouds,False,False,False,False,False,False,False,False,False,False,False,False,False,Night,Night,Night,Night
A-43491,Source2,2,2016-06-22 23:36:40,2016-06-23 00:21:40,34.103973,-118.190994,,,0.0,One lane blocked due to accident on CA-110 Northbound at Exit 28B Avenue 57.,Via Marisol,Los Angeles,Los Angeles,CA,90042,US,US/Pacific,KCQT,2016-06-22 23:47:00,64.0,,87.0,29.94,7.0,Calm,,,Overcast,False,False,False,False,False,False,False,False,False,True,False,False,False,Night,Night,Night,Night
A-43495,Source2,2,2016-06-23 01:51:08,2016-06-23 02:51:08,33.941792,-118.370049,,,0.0,Lane blocked due to accident on 104th St both ways at La Cienega Blvd.,W 104th St,Los Angeles,Los Angeles,CA,90045-6102,US,US/Pacific,KLAX,2016-06-23 01:53:00,64.0,,87.0,29.94,7.0,Calm,,,Overcast,False,False,True,False,False,False,False,False,False,False,False,True,False,Night,Night,Night,Night
A-43497,Source2,2,2016-06-23 01:35:18,2016-06-23 02:20:18,33.923283000000005,-118.234871,,,0.0,Accident on 120th St at Willowbrook Ave.,Willowbrook Ave,Los Angeles,Los Angeles,CA,90059-2647,US,US/Pacific,KHHR,2016-06-23 01:53:00,66.9,,79.0,29.94,10.0,Calm,,,Overcast,False,False,False,False,False,False,False,False,False,False,False,False,False,Night,Night,Night,Night
A-43498,Source2,2,2016-06-23 01:54:12,2016-06-23 02:54:12,34.056374,-118.186607,,,0.0,Lane blocked due to accident on Kurtz Ave at Whiteside St.,Whiteside St,Los Angeles,Los Angeles,CA,90063-1926,US,US/Pacific,KCQT,2016-06-23 01:47:00,66.0,,84.0,29.94,6.0,Variable,3.5,,Haze,False,False,False,False,False,False,False,False,False,False,False,False,False,Night,Night,Night,Night
A-43504,Source2,2,2016-06-23 02:29:52,2016-06-23 03:29:52,34.054878,-118.257164,,,0.0,Lane blocked due to accident on CA-110 Southbound at Exit 23C-A Beaudry Ave.,W 4th St,Los Angeles,Los Angeles,CA,90017,US,US/Pacific,KCQT,2016-06-23 02:47:00,66.0,,84.0,29.93,6.0,Calm,,,Haze,False,False,False,False,False,False,False,False,False,False,False,False,False,Night,Night,Night,Night
A-43509,Source2,2,2016-06-23 04:55:30,2016-06-23 05:40:30,34.062588,-118.248718,,,0.0,Lane blocked due to accident on CA-110 Southbound at Exit 24A US-101.,CA-110 N,Los Angeles,Los Angeles,CA,90012,US,US/Pacific,KCQT,2016-06-23 04:47:00,66.0,,84.0,29.92,7.0,Calm,,,Overcast,False,False,False,False,False,False,False,False,False,False,False,False,False,Night,Night,Day,Day
A-43524,Source2,3,2016-06-23 08:32:09,2016-06-23 09:16:00,34.035831,-118.372826,,,0.0,Accident now on the shoulder on I-10 Eastbound at Exit 7B Fairfax Ave.,I-10 E,Los Angeles,Los Angeles,CA,90034,US,US/Pacific,KSMO,2016-06-23 08:51:00,71.1,,70.0,29.97,8.0,SSW,6.9,,Mostly Cloudy,False,False,False,False,False,False,False,False,False,False,False,False,False,Day,Day,Day,Day
A-43526,Source2,3,2016-06-23 08:44:22,2016-06-23 09:19:00,34.028278,-118.22973600000002,,,0.0,#1 #2 #3 &amp; #4 lane blocked and slow traffic due to recovery work and accident on I-10 Eastbound at Exits 16A 16B CA-60.,I-10 E,Los Angeles,Los Angeles,CA,90021,US,US/Pacific,KCQT,2016-06-23 08:47:00,73.0,,66.0,29.96,9.0,Calm,,,Clear,False,False,False,False,True,False,False,False,False,False,False,False,False,Day,Day,Day,Day
A-43533,Source2,3,2016-06-23 09:38:28,2016-06-23 10:17:00,34.031689,-118.418961,,,0.0,#3 lane blocked due to accident on I-10 Eastbound at Exit 4 Overland Ave.,I-10 E,Los Angeles,Los Angeles,CA,90064,US,US/Pacific,KSMO,2016-06-23 09:51:00,73.0,,64.0,29.97,9.0,SSW,8.1,,Partly Cloudy,False,False,False,False,False,False,False,False,False,False,False,False,False,Day,Day,Day,Day
A-43534,Source2,3,2016-06-23 09:41:11,2016-06-23 10:22:00,34.034149,-118.350067,,,0.0,Slow lane blocked due to accident on I-10 Eastbound at Exit 8 La Brea Ave.,S La Brea Ave,Los Angeles,Los Angeles,CA,90016,US,US/Pacific,KSMO,2016-06-23 09:51:00,73.0,,64.0,29.97,9.0,SSW,8.1,,Partly Cloudy,False,False,False,False,True,False,False,False,False,False,False,False,False,Day,Day,Day,Day
A-43546,Source2,2,2016-06-23 10:20:04,2016-06-23 11:00:00,34.111599,-118.247078,,,0.0,Right lane blocked due to accident on CA-2 Southbound at Exits 13A 13B Fletcher Dr.,CA-2 S,Los Angeles,Los Angeles,CA,90039,US,US/Pacific,KCQT,2016-06-23 10:47:00,79.0,,54.0,29.95,10.0,Calm,,,Clear,False,False,False,False,True,False,False,False,False,False,False,False,False,Day,Day,Day,Day
A-43549,Source2,3,2016-06-23 10:21:52,2016-06-23 10:59:00,34.097256,-118.477493,,,0.0,Right hand shoulder blocked due to accident on I-405 Southbound after Exit 59 Sepulveda Blvd.,I-405 N,Los Angeles,Los Angeles,CA,90077,US,US/Pacific,KSMO,2016-06-23 09:51:00,73.0,,64.0,29.97,9.0,SSW,8.1,,Partly Cloudy,False,False,False,False,False,False,False,False,False,False,False,False,False,Day,Day,Day,Day
A-43551,Source2,3,2016-06-23 10:23:48,2016-06-23 11:08:00,33.916428,-118.285736,,,0.0,Left hand shoulder blocked due to accident on I-110 Southbound at Exit 13 El Segundo Blvd.,Harbor Fwy N,Los Angeles,Los Angeles,CA,90044,US,US/Pacific,KHHR,2016-06-23 09:53:00,72.0,,64.0,29.97,8.0,Calm,,,Clear,False,False,False,False,False,False,False,False,False,False,False,False,False,Day,Day,Day,Day
A-43565,Source2,3,2016-06-23 10:57:26,2016-06-23 11:38:00,33.987499,-118.13755,,,0.0,Accident on I-5 Northbound at Exit 128A Bandini Blvd.,Garfield Ave,Los Angeles,Los Angeles,CA,90040,US,US/Pacific,KCQT,2016-06-23 10:47:00,79.0,,54.0,29.95,10.0,Calm,,,Clear,False,False,False,False,False,False,False,False,False,False,False,False,False,Day,Day,Day,Day
A-43577,Source2,3,2016-06-23 11:25:58,2016-06-23 11:55:58,33.982372,-118.280556,,,0.0,Right hand shoulder blocked due to accident on I-110 Northbound at Exit 18A Flower St.,Harbor Fwy N,Los Angeles,Los Angeles,CA,90003,US,US/Pacific,KHHR,2016-06-23 11:25:00,73.9,,59.0,29.98,10.0,Variable,4.6,,Clear,False,False,False,False,False,False,False,False,False,False,False,False,False,Day,Day,Day,Day
A-43592,Source2,3,2016-06-23 12:29:35,2016-06-23 13:11:00,34.120468,-118.271271,,,0.0,Accident on I-5 Southbound at Exits 141 141A 141B Los Feliz Blvd.,Golden State Fwy S,Los Angeles,Los Angeles,CA,90027,US,US/Pacific,KCQT,2016-06-23 12:47:00,79.0,,54.0,29.94,10.0,Variable,3.5,,Clear,False,False,False,False,False,False,False,False,False,False,False,False,False,Day,Day,Day,Day
A-43594,Source2,2,2016-06-23 12:28:32,2016-06-23 13:14:00,34.102699,-118.197578,,,0.0,Accident on CA-110 at Exit 28A Avenue 52.,CA-110 N,Los Angeles,Los Angeles,CA,90042,US,US/Pacific,KCQT,2016-06-23 12:47:00,79.0,,54.0,29.94,10.0,Variable,3.5,,Clear,False,False,False,False,False,False,False,False,False,False,False,False,False,Day,Day,Day,Day
A-43602,Source2,3,2016-06-23 12:56:52,2016-06-23 13:30:00,34.037997999999995,-118.276451,,,0.0,#1 lane blocked due to accident on I-10 Eastbound at Exits 12 13B I-110.,I-10 E,Los Angeles,Los Angeles,CA,90015,US,US/Pacific,KCQT,2016-06-23 12:47:00,79.0,,54.0,29.94,10.0,Variable,3.5,,Clear,False,False,False,False,True,False,False,False,False,False,False,False,False,Day,Day,Day,Day
A-43605,Source2,3,2016-06-23 13:08:07,2016-06-23 14:08:07,34.037144,-118.300369,,,0.0,Accident on I-10 Eastbound near Exit 12 Normandie Ave.,I-10 W,Los Angeles,Los Angeles,CA,90007,US,US/Pacific,KCQT,2016-06-23 12:47:00,79.0,,54.0,29.94,10.0,Variable,3.5,,Clear,False,False,False,False,False,False,False,False,False,False,False,False,False,Day,Day,Day,Day
A-43609,Source2,2,2016-06-23 13:22:13,2016-06-23 14:22:13,34.098053,-118.31797,,,0.0,Accident on Sunset Blvd near Bronson Ave.,N Bronson Ave,Los Angeles,Los Angeles,CA,90028-8417,US,US/Pacific,KCQT,2016-06-23 13:47:00,77.0,,58.0,29.94,10.0,Variable,4.6,,Clear,True,False,True,False,False,False,False,False,True,False,False,True,False,Day,Day,Day,Day
A-43613,Source2,2,2016-06-23 13:30:20,2016-06-23 14:30:20,34.088192,-118.30468,,,0.0,Two lanes blocked due to accident on US-101 Northbound at Exit 7 CA-2 Santa Monica Blvd.,US-101 N,Los Angeles,Los Angeles,CA,90029,US,US/Pacific,KCQT,2016-06-23 13:47:00,77.0,,58.0,29.94,10.0,Variable,4.6,,Clear,False,False,False,False,True,False,False,False,False,False,False,False,False,Day,Day,Day,Day
A-43618,Source2,2,2016-06-23 13:56:22,2016-06-23 14:56:22,34.040527000000004,-118.187019,,,0.0,Accident on Rowan Ave near Cesar E Chavez Ave.,N Rowan Ave,Los Angeles,Los Angeles,CA,90063-2324,US,US/Pacific,KCQT,2016-06-23 13:47:00,77.0,,58.0,29.94,10.0,Variable,4.6,,Clear,False,False,False,False,False,False,False,False,True,False,False,False,False,Day,Day,Day,Day
A-43630,Source2,3,2016-06-23 14:22:04,2016-06-23 15:22:04,34.047024,-118.446587,,,0.0,Accident on I-405 Southbound near Exit 55A Cotner Ave.,I-405 N,Los Angeles,Los Angeles,CA,90025,US,US/Pacific,KSMO,2016-06-23 14:51:00,72.0,,66.0,29.94,10.0,SW,10.4,,Clear,False,False,False,False,False,False,False,False,False,False,False,False,False,Day,Day,Day,Day
A-43638,Source2,3,2016-06-23 14:41:02,2016-06-23 15:41:02,34.012329,-118.163589,,,0.0,Shoulder blocked on exit ramp due to accident on I-5 Southbound near Exit 130A Telegraph Rd.,Santa Ana Fwy S,Los Angeles,Los Angeles,CA,90022,US,US/Pacific,KCQT,2016-06-23 14:47:00,77.0,,58.0,29.92,10.0,Variable,5.8,,Clear,False,False,False,False,False,False,False,False,False,False,False,False,False,Day,Day,Day,Day
A-43644,Source2,2,2016-06-23 14:44:55,2016-06-23 15:44:55,34.070251,-118.26801299999998,,,0.0,Accident on Alvarado St near Temple St.,W Temple St,Los Angeles,Los Angeles,CA,90026-4916,US,US/Pacific,KCQT,2016-06-23 14:47:00,77.0,,58.0,29.92,10.0,Variable,5.8,,Clear,False,False,False,False,False,False,False,False,True,False,False,True,False,Day,Day,Day,Day
A-43645,Source2,2,2016-06-23 14:50:12,2016-06-23 15:50:12,34.012604,-118.138321,,,0.0,Accident on Olympic Blvd near Hanover Ave.,Hanover Ave,Los Angeles,Los Angeles,CA,90022-4502,US,US/Pacific,KCQT,2016-06-23 14:47:00,77.0,,58.0,29.92,10.0,Variable,5.8,,Clear,False,False,False,False,False,False,False,False,False,False,False,False,False,Day,Day,Day,Day
A-43648,Source2,2,2016-06-23 14:56:40,2016-06-23 15:56:40,34.0872,-118.234116,,,0.0,One lane blocked due to accident on CA-110 Northbound near Exit 26A I-5.,I-5 N,Los Angeles,Los Angeles,CA,90031,US,US/Pacific,KCQT,2016-06-23 14:47:00,77.0,,58.0,29.92,10.0,Variable,5.8,,Clear,False,False,False,False,False,False,False,False,False,False,False,False,False,Day,Day,Day,Day
A-43649,Source2,2,2016-06-23 14:58:48,2016-06-23 15:58:48,34.029293,-118.20108,,,0.0,Shoulder blocked on entry ramp due to accident on CA-60 Westbound near Exits 1B 1D Lorena St.,Pomona Fwy W,Los Angeles,Los Angeles,CA,90023,US,US/Pacific,KCQT,2016-06-23 14:47:00,77.0,,58.0,29.92,10.0,Variable,5.8,,Clear,False,False,False,False,False,False,False,False,False,False,False,False,False,Day,Day,Day,Day
A-43653,Source2,3,2016-06-23 15:20:16,2016-06-23 16:20:16,34.087738,-118.475189,,,0.0,HOV lane blocked due to accident on I-405 Southbound near Getty Center Dr.,I-405 N,Los Angeles,Los Angeles,CA,90049,US,US/Pacific,KSMO,2016-06-23 14:51:00,72.0,,66.0,29.94,10.0,SW,10.4,,Clear,False,False,False,False,False,False,False,False,False,False,False,False,False,Day,Day,Day,Day
A-43655,Source2,3,2016-06-23 15:19:47,2016-06-23 16:19:47,34.095539,-118.244049,,,0.0,Accident on I-5 Southbound at Exit 138 Stadium Way.,Riverside Dr,Los Angeles,Los Angeles,CA,90031,US,US/Pacific,KCQT,2016-06-23 15:47:00,77.0,,58.0,29.91,10.0,Variable,3.5,,Clear,False,False,False,False,False,False,False,False,False,False,False,False,False,Day,Day,Day,Day
A-43658,Source2,3,2016-06-23 15:31:05,2016-06-23 16:31:05,33.99527,-118.145088,,,0.0,Right hand shoulder blocked due to accident on I-5 Southbound near Exit 128B Washington Blvd.,Santa Ana Fwy S,Los Angeles,Los Angeles,CA,90040,US,US/Pacific,KCQT,2016-06-23 15:47:00,77.0,,58.0,29.91,10.0,Variable,3.5,,Clear,False,False,False,False,False,False,False,False,False,False,False,False,False,Day,Day,Day,Day
A-43662,Source2,3,2016-06-23 15:34:04,2016-06-23 16:34:04,34.121223,-118.479553,,,0.0,Lane blocked on exit ramp due to accident on I-405 Northbound near Exit 61 Skirball Center Dr.,I-405 N,Los Angeles,Los Angeles,CA,90077,US,US/Pacific,KSMO,2016-06-23 15:51:00,71.1,,70.0,29.93,10.0,Variable,6.9,,Clear,False,False,False,False,False,False,False,False,False,False,False,False,False,Day,Day,Day,Day
A-43664,Source2,3,2016-06-23 15:43:11,2016-06-23 16:43:11,34.112282,-118.26561,,,0.0,Accident on I-5 Northbound near Exits 140 140B Glendale Blvd. On the median.,Glendale Blvd,Los Angeles,Los Angeles,CA,90039,US,US/Pacific,KCQT,2016-06-23 15:47:00,77.0,,58.0,29.91,10.0,Variable,3.5,,Clear,False,False,False,False,False,False,False,False,False,False,False,False,False,Day,Day,Day,Day
A-43666,Source2,3,2016-06-23 15:51:03,2016-06-23 16:51:03,33.960133,-118.280518,,,0.0,Right hand shoulder blocked due to accident on I-110 Northbound near Exit 16 CA-42 Manchester Ave.,W Manchester Ave,Los Angeles,Los Angeles,CA,90003,US,US/Pacific,KHHR,2016-06-23 15:53:00,73.0,,64.0,29.94,10.0,WSW,12.7,,Clear,False,False,True,False,False,False,False,False,True,True,False,False,False,Day,Day,Day,Day
A-43672,Source2,3,2016-06-23 16:09:58,2016-06-23 17:09:58,33.978611,-118.127716,,,0.0,Accident on I-5 Southbound near Exit 126B Gage Ave.,Santa Ana Fwy S,Los Angeles,Los Angeles,CA,90040,US,US/Pacific,KCQT,2016-06-23 15:47:00,77.0,,58.0,29.91,10.0,Variable,3.5,,Clear,False,False,False,False,False,False,False,False,False,False,False,False,False,Day,Day,Day,Day
A-43706,Source2,2,2016-06-23 17:31:41,2016-06-23 18:31:41,34.069458000000004,-118.235741,,,0.0,Shoulder blocked on entry ramp due to accident on CA-110 Northbound near Exits 24B 24C 24D Stadium Way.,CA-110 N,Los Angeles,Los Angeles,CA,90012,US,US/Pacific,KCQT,2016-06-23 17:47:00,73.9,,64.0,29.89,10.0,WSW,6.9,,Clear,False,False,False,False,False,False,False,False,False,False,False,False,False,Day,Day,Day,Day
A-43714,Source2,3,2016-06-23 17:44:31,2016-06-23 18:44:31,34.034931,-118.368523,,,0.0,Right hand shoulder blocked due to accident on I-10 Westbound near Exits 7A 7B Washington Blvd.,I-10 E,Los Angeles,Los Angeles,CA,90016,US,US/Pacific,KSMO,2016-06-23 17:51:00,68.0,,76.0,29.91,10.0,WSW,6.9,,Partly Cloudy,False,False,False,False,False,False,False,False,False,False,False,False,False,Day,Day,Day,Day
A-43715,Source2,3,2016-06-23 17:52:16,2016-06-23 18:52:16,34.025478,-118.205711,,,0.0,Left lane blocked due to accident on I-5 Northbound near Exit 133 US-101.,US-101 N,Los Angeles,Los Angeles,CA,90023,US,US/Pacific,KCQT,2016-06-23 17:47:00,73.9,,64.0,29.89,10.0,WSW,6.9,,Clear,False,False,False,False,False,False,False,False,False,False,False,False,False,Day,Day,Day,Day
A-43728,Source2,3,2016-06-23 18:04:17,2016-06-23 19:04:17,34.031662,-118.426659,,,0.0,Two lanes blocked due to accident on I-10 Eastbound near Exits 3A 3B I-405.,I-10 E,Los Angeles,Los Angeles,CA,90064,US,US/Pacific,KSMO,2016-06-23 17:51:00,68.0,,76.0,29.91,10.0,WSW,6.9,,Partly Cloudy,False,False,False,False,False,False,False,False,False,False,False,False,False,Day,Day,Day,Day
A-43731,Source2,3,2016-06-23 18:09:07,2016-06-23 19:09:07,33.99527,-118.145088,,,0.0,Accident on I-5 Southbound near Exit 128B Washington Blvd.,Santa Ana Fwy S,Los Angeles,Los Angeles,CA,90040,US,US/Pacific,KCQT,2016-06-23 17:47:00,73.9,,64.0,29.89,10.0,WSW,6.9,,Clear,False,False,False,False,False,False,False,False,False,False,False,False,False,Day,Day,Day,Day
A-43732,Source2,3,2016-06-23 18:12:57,2016-06-23 19:12:57,33.978611,-118.127716,,,0.0,Two lanes blocked due to accident on I-5 Southbound near Exit 126B Gage Ave.,Santa Ana Fwy S,Los Angeles,Los Angeles,CA,90040,US,US/Pacific,KCQT,2016-06-23 17:47:00,73.9,,64.0,29.89,10.0,WSW,6.9,,Clear,False,False,False,False,False,False,False,False,False,False,False,False,False,Day,Day,Day,Day
A-43743,Source2,3,2016-06-23 18:29:11,2016-06-23 19:29:11,34.036751,-118.317757,,,0.0,Right hand shoulder blocked due to accident on I-10 Westbound near Exits 10 11 Arlington Ave.,Arlington Ave,Los Angeles,Los Angeles,CA,90018,US,US/Pacific,KCQT,2016-06-23 18:47:00,71.1,,70.0,29.9,10.0,WSW,4.6,,Clear,False,False,False,False,True,False,False,False,False,False,False,False,False,Day,Day,Day,Day
A-43755,Source2,2,2016-06-23 19:15:02,2016-06-23 20:15:02,34.04797,-118.266563,,,0.0,Accident on CA-110 Northbound near Exit 22B James M Wood Blvd.,CA-110 S,Los Angeles,Los Angeles,CA,90017,US,US/Pacific,KCQT,2016-06-23 18:47:00,71.1,,70.0,29.9,10.0,WSW,4.6,,Clear,False,False,False,False,False,False,False,False,False,False,False,False,False,Day,Day,Day,Day
A-43756,Source2,2,2016-06-23 19:20:22,2016-06-23 20:20:22,34.042995,-118.22113799999998,,,0.0,Two lanes blocked due to accident on US-101 Northbound near Exits 1A 1B 4th St.,US-101 S,Los Angeles,Los Angeles,CA,90033,US,US/Pacific,KCQT,2016-06-23 19:47:00,69.1,,73.0,29.9,9.0,Variable,3.5,,Clear,False,False,False,False,False,False,False,False,False,False,False,False,False,Day,Day,Day,Day
A-43757,Source2,2,2016-06-23 19:15:29,2016-06-23 20:15:29,34.041504,-118.164833,,,0.0,Accident on Dozier St near Dangler Ave.,Dozier Ave,Los Angeles,Los Angeles,CA,90022-1221,US,US/Pacific,KCQT,2016-06-23 18:47:00,71.1,,70.0,29.9,10.0,WSW,4.6,,Clear,False,False,False,False,False,False,False,False,False,False,False,False,False,Day,Day,Day,Day
A-43765,Source2,3,2016-06-23 19:32:26,2016-06-23 20:32:26,34.022923,-118.173058,,,0.0,Accident on I-710 Southbound near Exits 18 19 Olympic Blvd. On the median.,Long Beach Fwy S,Los Angeles,Los Angeles,CA,90022,US,US/Pacific,KCQT,2016-06-23 19:47:00,69.1,,73.0,29.9,9.0,Variable,3.5,,Clear,False,False,False,False,False,False,False,False,False,False,False,False,False,Day,Day,Day,Day
A-43771,Source2,3,2016-06-23 19:37:37,2016-06-23 20:37:37,34.047024,-118.446587,,,0.0,Right hand shoulder blocked due to accident on I-405 Southbound near Exit 55A Cotner Ave.,I-405 N,Los Angeles,Los Angeles,CA,90025,US,US/Pacific,KSMO,2016-06-23 19:51:00,64.9,,84.0,29.91,9.0,Variable,4.6,,Overcast,False,False,False,False,False,False,False,False,False,False,False,False,False,Day,Day,Day,Day
A-43781,Source2,3,2016-06-23 20:04:43,2016-06-23 21:04:43,34.036972,-118.438538,,,0.0,Right hand shoulder blocked due to accident on I-405 Northbound near Exits 53 53A 53B I-10.,I-405 N,Los Angeles,Los Angeles,CA,90064,US,US/Pacific,KSMO,2016-06-23 19:51:00,64.9,,84.0,29.91,9.0,Variable,4.6,,Overcast,False,False,False,False,False,False,False,False,False,False,False,False,False,Day,Day,Day,Day
A-43783,Source2,3,2016-06-23 19:56:39,2016-06-23 20:56:39,34.037216,-118.284004,,,0.0,Accident on I-10 Eastbound near Exit 13A 20th St.,S Hoover St,Los Angeles,Los Angeles,CA,90007,US,US/Pacific,KCQT,2016-06-23 19:47:00,69.1,,73.0,29.9,9.0,Variable,3.5,,Clear,False,False,False,False,False,False,False,False,False,False,False,False,False,Day,Day,Day,Day
A-43801,Source2,3,2016-06-23 20:25:33,2016-06-23 21:25:33,34.012234,-118.418549,,,0.0,Accident on I-405 Southbound near Exits 53 53A 53B I-10.,San Diego Fwy S,Los Angeles,Los Angeles,CA,90066,US,US/Pacific,KSMO,2016-06-23 20:51:00,64.9,,84.0,29.92,9.0,WSW,5.8,,Overcast,False,False,False,False,False,False,False,False,False,False,False,False,False,Night,Day,Day,Day
A-43818,Source2,2,2016-06-23 20:24:39,2016-06-23 21:24:39,34.048351000000004,-118.21627,,,0.0,Accident on State St at Michigan Ave.,Michigan Ave,Los Angeles,Los Angeles,CA,90033,US,US/Pacific,KCQT,2016-06-23 20:47:00,66.0,,81.0,29.91,9.0,Calm,,,Clear,False,False,False,False,False,False,False,False,False,False,False,False,False,Night,Day,Day,Day
A-43828,Source2,3,2016-06-23 20:36:03,2016-06-23 21:36:03,33.979591,-118.392479,,,0.0,Accident on I-405 Northbound near Exits 49 49B Sepulveda Blvd.,I-405 N,Los Angeles,Los Angeles,CA,90045,US,US/Pacific,KLAX,2016-06-23 20:53:00,64.0,,87.0,29.92,8.0,West,9.2,,Mostly Cloudy,False,False,False,False,False,False,False,False,False,False,False,False,False,Night,Day,Day,Day
A-43845,Source2,3,2016-06-23 21:23:20,2016-06-23 22:08:20,34.031918,-118.27449,,,0.0,Two lanes blocked due to accident on I-110 Northbound at Exit 21 I-10.,Harbor Fwy N,Los Angeles,Los Angeles,CA,90007,US,US/Pacific,KCQT,2016-06-23 21:47:00,66.0,,81.0,29.92,9.0,Calm,,,Clear,False,False,False,False,False,False,False,False,False,False,False,False,False,Night,Night,Night,Day
A-43853,Source2,3,2016-06-23 21:47:43,2016-06-23 22:32:43,33.927925,-118.254295,,,0.0,Accident on I-105 Eastbound at Exit 9 Central Ave.,S Central Ave,Los Angeles,Los Angeles,CA,90059,US,US/Pacific,KHHR,2016-06-23 21:53:00,64.9,,84.0,29.94,10.0,WNW,4.6,,Clear,False,False,False,False,False,False,False,False,False,False,False,False,False,Night,Night,Night,Day
A-43861,Source2,2,2016-06-23 22:41:36,2016-06-23 23:26:36,33.931202,-118.291794,,,0.0,Accident on Vermont Ave at CA-90 Imperial Hwy.,S Vermont Ave,Los Angeles,Los Angeles,CA,90044,US,US/Pacific,KHHR,2016-06-23 22:53:00,64.9,,84.0,29.95,10.0,West,4.6,,Clear,False,False,False,False,False,False,False,False,False,False,False,True,False,Night,Night,Night,Night
A-43867,Source2,2,2016-06-24 01:29:56,2016-06-24 02:29:56,34.033306,-118.18698899999998,,,0.0,Lane blocked due to accident on 3rd St both ways at Rowan Ave.,S Rowan Ave,Los Angeles,Los Angeles,CA,90063,US,US/Pacific,KCQT,2016-06-24 01:47:00,64.0,,87.0,29.94,6.0,Calm,,,Clear,False,False,True,False,False,False,True,False,True,False,False,True,False,Night,Night,Night,Night
A-43868,Source2,2,2016-06-24 01:46:59,2016-06-24 02:46:59,34.028347,-118.220039,,,0.0,Accident on 8th St at Soto St.,E 8th St,Los Angeles,Los Angeles,CA,90023-2104,US,US/Pacific,KCQT,2016-06-24 01:47:00,64.0,,87.0,29.94,6.0,Calm,,,Clear,False,False,False,False,False,False,False,False,False,False,False,False,False,Night,Night,Night,Night
A-43873,Source2,2,2016-06-24 03:04:52,2016-06-24 04:04:52,34.053501000000004,-118.231377,,,0.0,Two lanes blocked due to accident on US-101 Northbound at Exits 2A 2B Commercial St.,US-101 N,Los Angeles,Los Angeles,CA,90012,US,US/Pacific,KCQT,2016-06-24 02:47:00,64.9,,87.0,29.93,6.0,Calm,,,Overcast,False,False,False,False,False,False,False,False,False,False,False,False,False,Night,Night,Night,Night
A-43875,Source2,3,2016-06-24 04:09:02,2016-06-24 04:54:02,33.99527,-118.145088,,,0.0,Right hand shoulder blocked due to accident on I-5 Southbound at Exit 128B Washington Blvd.,Santa Ana Fwy S,Los Angeles,Los Angeles,CA,90040,US,US/Pacific,KCQT,2016-06-24 04:05:00,64.9,,84.0,29.93,5.0,Calm,,,Haze,False,False,False,False,False,False,False,False,False,False,False,False,False,Night,Night,Night,Day
A-43877,Source2,2,2016-06-24 04:39:23,2016-06-24 05:39:23,34.062588,-118.248718,,,0.0,Lane blocked due to accident on US-101 Southbound at Exits 3 3A 3B CA-110.,CA-110 N,Los Angeles,Los Angeles,CA,90012,US,US/Pacific,KCQT,2016-06-24 04:43:00,64.9,,87.0,29.92,5.0,Calm,,,Overcast,False,False,False,False,False,False,False,False,False,False,False,False,False,Night,Night,Day,Day
A-43880,Source2,3,2016-06-24 05:21:41,2016-06-24 06:05:00,34.034027,-118.265892,,,0.0,Right hand shoulder blocked due to accident on I-10 Westbound at Exit 13 17th St.,I-10 W,Los Angeles,Los Angeles,CA,90015,US,US/Pacific,KCQT,2016-06-24 05:47:00,64.9,,87.0,29.93,5.0,Calm,,,Overcast,False,False,False,False,False,False,False,False,False,False,False,False,False,Night,Day,Day,Day
A-43883,Source2,3,2016-06-24 05:54:30,2016-06-24 06:33:00,34.063099,-118.216042,,,0.0,Accident on I-5 I-10 Southbound at Exit 135C San Bernardino Fwy.,Golden State Fwy S,Los Angeles,Los Angeles,CA,90031,US,US/Pacific,KCQT,2016-06-24 05:47:00,64.9,,87.0,29.93,5.0,Calm,,,Overcast,False,False,False,False,True,False,False,False,False,False,False,False,False,Day,Day,Day,Day
A-43884,Source2,3,2016-06-24 05:52:53,2016-06-24 06:31:00,34.007664,-118.17247,,,0.0,Accident on I-710 Southbound at Exits 17B 17C Washington Blvd.,Long Beach Fwy S,Los Angeles,Los Angeles,CA,90040,US,US/Pacific,KCQT,2016-06-24 05:47:00,64.9,,87.0,29.93,5.0,Calm,,,Overcast,False,False,False,False,True,False,False,False,False,False,False,False,False,Day,Day,Day,Day
A-43890,Source2,2,2016-06-24 06:55:13,2016-06-24 07:37:00,34.038456,-118.27401,,,0.0,#1 lane blocked due to accident on CA-110 both ways at I-10.,CA-110 S,Los Angeles,Los Angeles,CA,90015,US,US/Pacific,KCQT,2016-06-24 06:53:00,66.0,,84.0,29.93,4.0,Calm,,,Haze,False,False,False,False,False,False,False,False,False,False,False,False,False,Day,Day,Day,Day
A-43896,Source2,3,2016-06-24 07:35:26,2016-06-24 08:25:00,34.036549,-118.319168,,,0.0,#4 #5 &amp; #6 lane blocked and slow traffic due to accident on I-10 Westbound before Exits 10 11 Arlington Ave.,I-10 W,Los Angeles,Los Angeles,CA,90018,US,US/Pacific,KCQT,2016-06-24 07:47:00,66.0,,84.0,29.94,4.0,Variable,3.5,,Haze,False,False,False,False,False,False,False,False,False,False,False,False,False,Day,Day,Day,Day
A-43918,Source2,3,2016-06-24 10:22:23,2016-06-24 11:05:00,33.924324,-118.281075,,,0.0,Right hand shoulder blocked due to accident on I-110 Northbound at Exits 14A 14B I-105.,Harbor Fwy N,Los Angeles,Los Angeles,CA,90061,US,US/Pacific,KHHR,2016-06-24 09:53:00,68.0,,76.0,29.96,3.0,West,9.2,,Haze,False,False,False,False,True,False,False,False,False,False,False,False,False,Day,Day,Day,Day
A-43922,Source2,3,2016-06-24 10:32:41,2016-06-24 11:14:00,34.07291,-118.466553,,,0.0,Accident on I-405 Northbound at Exits 57 57A Church Ln.,I-405 N,Los Angeles,Los Angeles,CA,90049,US,US/Pacific,KSMO,2016-06-24 10:51:00,64.9,,84.0,29.96,6.0,SW,6.9,,Haze,False,False,False,False,False,False,False,False,False,False,False,False,False,Day,Day,Day,Day
A-43923,Source2,3,2016-06-24 10:31:37,2016-06-24 11:14:00,33.960133,-118.280518,,,0.0,#4 lane blocked due to accident on I-110 Northbound at Exit 16 CA-42 Manchester Ave.,W Manchester Ave,Los Angeles,Los Angeles,CA,90003,US,US/Pacific,KHHR,2016-06-24 10:53:00,70.0,,71.0,29.95,6.0,West,3.5,,Haze,False,False,True,False,False,False,False,False,True,True,False,False,False,Day,Day,Day,Day
A-43937,Source2,3,2016-06-24 10:57:11,2016-06-24 11:38:00,33.978611,-118.127716,,,0.0,Right hand shoulder blocked due to accident on I-5 Southbound at Exit 126B Gage Ave.,Santa Ana Fwy S,Los Angeles,Los Angeles,CA,90040,US,US/Pacific,KCQT,2016-06-24 10:47:00,72.0,,71.0,29.94,4.0,WSW,4.6,,Haze,False,False,False,False,False,False,False,False,False,False,False,False,False,Day,Day,Day,Day
A-43939,Source2,2,2016-06-24 11:10:56,2016-06-24 11:51:00,34.028991999999995,-118.152496,,,0.0,Right hand shoulder blocked due to accident on Hillview Ave both ways at 4th St.,S Hillview Ave,Los Angeles,Los Angeles,CA,90022-2647,US,US/Pacific,KCQT,2016-06-24 11:13:00,72.0,,71.0,29.94,4.0,Variable,4.6,,Haze,False,False,False,False,False,False,False,False,False,True,False,False,False,Day,Day,Day,Day
A-43949,Source2,3,2016-06-24 11:26:27,2016-06-24 11:56:27,34.036751,-118.317757,,,0.0,Right hand shoulder blocked due to accident on I-10 Westbound at Exits 10 11 Arlington Ave.,Arlington Ave,Los Angeles,Los Angeles,CA,90018,US,US/Pacific,KCQT,2016-06-24 11:13:00,72.0,,71.0,29.94,4.0,Variable,4.6,,Haze,False,False,False,False,True,False,False,False,False,False,False,False,False,Day,Day,Day,Day
A-43950,Source2,2,2016-06-24 11:32:25,2016-06-24 12:02:25,34.075081,-118.274307,,,0.0,#1 lane blocked due to accident on US-101 Southbound at Exit 5A London St.,Hollywood Fwy S,Los Angeles,Los Angeles,CA,90026,US,US/Pacific,KCQT,2016-06-24 11:47:00,75.0,,64.0,29.93,4.0,Calm,,,Haze,False,False,False,False,False,False,False,False,False,True,False,False,False,Day,Day,Day,Day
A-43955,Source2,2,2016-06-24 11:35:17,2016-06-24 12:13:00,34.078911,-118.227936,,,0.0,Right hand shoulder blocked due to accident on CA-110 Southbound at Exit 26A I-5.,Pasadena Fwy S,Los Angeles,Los Angeles,CA,90012,US,US/Pacific,KCQT,2016-06-24 11:47:00,75.0,,64.0,29.93,4.0,Calm,,,Haze,False,False,False,False,False,False,False,False,False,False,False,False,False,Day,Day,Day,Day
A-43976,Source2,2,2016-06-24 12:54:42,2016-06-24 13:35:00,34.048874,-118.191925,,,0.0,Accident on Alma Ave both ways at City Terrace Dr.,Dobinson St,Los Angeles,Los Angeles,CA,90063-2608,US,US/Pacific,KCQT,2016-06-24 12:47:00,78.1,,56.0,29.92,7.0,WNW,3.5,,Clear,False,False,False,False,False,False,False,False,True,False,False,False,False,Day,Day,Day,Day
A-43988,Source2,2,2016-06-24 13:41:31,2016-06-24 14:41:31,34.080921000000004,-118.294739,,,0.0,Lane blocked on exit ramp due to accident on US-101 Southbound near Exit 6A Vermont Ave.,CA-2 E,Los Angeles,Los Angeles,CA,90004,US,US/Pacific,KCQT,2016-06-24 13:47:00,77.0,,58.0,29.91,10.0,Variable,4.6,,Clear,False,False,False,False,False,False,False,False,False,False,False,False,False,Day,Day,Day,Day
A-43997,Source2,2,2016-06-24 14:06:08,2016-06-24 15:06:08,34.023918,-118.190231,,,0.0,Accident on Whittier Blvd near Hicks Ave.,S Hicks Ave,Los Angeles,Los Angeles,CA,90023-1816,US,US/Pacific,KCQT,2016-06-24 13:47:00,77.0,,58.0,29.91,10.0,Variable,4.6,,Clear,False,False,False,False,False,False,False,False,False,False,False,False,False,Day,Day,Day,Day
A-44004,Source2,2,2016-06-24 14:19:14,2016-06-24 15:19:14,33.96109000000001,-118.231789,,,0.0,Accident on Alameda St near 85th St.,S Alameda St,Los Angeles,Los Angeles,CA,90001-4111,US,US/Pacific,KCQT,2016-06-24 14:47:00,77.0,,58.0,29.89,10.0,Variable,4.6,,Clear,False,False,False,False,False,False,False,False,False,False,False,False,False,Day,Day,Day,Day
A-44008,Source2,3,2016-06-24 14:29:11,2016-06-24 15:29:11,34.012234,-118.418549,,,0.0,One lane blocked due to accident on I-405 Southbound near Exits 53 53A 53B I-10.,San Diego Fwy S,Los Angeles,Los Angeles,CA,90066,US,US/Pacific,KSMO,2016-06-24 14:51:00,71.1,,68.0,29.92,10.0,SW,11.5,,Mostly Cloudy,False,False,False,False,False,False,False,False,False,False,False,False,False,Day,Day,Day,Day
A-44010,Source2,2,2016-06-24 14:31:00,2016-06-24 15:31:00,33.938816,-118.291916,,,0.0,Accident on Vermont Ave near 107th St.,S Vermont Ave,Los Angeles,Los Angeles,CA,90044-3025,US,US/Pacific,KHHR,2016-06-24 14:53:00,73.0,,64.0,29.91,10.0,WSW,11.5,,Clear,False,False,False,False,False,False,False,False,False,False,False,False,False,Day,Day,Day,Day
A-44014,Source2,2,2016-06-24 14:37:00,2016-06-24 15:37:00,34.061741,-118.184395,,,0.0,Accident on Bonnie Beach Pl near Worth St.,N Bonnie Beach Pl,Los Angeles,Los Angeles,CA,90063-1604,US,US/Pacific,KCQT,2016-06-24 14:47:00,77.0,,58.0,29.89,10.0,Variable,4.6,,Clear,False,False,False,False,False,False,False,False,False,False,False,False,False,Day,Day,Day,Day
A-44022,Source2,3,2016-06-24 15:18:06,2016-06-24 16:18:06,34.039093,-118.439758,,,0.0,One lane blocked due to accident on I-405 Southbound near Exit 54 Sawtelle Blvd.,I-405 N,Los Angeles,Los Angeles,CA,90064,US,US/Pacific,KSMO,2016-06-24 14:51:00,71.1,,68.0,29.92,10.0,SW,11.5,,Mostly Cloudy,False,False,False,False,False,False,False,False,False,False,False,False,False,Day,Day,Day,Day
A-44024,Source2,2,2016-06-24 15:17:29,2016-06-24 16:17:29,33.930969,-118.309067,,,0.0,Accident on Western Ave near Imperial Hwy.,S Western Ave,Los Angeles,Los Angeles,CA,90047,US,US/Pacific,KHHR,2016-06-24 14:53:00,73.0,,64.0,29.91,10.0,WSW,11.5,,Clear,False,False,False,False,False,False,False,False,False,False,False,True,False,Day,Day,Day,Day
A-44025,Source2,2,2016-06-24 15:22:00,2016-06-24 16:22:00,34.030048,-118.215759,,,0.0,Two lanes blocked due to accident on CA-60 Westbound around Exits 1A 1C I-5.,I-5 N,Los Angeles,Los Angeles,CA,90023,US,US/Pacific,KCQT,2016-06-24 15:47:00,73.9,,64.0,29.88,10.0,West,9.2,,Clear,False,False,False,False,False,False,False,False,False,False,False,False,False,Day,Day,Day,Day
A-44026,Source2,3,2016-06-24 15:21:25,2016-06-24 16:21:25,34.049640999999994,-118.214172,,,0.0,One lane blocked due to accident on I-5 I-10 Southbound near Exit 135B Cesar E Chavez Ave. On the median.,Golden State Fwy S,Los Angeles,Los Angeles,CA,90033,US,US/Pacific,KCQT,2016-06-24 15:47:00,73.9,,64.0,29.88,10.0,West,9.2,,Clear,False,False,False,False,False,False,False,False,False,False,False,False,False,Day,Day,Day,Day
A-44029,Source2,3,2016-06-24 15:30:04,2016-06-24 16:30:04,34.051067,-118.213913,,,0.0,Multi-vehicle accident on I-5 I-10 Eastbound near Exit 19A San Bernardino Fwy.,I-5 N,Los Angeles,Los Angeles,CA,90033,US,US/Pacific,KCQT,2016-06-24 15:47:00,73.9,,64.0,29.88,10.0,West,9.2,,Clear,False,False,False,False,False,False,False,False,False,False,False,False,False,Day,Day,Day,Day
A-44037,Source2,3,2016-06-24 15:45:40,2016-06-24 16:45:40,33.930767,-118.378433,,,0.0,Right hand shoulder blocked due to accident on I-105 Westbound near Exits 2 2A 2B I-405.,Aviation Blvd,Los Angeles,Los Angeles,CA,90045,US,US/Pacific,KLAX,2016-06-24 15:53:00,71.1,,68.0,29.91,10.0,WSW,13.8,,Mostly Cloudy,False,False,False,False,False,False,False,False,False,False,False,True,False,Day,Day,Day,Day
A-44039,Source2,2,2016-06-24 15:45:07,2016-06-24 16:45:07,34.062588,-118.248718,,,0.0,Right hand shoulder blocked due to accident on US-101 Southbound near Exits 3 3A 3B CA-110.,CA-110 N,Los Angeles,Los Angeles,CA,90012,US,US/Pacific,KCQT,2016-06-24 15:47:00,73.9,,64.0,29.88,10.0,West,9.2,,Clear,False,False,False,False,False,False,False,False,False,False,False,False,False,Day,Day,Day,Day
A-44049,Source2,3,2016-06-24 15:55:58,2016-06-24 16:55:58,34.025478,-118.205711,,,0.0,Accident on I-5 Northbound near Exit 133 US-101.,US-101 N,Los Angeles,Los Angeles,CA,90023,US,US/Pacific,KCQT,2016-06-24 15:47:00,73.9,,64.0,29.88,10.0,West,9.2,,Clear,False,False,False,False,False,False,False,False,False,False,False,False,False,Day,Day,Day,Day
A-44053,Source2,2,2016-06-24 16:07:01,2016-06-24 17:07:01,34.150417,-118.280708,,,0.0,Right hand shoulder blocked due to accident on CA-134 Eastbound near Exit 5B I-5.,Golden State Fwy S,Los Angeles,Los Angeles,CA,90027,US,US/Pacific,KCQT,2016-06-24 15:47:00,73.9,,64.0,29.88,10.0,West,9.2,,Clear,False,False,False,False,False,False,False,False,False,False,False,False,False,Day,Day,Day,Day
A-44082,Source2,3,2016-06-24 17:22:07,2016-06-24 18:22:07,34.150417,-118.280708,,,0.0,Accident on CA-134 Southbound near Exit 5B I-5.,Golden State Fwy S,Los Angeles,Los Angeles,CA,90027,US,US/Pacific,KCQT,2016-06-24 17:47:00,73.9,,62.0,29.86,10.0,Variable,4.6,,Clear,False,False,False,False,False,False,False,False,False,False,False,False,False,Day,Day,Day,Day
A-44086,Source2,3,2016-06-24 17:37:17,2016-06-24 18:37:17,33.928509000000005,-118.29158,,,0.0,Right hand shoulder blocked due to accident on I-105 Eastbound near Exit 7A Vermont Ave.,I-105 E,Los Angeles,Los Angeles,CA,90044,US,US/Pacific,KHHR,2016-06-24 17:53:00,71.1,,66.0,29.87,10.0,WSW,8.1,,Clear,False,False,False,False,True,False,True,False,True,False,False,False,False,Day,Day,Day,Day
A-44087,Source2,2,2016-06-24 17:35:37,2016-06-24 18:35:37,33.936287,-118.226654,,,0.0,Accident on Alameda St near 109th St.,S Alameda St,Los Angeles,Los Angeles,CA,90059-1423,US,US/Pacific,KHHR,2016-06-24 17:53:00,71.1,,66.0,29.87,10.0,WSW,8.1,,Clear,False,False,False,False,False,False,False,False,False,False,False,False,False,Day,Day,Day,Day
A-44095,Source2,3,2016-06-24 17:49:07,2016-06-24 18:49:07,34.052914,-118.450073,,,0.0,Shoulder blocked on entry ramp due to accident on I-405 Southbound near Exits 55B 55C Wilshire Blvd.,San Diego Fwy S,Los Angeles,Los Angeles,CA,90025,US,US/Pacific,KSMO,2016-06-24 17:51:00,69.1,,73.0,29.88,10.0,Variable,6.9,,Scattered Clouds,False,False,False,False,False,False,False,False,False,False,False,False,False,Day,Day,Day,Day
A-44102,Source2,3,2016-06-24 17:58:45,2016-06-24 18:58:45,34.033970000000004,-118.220024,,,0.0,Right hand shoulder blocked due to accident on I-5 I-10 Northbound near Exits 134A 134B 134C US-101.,I-5 N,Los Angeles,Los Angeles,CA,90023,US,US/Pacific,KCQT,2016-06-24 17:47:00,73.9,,62.0,29.86,10.0,Variable,4.6,,Clear,False,False,False,False,False,False,False,False,False,False,False,False,False,Day,Day,Day,Day
A-44107,Source2,3,2016-06-24 18:04:13,2016-06-24 19:04:13,34.112282,-118.26561,,,0.0,Accident on I-5 Northbound near Exits 140 140B Glendale Blvd. On the median.,Glendale Blvd,Los Angeles,Los Angeles,CA,90039,US,US/Pacific,KCQT,2016-06-24 17:47:00,73.9,,62.0,29.86,10.0,Variable,4.6,,Clear,False,False,False,False,False,False,False,False,False,False,False,False,False,Day,Day,Day,Day
A-44118,Source2,3,2016-06-24 18:20:49,2016-06-24 19:20:49,34.000633,-118.174973,,,0.0,Right hand shoulder blocked due to accident on I-710 Southbound near Exits 17A 17B Atlantic Blvd.,Long Beach Fwy S,Los Angeles,Los Angeles,CA,90058,US,US/Pacific,KCQT,2016-06-24 18:47:00,72.0,,66.0,29.86,10.0,West,5.8,,Clear,False,False,False,False,True,False,False,False,False,False,False,False,False,Day,Day,Day,Day
A-44135,Source2,3,2016-06-24 18:55:26,2016-06-24 19:55:26,34.028755,-118.274452,,,0.0,Accident on I-110 Southbound at Exit 21 I-10.,Harbor Fwy N,Los Angeles,Los Angeles,CA,90007,US,US/Pacific,KCQT,2016-06-24 18:47:00,72.0,,66.0,29.86,10.0,West,5.8,,Clear,False,False,False,False,False,False,False,False,False,False,False,False,False,Day,Day,Day,Day
A-44136,Source2,3,2016-06-24 19:11:49,2016-06-24 20:11:49,34.120468,-118.271271,,,0.0,Right hand shoulder blocked due to accident on I-5 Northbound near Exits 141 141A 141B Los Feliz Blvd.,Golden State Fwy S,Los Angeles,Los Angeles,CA,90027,US,US/Pacific,KCQT,2016-06-24 18:47:00,72.0,,66.0,29.86,10.0,West,5.8,,Clear,False,False,False,False,False,False,False,False,False,False,False,False,False,Day,Day,Day,Day
A-44139,Source2,2,2016-06-24 19:17:18,2016-06-24 20:17:18,33.989323,-118.247742,,,0.0,Accident on Compton Ave near Slauson Ave.,E Slauson Ave,Los Angeles,Los Angeles,CA,90011-5045,US,US/Pacific,KCQT,2016-06-24 18:47:00,72.0,,66.0,29.86,10.0,West,5.8,,Clear,False,False,False,False,False,False,False,False,False,False,False,True,False,Day,Day,Day,Day
A-44140,Source2,3,2016-06-24 19:17:45,2016-06-24 20:17:45,34.020496,-118.194107,,,0.0,Right hand shoulder blocked due to accident on I-5 Southbound near Exits 132 132A Calzona St.,Santa Ana Fwy S,Los Angeles,Los Angeles,CA,90023,US,US/Pacific,KCQT,2016-06-24 18:47:00,72.0,,66.0,29.86,10.0,West,5.8,,Clear,False,False,False,False,False,False,False,False,False,False,False,False,False,Day,Day,Day,Day
A-44146,Source2,3,2016-06-24 19:30:39,2016-06-24 20:30:39,34.018459,-118.27935,,,0.0,Accident on I-110 Northbound near Exit 20B Exposition Blvd.,Exposition Blvd,Los Angeles,Los Angeles,CA,90007-4364,US,US/Pacific,KCQT,2016-06-24 19:47:00,70.0,,71.0,29.86,10.0,Calm,,,Clear,False,False,False,False,False,False,False,False,False,False,False,False,False,Day,Day,Day,Day
A-44148,Source2,3,2016-06-24 19:34:10,2016-06-24 20:34:10,34.044228000000004,-118.17013500000002,,,0.0,Right hand shoulder blocked due to multi-vehicle accident on I-710 Southbound near Exits 20A 20B 20C CA-60.,Floral Dr,Los Angeles,Los Angeles,CA,90022-1021,US,US/Pacific,KCQT,2016-06-24 19:47:00,70.0,,71.0,29.86,10.0,Calm,,,Clear,False,False,False,False,False,False,False,False,False,False,False,False,False,Day,Day,Day,Day
A-44157,Source2,3,2016-06-24 19:38:49,2016-06-24 20:38:49,34.037040999999995,-118.291573,,,0.0,Right hand shoulder blocked due to accident on I-10 Eastbound near Exit 11 Vermont Ave.,S Vermont Ave,Los Angeles,Los Angeles,CA,90007-1256,US,US/Pacific,KCQT,2016-06-24 19:47:00,70.0,,71.0,29.86,10.0,Calm,,,Clear,False,False,False,False,False,False,False,False,False,False,False,False,False,Day,Day,Day,Day
A-44158,Source2,2,2016-06-24 19:37:30,2016-06-24 20:37:30,34.056908,-118.242432,,,0.0,Right hand shoulder blocked due to accident on US-101 Southbound near Exits 2C 3A Broadway.,N Broadway,Los Angeles,Los Angeles,CA,90012-2703,US,US/Pacific,KCQT,2016-06-24 19:47:00,70.0,,71.0,29.86,10.0,Calm,,,Clear,False,False,True,False,False,False,False,False,True,False,False,True,False,Day,Day,Day,Day
A-44159,Source2,3,2016-06-24 19:43:59,2016-06-24 20:43:59,34.014866,-118.168999,,,0.0,Accident on I-5 Northbound near Exits 130B 130C I-710.,I-5 N,Los Angeles,Los Angeles,CA,90022,US,US/Pacific,KCQT,2016-06-24 19:47:00,70.0,,71.0,29.86,10.0,Calm,,,Clear,False,False,False,False,True,False,False,False,False,False,False,False,False,Day,Day,Day,Day
A-44167,Source2,3,2016-06-24 19:56:41,2016-06-24 20:56:41,34.122634999999995,-118.478424,,,0.0,One lane blocked due to accident on I-405 Northbound near Exit 61 Skirball Center Dr.,Skirball Center Dr,Los Angeles,Los Angeles,CA,90077,US,US/Pacific,KSMO,2016-06-24 19:51:00,66.9,,79.0,29.87,10.0,WSW,3.5,,Clear,False,False,False,False,True,False,False,False,False,False,False,False,False,Day,Day,Day,Day
A-44170,Source2,3,2016-06-24 19:58:38,2016-06-24 20:58:38,34.028816,-118.225868,,,0.0,Accident on I-10 Eastbound near Exits 16A 16B CA-60.,Pomona Fwy E,Los Angeles,Los Angeles,CA,90021,US,US/Pacific,KCQT,2016-06-24 19:47:00,70.0,,71.0,29.86,10.0,Calm,,,Clear,False,False,False,False,True,False,False,False,False,False,False,False,False,Day,Day,Day,Day
A-44172,Source2,2,2016-06-24 19:57:44,2016-06-24 20:57:44,34.057598,-118.17215,,,0.0,Accident on City Terrace Dr near Eastern Ave.,City Terrace Dr,Los Angeles,Los Angeles,CA,90063-1007,US,US/Pacific,KCQT,2016-06-24 19:47:00,70.0,,71.0,29.86,10.0,Calm,,,Clear,False,False,True,False,False,False,False,False,False,False,False,True,False,Day,Day,Day,Day
A-44183,Source2,3,2016-06-24 20:13:57,2016-06-24 21:13:57,34.020306,-118.192268,,,0.0,Accident on I-5 Northbound near Exits 131 131B Indiana St.,S Indiana St,Los Angeles,Los Angeles,CA,90023-2344,US,US/Pacific,KCQT,2016-06-24 19:47:00,70.0,,71.0,29.86,10.0,Calm,,,Clear,False,False,False,False,False,False,False,False,False,False,False,False,False,Night,Day,Day,Day
A-44187,Source2,2,2016-06-24 20:22:13,2016-06-24 21:22:13,33.967411,-118.242111,,,0.0,Accident on Nadeau St near Beach St.,Nadeau St,Los Angeles,Los Angeles,CA,90001,US,US/Pacific,KCQT,2016-06-24 20:47:00,68.0,,73.0,29.87,10.0,Calm,,,Clear,False,False,False,False,False,False,False,False,False,False,False,True,False,Night,Day,Day,Day
A-44189,Source2,3,2016-06-24 20:19:42,2016-06-24 21:19:42,34.020496,-118.194107,,,0.0,Accident on I-5 Southbound near Exits 132 132A Calzona St.,Santa Ana Fwy S,Los Angeles,Los Angeles,CA,90023,US,US/Pacific,KCQT,2016-06-24 20:47:00,68.0,,73.0,29.87,10.0,Calm,,,Clear,False,False,False,False,False,False,False,False,False,False,False,False,False,Night,Day,Day,Day
A-44195,Source2,2,2016-06-24 20:27:33,2016-06-24 21:27:33,34.155045,-118.310867,,,0.0,Accident on CA-134 Eastbound near Exit 4 Forest Lawn Dr.,Forest Lawn Dr,Los Angeles,Los Angeles,CA,90027,US,US/Pacific,KCQT,2016-06-24 20:47:00,68.0,,73.0,29.87,10.0,Calm,,,Clear,False,False,False,False,False,False,False,False,False,False,False,False,False,Night,Day,Day,Day
A-44199,Source2,2,2016-06-24 20:39:27,2016-06-24 21:39:27,34.13308,-118.352524,,,0.0,Right hand shoulder blocked due to accident on US-101 Northbound near Buddy Holly Dr.,CA-170 S,Los Angeles,Los Angeles,CA,90068,US,US/Pacific,KBUR,2016-06-24 20:53:00,70.0,,71.0,29.84,10.0,South,5.8,,Clear,False,False,False,False,False,False,False,False,False,False,False,True,False,Night,Night,Day,Day
A-44200,Source2,2,2016-06-24 20:40:38,2016-06-24 21:25:38,33.983414,-118.249001,,,0.0,Accident on 62nd St in East Los Angeles.,E 62nd St,Los Angeles,Los Angeles,CA,90001-1232,US,US/Pacific,KCQT,2016-06-24 20:47:00,68.0,,73.0,29.87,10.0,Calm,,,Clear,False,False,False,False,False,False,False,False,False,False,False,False,False,Night,Night,Day,Day
A-44206,Source2,3,2016-06-24 20:48:09,2016-06-24 21:48:09,34.088608,-118.475204,,,0.0,Right hand shoulder blocked due to accident on I-405 Northbound in LA.,I-405 N,Los Angeles,Los Angeles,CA,90049,US,US/Pacific,KSMO,2016-06-24 20:51:00,66.9,,76.0,29.88,10.0,Calm,,,Clear,True,False,False,False,False,False,False,False,False,False,False,False,False,Night,Night,Day,Day
A-44217,Source2,2,2016-06-24 21:36:49,2016-06-24 22:06:49,34.125095,-118.343994,,,0.0,Accident on US-101 Southbound in Universal City.,CA-170 S,Los Angeles,Los Angeles,CA,90068,US,US/Pacific,KBUR,2016-06-24 21:53:00,68.0,,73.0,29.86,10.0,SE,9.2,,Clear,False,False,False,False,False,False,False,False,False,False,False,False,False,Night,Night,Night,Day
A-44219,Source2,3,2016-06-24 21:46:36,2016-06-24 22:31:36,33.995586,-118.145142,,,0.0,One lane blocked due to accident on I-5 Northbound at Exit 128B Washington Blvd.,I-5 N,Los Angeles,Los Angeles,CA,90040,US,US/Pacific,KCQT,2016-06-24 21:47:00,68.0,,76.0,29.88,10.0,Calm,,,Clear,False,False,False,False,False,False,False,False,False,False,False,False,False,Night,Night,Night,Day
A-44220,Source2,2,2016-06-24 22:00:50,2016-06-24 22:45:50,33.929092,-118.233704,,,0.0,Accident on CA-90 Imperial Hwy at CA-90 Imperial Hwy.,E Imperial Hwy,Los Angeles,Los Angeles,CA,90059-2205,US,US/Pacific,KHHR,2016-06-24 21:53:00,66.9,,76.0,29.89,10.0,WSW,4.6,,Mostly Cloudy,False,False,False,False,False,False,False,False,False,False,False,True,False,Night,Night,Night,Night
A-44238,Source2,3,2016-06-25 00:37:12,2016-06-25 01:22:12,33.978077,-118.28073899999998,,,0.0,One lane blocked due to accident on I-110 Northbound at Exit 17 Grand Ave.,Harbor Fwy N,Los Angeles,Los Angeles,CA,90003,US,US/Pacific,KHHR,2016-06-25 00:53:00,66.0,,78.0,29.88,10.0,SE,6.9,,Overcast,False,False,False,False,False,False,False,False,False,False,False,False,False,Night,Night,Night,Night
A-44239,Source2,3,2016-06-25 00:38:07,2016-06-25 01:23:07,34.036465,-118.220535,,,0.0,One lane blocked due to accident on I-5 I-10 Southbound at Exits 134A 134B 134C US-101.,Whittier Blvd,Los Angeles,Los Angeles,CA,90023-1250,US,US/Pacific,KCQT,2016-06-25 00:47:00,66.9,,79.0,29.87,9.0,Calm,,,Overcast,False,False,True,False,False,False,False,False,False,False,False,False,False,Night,Night,Night,Night
A-44245,Source2,2,2016-06-25 02:10:10,2016-06-25 02:55:10,34.014507,-118.138229,,,0.0,Accident on Dennison St at Northside Dr.,Northside Dr,Los Angeles,Los Angeles,CA,90022-4517,US,US/Pacific,KCQT,2016-06-25 01:47:00,66.0,,81.0,29.86,8.0,Calm,,,Overcast,False,False,False,False,False,False,False,False,False,False,False,False,False,Night,Night,Night,Night
A-44249,Source2,2,2016-06-25 02:34:37,2016-06-25 03:19:37,34.018909,-118.173889,,,0.0,Accident on Olympic Blvd at Eastern Ave.,S Eastern Ave,Los Angeles,Los Angeles,CA,90022-4848,US,US/Pacific,KCQT,2016-06-25 02:47:00,66.0,,81.0,29.86,8.0,West,3.5,,Overcast,False,False,False,False,False,False,False,False,False,False,False,True,False,Night,Night,Night,Night
A-44251,Source2,3,2016-06-25 03:00:21,2016-06-25 03:45:21,34.054207,-118.20320900000002,,,0.0,Accident on I-10 Eastbound at Exit 19C San Bernardino Fwy.,I-10 E,Los Angeles,Los Angeles,CA,90033,US,US/Pacific,KCQT,2016-06-25 02:47:00,66.0,,81.0,29.86,8.0,West,3.5,,Overcast,False,False,False,False,False,False,False,False,False,False,False,False,False,Night,Night,Night,Night
A-44253,Source2,2,2016-06-25 03:53:30,2016-06-25 04:38:30,33.940025,-118.30027,,,0.0,Accident on Normandie Ave at 106th St.,W 106th St,Los Angeles,Los Angeles,CA,90047-4545,US,US/Pacific,KHHR,2016-06-25 03:53:00,66.0,,78.0,29.87,10.0,Calm,,,Overcast,False,False,False,False,False,False,False,False,True,False,False,True,False,Night,Night,Night,Night
A-44254,Source2,2,2016-06-25 03:33:29,2016-06-25 04:18:29,33.949287,-118.251137,,,0.0,Accident on 96th St at Zamora Ave.,Zamora Ave,Los Angeles,Los Angeles,CA,90002-2151,US,US/Pacific,KHHR,2016-06-25 03:53:00,66.0,,78.0,29.87,10.0,Calm,,,Overcast,False,False,False,False,False,False,False,False,False,False,False,False,False,Night,Night,Night,Night
A-44256,Source2,2,2016-06-25 04:05:04,2016-06-25 04:50:04,33.979939,-118.392464,,,0.0,Accident on Bristol Pkwy at Centinela Ave.,W Centinela Ave,Los Angeles,Los Angeles,CA,90045-1527,US,US/Pacific,KLAX,2016-06-25 03:53:00,64.9,,81.0,29.86,7.0,Calm,,,Overcast,False,False,False,False,False,False,False,False,False,False,False,True,False,Night,Night,Night,Day
A-44257,Source2,3,2016-06-25 04:22:06,2016-06-25 05:07:06,33.960133,-118.280518,,,0.0,Middle lane blocked due to multi-vehicle accident on I-110 Northbound at Exit 16 CA-42 Manchester Ave.,W Manchester Ave,Los Angeles,Los Angeles,CA,90003,US,US/Pacific,KHHR,2016-06-25 03:53:00,66.0,,78.0,29.87,10.0,Calm,,,Overcast,False,False,True,False,False,False,False,False,True,True,False,False,False,Night,Night,Night,Day
A-44258,Source2,3,2016-06-25 04:20:42,2016-06-25 05:05:42,33.989159,-118.280182,,,0.0,Slow lane blocked due to accident on I-110 Northbound at Exit 18B Slauson Ave.,W Slauson Ave,Los Angeles,Los Angeles,CA,90003,US,US/Pacific,KHHR,2016-06-25 03:53:00,66.0,,78.0,29.87,10.0,Calm,,,Overcast,False,False,False,False,False,False,False,False,False,False,False,False,False,Night,Night,Night,Day
A-44259,Source2,3,2016-06-25 04:00:22,2016-06-25 04:45:22,34.020306,-118.192268,,,0.0,Right hand shoulder blocked due to accident on I-5 Northbound at Exits 131 131B Indiana St.,S Indiana St,Los Angeles,Los Angeles,CA,90023-2344,US,US/Pacific,KCQT,2016-06-25 03:47:00,64.9,,81.0,29.86,7.0,Calm,,,Overcast,False,False,False,False,False,False,False,False,False,False,False,False,False,Night,Night,Night,Day
A-44264,Source2,3,2016-06-25 05:12:36,2016-06-25 05:57:36,34.033829,-118.358009,,,0.0,Right hand shoulder blocked due to accident on I-10 Eastbound at Exits 7A 7B Washington Blvd.,I-10 E,Los Angeles,Los Angeles,CA,90016,US,US/Pacific,KSMO,2016-06-25 04:51:00,66.0,,78.0,29.86,7.0,East,4.6,,Overcast,False,False,False,False,False,False,False,False,False,False,False,False,False,Night,Night,Day,Day
A-44266,Source2,3,2016-06-25 05:23:30,2016-06-25 06:38:30,34.038456,-118.27401,,,0.0,Accident on I-110 Northbound around Exit 21 I-10.,CA-110 S,Los Angeles,Los Angeles,CA,90015,US,US/Pacific,KCQT,2016-06-25 05:47:00,66.0,,78.0,29.85,8.0,Calm,,,Overcast,False,False,False,False,False,False,False,False,False,False,False,False,False,Night,Day,Day,Day
A-44274,Source2,3,2016-06-25 06:13:39,2016-06-25 07:13:39,34.018459,-118.27935,,,0.0,Gore point obstructed and slow lane blocked due to accident on I-110 Northbound at Exit 20B Exposition Blvd.,Exposition Blvd,Los Angeles,Los Angeles,CA,90007-4364,US,US/Pacific,KCQT,2016-06-25 06:12:00,66.9,,76.0,29.86,6.0,Calm,,,Haze,False,False,False,False,False,False,False,False,False,False,False,False,False,Day,Day,Day,Day
A-44281,Source2,2,2016-06-25 07:51:26,2016-06-25 08:51:26,34.128654,-118.34703799999998,,,0.0,Accident on US-101 Southbound at Exits 11 11B Cahuenga Blvd.,Barham Blvd,Los Angeles,Los Angeles,CA,90068,US,US/Pacific,KBUR,2016-06-25 07:53:00,64.0,,84.0,29.84,3.0,SSW,3.5,,Haze,False,False,False,False,True,False,False,False,False,False,False,True,False,Day,Day,Day,Day
A-44282,Source2,3,2016-06-25 08:41:51,2016-06-25 09:26:51,34.037144,-118.300369,,,0.0,Slow lane blocked and gore point obstructed due to accident on I-10 Westbound at Exit 12 Normandie Ave.,I-10 W,Los Angeles,Los Angeles,CA,90007,US,US/Pacific,KCQT,2016-06-25 08:47:00,70.0,,71.0,29.87,5.0,Calm,,,Haze,False,False,False,False,False,False,False,False,False,False,False,False,False,Day,Day,Day,Day
A-44283,Source2,2,2016-06-25 08:50:42,2016-06-25 09:50:42,33.967422,-118.244446,,,0.0,Accident on Nadeau St at Maie Ave.,Maie Ave,Los Angeles,Los Angeles,CA,90001-2642,US,US/Pacific,KCQT,2016-06-25 08:47:00,70.0,,71.0,29.87,5.0,Calm,,,Haze,False,False,False,False,False,False,False,False,False,False,False,True,False,Day,Day,Day,Day
A-44292,Source2,3,2016-06-25 09:39:45,2016-06-25 11:09:45,34.095509,-118.243713,,,0.0,Accident on I-5 Northbound at Exit 138 Stadium Way.,I-5 N,Los Angeles,Los Angeles,CA,90031,US,US/Pacific,KCQT,2016-06-25 09:47:00,73.9,,62.0,29.86,7.0,Calm,,,Clear,False,False,False,False,False,False,False,False,False,False,False,False,False,Day,Day,Day,Day
A-44293,Source2,3,2016-06-25 10:01:33,2016-06-25 11:31:33,34.106606,-118.25583600000002,,,0.0,Accident on I-5 Northbound at Exit 140A Fletcher Dr.,Fletcher Dr,Los Angeles,Los Angeles,CA,90039-2802,US,US/Pacific,KCQT,2016-06-25 09:47:00,73.9,,62.0,29.86,7.0,Calm,,,Clear,False,False,False,False,False,False,False,False,False,False,False,False,False,Day,Day,Day,Day
A-44296,Source2,2,2016-06-25 13:07:19,2016-06-25 14:37:19,33.91642,-118.282722,,,0.0,Accident on Figueroa St at El Segundo Blvd.,W El Segundo Blvd,Los Angeles,Los Angeles,CA,90061-1131,US,US/Pacific,KHHR,2016-06-25 12:53:00,73.9,,59.0,29.87,8.0,Variable,6.9,,Clear,False,False,False,False,False,False,False,False,False,False,False,True,False,Day,Day,Day,Day
A-44299,Source2,2,2016-06-25 11:16:29,2016-06-25 13:46:29,33.950558,-118.23175,,,0.0,Accident on Kalmia St Southbound at 95th St.,Kalmia St,Los Angeles,Los Angeles,CA,90002-2644,US,US/Pacific,KHHR,2016-06-25 10:53:00,72.0,,64.0,29.88,8.0,Variable,6.9,,Clear,False,False,False,False,False,False,False,False,False,False,False,False,False,Day,Day,Day,Day
A-44312,Source2,3,2016-06-25 13:09:23,2016-06-25 14:39:23,33.928162,-118.238976,,,0.0,Accident on I-105 Eastbound at Exit 10 Wilmington Ave.,I-105 E,Los Angeles,Los Angeles,CA,90059,US,US/Pacific,KHHR,2016-06-25 12:53:00,73.9,,59.0,29.87,8.0,Variable,6.9,,Clear,False,False,False,False,False,False,False,False,False,False,False,False,False,Day,Day,Day,Day
A-44313,Source2,3,2016-06-25 13:08:46,2016-06-25 14:38:46,34.029655,-118.217606,,,0.0,Accident on I-5 Southbound at Exits 134A 134B CA-60.,Pomona Fwy W,Los Angeles,Los Angeles,CA,90023,US,US/Pacific,KCQT,2016-06-25 12:47:00,79.0,,54.0,29.84,7.0,Variable,3.5,,Clear,False,False,False,False,False,False,False,False,False,False,False,False,False,Day,Day,Day,Day
A-44314,Source2,3,2016-06-25 13:15:24,2016-06-25 14:45:24,33.928513,-118.292191,,,0.0,Accident on I-105 Eastbound at Exit 7A Vermont Ave.,I-105 E,Los Angeles,Los Angeles,CA,90044,US,US/Pacific,KHHR,2016-06-25 12:53:00,73.9,,59.0,29.87,8.0,Variable,6.9,,Clear,False,False,False,False,False,False,True,False,True,False,False,False,False,Day,Day,Day,Day
A-44315,Source2,2,2016-06-25 13:23:54,2016-06-25 14:53:54,34.023289,-118.171051,,,0.0,Accident on CA-72 Whittier Blvd Southbound at Ford Blvd.,Whittier Blvd,Los Angeles,Los Angeles,CA,90022-1535,US,US/Pacific,KCQT,2016-06-25 13:47:00,77.0,,58.0,29.84,7.0,Variable,4.6,,Clear,False,False,False,False,False,False,False,False,False,False,False,False,False,Day,Day,Day,Day
A-44340,Source2,2,2016-06-25 14:48:04,2016-06-25 16:18:04,34.028465000000004,-118.229958,,,0.0,Accident on CA-60 Southbound at Exits 1A 1B I-10.,S Santa Fe Ave,Los Angeles,Los Angeles,CA,90021-1745,US,US/Pacific,KCQT,2016-06-25 14:47:00,78.1,,56.0,29.83,9.0,Variable,3.5,,Clear,False,False,False,False,True,False,False,False,False,False,False,False,False,Day,Day,Day,Day
A-44342,Source2,3,2016-06-25 14:53:15,2016-06-25 16:23:15,34.020721,-118.278259,,,0.0,Accident on I-110 Northbound at Exit 20B Exposition Blvd.,Harbor Fwy N,Los Angeles,Los Angeles,CA,90007,US,US/Pacific,KCQT,2016-06-25 14:47:00,78.1,,56.0,29.83,9.0,Variable,3.5,,Clear,False,False,False,False,False,False,False,False,False,False,False,False,False,Day,Day,Day,Day
A-44344,Source2,3,2016-06-25 15:09:43,2016-06-25 15:39:43,34.074757,-118.219246,,,0.0,Accident on I-5 Northbound at Exit 137B Avenue 21.,I-5 N,Los Angeles,Los Angeles,CA,90031,US,US/Pacific,KCQT,2016-06-25 14:47:00,78.1,,56.0,29.83,9.0,Variable,3.5,,Clear,False,False,False,False,False,False,False,False,False,False,False,False,False,Day,Day,Day,Day
A-44345,Source2,3,2016-06-25 15:24:53,2016-06-25 15:54:53,34.028313,-118.449326,,,0.0,Accident on I-10 Westbound at Exits 2B 2C Bundy Dr.,I-10 W,Los Angeles,Los Angeles,CA,90064,US,US/Pacific,KSMO,2016-06-25 15:51:00,71.1,,68.0,29.84,10.0,WSW,8.1,,Clear,False,False,False,False,False,False,False,False,False,False,False,False,False,Day,Day,Day,Day
A-44346,Source2,3,2016-06-25 15:25:43,2016-06-25 15:55:43,34.027458,-118.27449,,,0.0,Accident on I-110 Northbound at Exit 20C Adams Blvd.,Harbor Fwy N,Los Angeles,Los Angeles,CA,90007,US,US/Pacific,KCQT,2016-06-25 15:47:00,77.0,,58.0,29.82,10.0,North,,,Clear,False,False,False,False,False,False,False,False,False,False,False,False,False,Day,Day,Day,Day
A-44348,Source2,2,2016-06-25 16:24:27,2016-06-25 16:54:27,33.977546999999994,-118.252045,,,0.0,Accident on 69th St at Hooper Ave.,E 69th St,Los Angeles,Los Angeles,CA,90001-1657,US,US/Pacific,KCQT,2016-06-25 16:47:00,75.9,,60.0,29.81,10.0,Variable,3.5,,Clear,False,False,False,False,False,False,False,False,False,False,False,False,False,Day,Day,Day,Day
A-44353,Source2,3,2016-06-25 17:06:13,2016-06-25 17:36:13,33.92889,-118.291588,,,0.0,Accident on I-105 Southbound at Exit 7A Vermont Ave.,I-105 W,Los Angeles,Los Angeles,CA,90044,US,US/Pacific,KHHR,2016-06-25 16:53:00,73.9,,62.0,29.83,10.0,West,10.4,,Clear,False,False,False,False,False,False,True,False,True,False,False,False,False,Day,Day,Day,Day
A-44371,Source2,2,2016-06-25 21:18:54,2016-06-25 21:48:54,33.993057,-118.340965,,,0.0,Accident on 54th St at Harcourt Ave.,S Harcourt Ave,Los Angeles,Los Angeles,CA,90043-2218,US,US/Pacific,KHHR,2016-06-25 20:53:00,69.1,,75.0,29.85,10.0,SW,5.8,,Clear,False,False,False,False,False,False,False,False,False,False,False,False,False,Night,Night,Night,Day
A-44372,Source2,3,2016-06-25 21:30:25,2016-06-25 22:00:25,34.055695,-118.451965,,,0.0,One lane blocked due to accident on I-405 Northbound at Exits 55B 55C Wilshire Blvd.,I-405 N,Los Angeles,Los Angeles,CA,90025,US,US/Pacific,KSMO,2016-06-25 21:51:00,66.9,,81.0,29.86,7.0,SW,3.5,,Clear,False,False,False,False,False,False,False,False,False,False,False,False,False,Night,Night,Night,Day
A-44373,Source2,2,2016-06-25 21:29:08,2016-06-25 21:59:08,34.107834000000004,-118.33078,,,0.0,Accident on US-101 Southbound at Exits 9A 9B Cahuenga Blvd.,US-101 S,Los Angeles,Los Angeles,CA,90068,US,US/Pacific,KBUR,2016-06-25 21:53:00,70.0,,71.0,29.82,10.0,ESE,8.1,,Clear,False,False,False,False,True,False,False,False,False,True,False,False,False,Night,Night,Night,Day
A-44376,Source2,2,2016-06-26 00:01:10,2016-06-26 00:31:10,34.114445,-118.336678,,,0.0,Accident on US-101 Northbound at Exit 9C Cahuenga Blvd.,Hollywood Fwy S,Los Angeles,Los Angeles,CA,90068,US,US/Pacific,KBUR,2016-06-26 00:53:00,66.9,,81.0,29.84,10.0,South,3.5,,Clear,False,False,False,False,False,False,False,False,False,False,False,False,False,Night,Night,Night,Night
A-44377,Source2,3,2016-06-26 00:19:41,2016-06-26 00:49:41,34.01593,-118.173027,,,0.0,Accident on I-5 Northbound at Exits 130B 130C I-710. Expect delays.,Long Beach Fwy S,Los Angeles,Los Angeles,CA,90040,US,US/Pacific,KCQT,2016-06-26 00:47:00,66.9,,81.0,29.86,9.0,Calm,,,Clear,False,False,False,False,False,False,False,False,False,False,False,False,False,Night,Night,Night,Night
A-44379,Source2,2,2016-06-26 00:25:34,2016-06-26 00:55:34,34.037663,-118.262146,,,0.0,Accident on Pico Blvd Westbound at Hill St.,S Hill St,Los Angeles,Los Angeles,CA,90015-2109,US,US/Pacific,KCQT,2016-06-26 00:47:00,66.9,,81.0,29.86,9.0,Calm,,,Clear,False,False,False,False,False,False,False,False,True,False,False,True,False,Night,Night,Night,Night
A-44380,Source2,3,2016-06-26 00:24:22,2016-06-26 00:54:22,34.02494,-118.204178,,,0.0,Accident on I-5 Northbound at Exit 133 US-101. Expect delays.,I-5 N,Los Angeles,Los Angeles,CA,90023,US,US/Pacific,KCQT,2016-06-26 00:47:00,66.9,,81.0,29.86,9.0,Calm,,,Clear,False,False,False,False,True,False,False,False,False,False,False,False,False,Night,Night,Night,Night
A-44381,Source2,2,2016-06-26 01:18:38,2016-06-26 02:03:38,33.980022,-118.25203700000002,,,0.0,Accident on Hooper Ave at 66th St.,E 66th St,Los Angeles,Los Angeles,CA,90001-1623,US,US/Pacific,KCQT,2016-06-26 01:47:00,66.9,,81.0,29.86,9.0,Calm,,,Clear,False,False,False,False,False,False,False,False,False,False,False,False,False,Night,Night,Night,Night
A-44382,Source2,2,2016-06-26 01:18:07,2016-06-26 02:03:07,34.036011,-118.19239,,,0.0,Accident on 1st St at Indiana St.,N Indiana St,Los Angeles,Los Angeles,CA,90063-4129,US,US/Pacific,KCQT,2016-06-26 01:47:00,66.9,,81.0,29.86,9.0,Calm,,,Clear,False,False,True,False,False,False,True,False,True,False,False,True,False,Night,Night,Night,Night
A-44385,Source2,2,2016-06-26 01:39:07,2016-06-26 02:39:07,34.044186,-118.17363,,,0.0,Accident on Floral Dr at Eastern Ave.,N Eastern Ave,Los Angeles,Los Angeles,CA,90022-1011,US,US/Pacific,KCQT,2016-06-26 01:47:00,66.9,,81.0,29.86,9.0,Calm,,,Clear,False,False,False,False,False,False,False,False,True,False,False,True,False,Night,Night,Night,Night
A-44388,Source2,2,2016-06-26 02:29:14,2016-06-26 03:29:14,34.045914,-118.446526,,,0.0,Accident on Iowa Ave at Beloit Ave.,Beloit Ave,Los Angeles,Los Angeles,CA,90025-4205,US,US/Pacific,KSMO,2016-06-26 02:51:00,64.9,,87.0,29.86,9.0,Calm,,,Clear,False,False,False,False,False,False,False,False,False,True,False,False,False,Night,Night,Night,Night
A-44389,Source2,3,2016-06-26 02:06:09,2016-06-26 02:51:09,34.028236,-118.229942,,,0.0,Accident on I-10 Eastbound at Exits 16A 16B CA-60.,I-10 E,Los Angeles,Los Angeles,CA,90021,US,US/Pacific,KCQT,2016-06-26 01:47:00,66.9,,81.0,29.86,9.0,Calm,,,Clear,False,False,False,False,True,False,False,False,False,False,False,False,False,Night,Night,Night,Night
A-44394,Source2,3,2016-06-26 02:41:23,2016-06-26 03:41:23,34.037632,-118.27932,,,0.0,Accident on I-10 Eastbound at Exits 12 13B I-110.,W Washington Blvd,Los Angeles,Los Angeles,CA,90007,US,US/Pacific,KCQT,2016-06-26 02:47:00,66.0,,84.0,29.85,7.0,Calm,,,Clear,False,False,False,False,True,False,False,False,False,False,False,False,False,Night,Night,Night,Night
A-44398,Source2,2,2016-06-26 03:16:15,2016-06-26 04:01:15,34.098583000000005,-118.314903,,,0.0,Accident on US-101 Southbound at Exits 8A 8B Van Ness Ave.,Hollywood Fwy S,Los Angeles,Los Angeles,CA,90028,US,US/Pacific,KCQT,2016-06-26 02:47:00,66.0,,84.0,29.85,7.0,Calm,,,Clear,False,False,False,False,False,False,False,False,False,False,False,False,False,Night,Night,Night,Night
A-44402,Source2,3,2016-06-26 04:24:44,2016-06-26 05:09:44,34.029556,-118.256165,,,0.0,#1 lane blocked due to accident on I-10 Eastbound at Exits 14B 15A 17th St.,S San Pedro St,Los Angeles,Los Angeles,CA,90015,US,US/Pacific,KCQT,2016-06-26 04:47:00,64.9,,87.0,29.83,8.0,Calm,,,Clear,True,False,False,False,False,False,False,False,True,False,False,False,False,Night,Night,Night,Day
A-44407,Source2,3,2016-06-26 04:34:24,2016-06-26 05:19:24,34.112282,-118.26561,,,0.0,#3 and #4 lane blocked due to accident on I-5 Northbound at Exits 140 140B Glendale Blvd.,Glendale Blvd,Los Angeles,Los Angeles,CA,90039,US,US/Pacific,KCQT,2016-06-26 04:47:00,64.9,,87.0,29.83,8.0,Calm,,,Clear,False,False,False,False,False,False,False,False,False,False,False,False,False,Night,Night,Night,Day
A-44408,Source2,3,2016-06-26 05:18:17,2016-06-26 06:03:17,34.034649,-118.267052,,,0.0,Right hand shoulder blocked due to accident on I-10 Eastbound at Exit 13 17th St.,S Grand Ave,Los Angeles,Los Angeles,CA,90015,US,US/Pacific,KCQT,2016-06-26 05:47:00,64.9,,87.0,29.85,7.0,Calm,,,Clear,False,False,False,False,False,False,False,False,False,False,False,False,False,Night,Day,Day,Day
A-44413,Source2,2,2016-06-26 05:56:12,2016-06-26 06:26:13,34.028252,-118.14711,,,0.0,Accident on Beverly Blvd at Sadler Ave.,S Sadler Ave,Los Angeles,Los Angeles,CA,90022,US,US/Pacific,KCQT,2016-06-26 05:47:00,64.9,,87.0,29.85,7.0,Calm,,,Clear,False,False,False,False,False,False,False,False,False,False,False,True,False,Day,Day,Day,Day
A-44416,Source2,3,2016-06-26 06:10:26,2016-06-26 06:55:26,33.928162,-118.238976,,,0.0,Accident on I-105 Eastbound at Exit 10 Wilmington Ave.,I-105 E,Los Angeles,Los Angeles,CA,90059,US,US/Pacific,KHHR,2016-06-26 05:53:00,66.0,,84.0,29.87,7.0,Calm,,,Clear,False,False,False,False,False,False,False,False,False,False,False,False,False,Day,Day,Day,Day
A-44418,Source2,3,2016-06-26 06:05:37,2016-06-26 06:50:37,34.00169,-118.17408799999998,,,0.0,Accident on I-710 Northbound at Exits 17A 17B Atlantic Blvd.,Long Beach Fwy N,Los Angeles,Los Angeles,CA,90040,US,US/Pacific,KCQT,2016-06-26 05:47:00,64.9,,87.0,29.85,7.0,Calm,,,Clear,False,False,False,False,False,False,True,False,False,False,False,False,False,Day,Day,Day,Day
A-44421,Source2,2,2016-06-26 06:40:12,2016-06-26 07:25:12,34.042995,-118.22113799999998,,,0.0,#1 lane blocked due to accident and vehicle fire on US-101 Northbound at Exits 1A 1B 4th St.,US-101 S,Los Angeles,Los Angeles,CA,90033,US,US/Pacific,KCQT,2016-06-26 06:47:00,66.9,,81.0,29.87,6.0,West,3.5,,Haze,False,False,False,False,False,False,False,False,False,False,False,False,False,Day,Day,Day,Day
A-44422,Source2,3,2016-06-26 06:39:28,2016-06-26 07:24:28,34.014866,-118.168999,,,0.0,Right hand shoulder blocked due to accident on I-5 Northbound at Exits 130B 130C I-710.,I-5 N,Los Angeles,Los Angeles,CA,90022,US,US/Pacific,KCQT,2016-06-26 06:47:00,66.9,,81.0,29.87,6.0,West,3.5,,Haze,False,False,False,False,True,False,False,False,False,False,False,False,False,Day,Day,Day,Day
A-44424,Source2,2,2016-06-26 07:47:34,2016-06-26 08:47:34,33.953358,-118.295898,,,0.0,Accident on 92nd St at Budlong Ave.,S Budlong Ave,Los Angeles,Los Angeles,CA,90044-2017,US,US/Pacific,KHHR,2016-06-26 07:53:00,69.1,,75.0,29.88,7.0,Calm,,,Clear,False,False,False,False,False,False,False,False,False,False,False,False,False,Day,Day,Day,Day
A-44425,Source2,2,2016-06-26 07:36:06,2016-06-26 08:36:06,33.953251,-118.230095,,,0.0,Accident on 92nd St at Alameda St.,E 92nd St,Los Angeles,Los Angeles,CA,90002-2603,US,US/Pacific,KHHR,2016-06-26 07:53:00,69.1,,75.0,29.88,7.0,Calm,,,Clear,False,False,False,False,False,False,False,False,False,False,False,True,False,Day,Day,Day,Day
A-44429,Source2,3,2016-06-26 08:41:22,2016-06-26 09:26:22,33.998726,-118.176041,,,0.0,Accident on I-710 Northbound at Exits 17A 17B Atlantic Blvd.,Long Beach Fwy N,Los Angeles,Los Angeles,CA,90058,US,US/Pacific,KCQT,2016-06-26 08:47:00,75.0,,66.0,29.87,7.0,Calm,,,Clear,False,False,False,False,True,False,False,False,False,False,False,False,False,Day,Day,Day,Day
A-44434,Source2,2,2016-06-26 10:07:07,2016-06-26 11:37:07,34.105267,-118.326141,,,0.0,Accident on US-101 Southbound at Exit 8C Franklin Ave.,Franklin Ave,Los Angeles,Los Angeles,CA,90028-5201,US,US/Pacific,KCQT,2016-06-26 09:47:00,78.1,,58.0,29.87,7.0,Variable,4.6,,Clear,False,False,False,False,True,False,False,False,False,False,False,False,False,Day,Day,Day,Day
A-44447,Source2,2,2016-06-26 11:59:28,2016-06-26 13:29:28,33.977345,-118.280327,,,0.0,Accident on Grand Ave Southbound near 69th St.,W 69th St,Los Angeles,Los Angeles,CA,90003-1827,US,US/Pacific,KHHR,2016-06-26 11:53:00,75.9,,62.0,29.9,8.0,WNW,9.2,,Clear,False,False,False,False,False,False,False,False,False,False,False,False,False,Day,Day,Day,Day
A-44452,Source2,2,2016-06-26 12:54:59,2016-06-26 14:24:59,34.15041,-118.280701,,,0.0,Accident on CA-134 Southbound at Exit 5B I-5.,Golden State Fwy S,Los Angeles,Los Angeles,CA,90027,US,US/Pacific,KCQT,2016-06-26 12:47:00,80.1,,58.0,29.88,7.0,Variable,3.5,,Clear,False,False,False,False,False,False,False,False,False,False,False,False,False,Day,Day,Day,Day
A-44453,Source2,2,2016-06-26 13:08:55,2016-06-26 14:38:55,34.060539,-118.215202,,,0.0,Accident on San Bernardino Fwy at Exit 19 I-10.,Golden State Fwy S,Los Angeles,Los Angeles,CA,90031,US,US/Pacific,KCQT,2016-06-26 12:47:00,80.1,,58.0,29.88,7.0,Variable,3.5,,Clear,False,False,False,False,False,False,False,False,False,False,False,False,False,Day,Day,Day,Day
A-44455,Source2,3,2016-06-26 13:14:51,2016-06-26 14:44:51,33.986366,-118.280746,,,0.0,Accident on I-110 Southbound at Exit 18B Slauson Ave.,I-110 S,Los Angeles,Los Angeles,CA,90003,US,US/Pacific,KHHR,2016-06-26 12:53:00,73.9,,66.0,29.91,7.0,WSW,11.5,,Clear,False,False,False,False,False,False,False,False,False,False,False,False,False,Day,Day,Day,Day
A-44456,Source2,2,2016-06-26 13:14:20,2016-06-26 14:44:20,34.049285999999995,-118.214218,,,0.0,Accident on I-5 I-10 Southbound at Exit 135B Cesar E Chavez Ave.,I-5 N,Los Angeles,Los Angeles,CA,90033,US,US/Pacific,KCQT,2016-06-26 12:47:00,80.1,,58.0,29.88,7.0,Variable,3.5,,Clear,False,False,False,False,False,False,False,False,False,False,False,False,False,Day,Day,Day,Day
A-44457,Source2,2,2016-06-26 13:24:55,2016-06-26 14:54:55,34.029461,-118.221443,,,0.0,Accident on CA-60 Westbound at Exits 1A 1B I-10.,Pomona Fwy W,Los Angeles,Los Angeles,CA,90023,US,US/Pacific,KCQT,2016-06-26 13:47:00,80.1,,56.0,29.87,7.0,Variable,4.6,,Clear,False,False,False,False,False,False,False,False,False,False,False,False,False,Day,Day,Day,Day
A-44458,Source2,3,2016-06-26 13:25:43,2016-06-26 14:55:43,34.043037,-118.217239,,,0.0,Accident on I-5 I-10 Southbound at Exit 135A 4th St.,Golden State Fwy S,Los Angeles,Los Angeles,CA,90033,US,US/Pacific,KCQT,2016-06-26 13:47:00,80.1,,56.0,29.87,7.0,Variable,4.6,,Clear,False,False,False,False,False,False,False,False,False,False,False,False,False,Day,Day,Day,Day
A-44460,Source2,3,2016-06-26 13:36:35,2016-06-26 15:06:35,34.018826000000004,-118.177956,,,0.0,Accident on I-5 Northbound at Exit 131A Telegraph Rd.,I-5 N,Los Angeles,Los Angeles,CA,90023,US,US/Pacific,KCQT,2016-06-26 13:47:00,80.1,,56.0,29.87,7.0,Variable,4.6,,Clear,False,False,False,False,False,False,False,False,False,False,False,False,False,Day,Day,Day,Day
A-44477,Source2,2,2016-06-26 15:41:58,2016-06-26 16:11:58,33.973907000000004,-118.247673,,,0.0,Accident on 73rd St at Compton Ave.,Compton Ave,Los Angeles,Los Angeles,CA,90001-2531,US,US/Pacific,KCQT,2016-06-26 15:47:00,77.0,,62.0,29.85,9.0,Variable,4.6,,Clear,False,False,False,False,False,False,False,False,False,False,False,False,False,Day,Day,Day,Day
A-44479,Source2,3,2016-06-26 15:49:37,2016-06-26 16:19:37,33.978603,-118.127708,,,0.0,Accident on I-5 Southbound at Exit 126B Gage Ave.,Santa Ana Fwy S,Los Angeles,Los Angeles,CA,90040,US,US/Pacific,KCQT,2016-06-26 15:47:00,77.0,,62.0,29.85,9.0,Variable,4.6,,Clear,False,False,False,False,False,False,False,False,False,False,False,False,False,Day,Day,Day,Day
A-44486,Source2,3,2016-06-26 16:21:14,2016-06-26 16:51:14,34.037201,-118.2855,,,0.0,Accident on I-10 Eastbound at Exit 13A 20th St.,I-10 W,Los Angeles,Los Angeles,CA,90007,US,US/Pacific,KCQT,2016-06-26 16:47:00,75.9,,64.0,29.86,10.0,Variable,3.5,,Clear,False,False,False,False,False,False,False,False,False,False,False,False,False,Day,Day,Day,Day
A-44488,Source2,3,2016-06-26 16:41:47,2016-06-26 17:11:47,34.018532,-118.279877,,,0.0,Accident on I-110 Southbound at Exit 20B Exposition Blvd.,Exposition Blvd,Los Angeles,Los Angeles,CA,90007,US,US/Pacific,KCQT,2016-06-26 16:47:00,75.9,,64.0,29.86,10.0,Variable,3.5,,Clear,False,False,False,False,False,False,False,False,False,False,False,False,False,Day,Day,Day,Day
A-44489,Source2,3,2016-06-26 16:38:58,2016-06-26 17:08:58,34.111996000000005,-118.265465,,,0.0,One lane blocked due to accident on I-5 Southbound at Exits 140 140B Glendale Blvd.,Glendale Blvd,Los Angeles,Los Angeles,CA,90039,US,US/Pacific,KCQT,2016-06-26 16:47:00,75.9,,64.0,29.86,10.0,Variable,3.5,,Clear,False,False,False,False,False,False,False,False,True,False,False,True,False,Day,Day,Day,Day
A-44493,Source2,2,2016-06-26 17:23:43,2016-06-26 17:53:43,34.070248,-118.278564,,,0.0,Accident on Beverly Blvd at La Fayette Park Pl.,Beverly Blvd,Los Angeles,Los Angeles,CA,90057-1010,US,US/Pacific,KCQT,2016-06-26 17:47:00,73.9,,68.0,29.86,10.0,Variable,3.5,,Clear,False,False,True,False,False,False,False,False,False,False,False,False,False,Day,Day,Day,Day
A-44494,Source2,3,2016-06-26 17:20:43,2016-06-26 17:50:43,34.024544,-118.23925,,,0.0,Accident on I-10 Westbound at Exit 15B Alameda St.,I-10 E,Los Angeles,Los Angeles,CA,90021,US,US/Pacific,KCQT,2016-06-26 17:47:00,73.9,,68.0,29.86,10.0,Variable,3.5,,Clear,False,False,False,False,False,False,False,False,False,False,False,False,False,Day,Day,Day,Day
A-44495,Source2,3,2016-06-26 17:24:54,2016-06-26 17:54:54,34.012833,-118.172241,,,0.0,Accident on I-710 Northbound at Exits 17B 17C Washington Blvd.,I-710 N,Los Angeles,Los Angeles,CA,90040,US,US/Pacific,KCQT,2016-06-26 17:47:00,73.9,,68.0,29.86,10.0,Variable,3.5,,Clear,False,False,False,False,True,False,False,False,False,False,False,False,False,Day,Day,Day,Day
A-44499,Source2,3,2016-06-26 17:42:06,2016-06-26 18:12:06,33.94325300000001,-118.279724,,,0.0,One lane blocked due to accident on I-110 Northbound at Exits 14A 14B 111th Pl.,Harbor Fwy N,Los Angeles,Los Angeles,CA,90003,US,US/Pacific,KHHR,2016-06-26 17:53:00,72.0,,71.0,29.87,10.0,WSW,9.2,,Clear,False,False,False,False,False,False,False,False,False,False,False,False,False,Day,Day,Day,Day
A-44505,Source2,2,2016-06-26 19:14:31,2016-06-26 19:44:31,34.031902,-118.418976,,,0.0,Accident on I-10 Westbound at Exit 4 Overland Ave.,I-10 W,Los Angeles,Los Angeles,CA,90064,US,US/Pacific,KSMO,2016-06-26 18:51:00,66.9,,84.0,29.89,9.0,SW,4.6,,Overcast,False,False,False,False,False,False,False,False,False,False,False,False,False,Day,Day,Day,Day
A-44508,Source2,2,2016-06-26 19:56:42,2016-06-26 20:26:42,34.051666,-118.260483,,,0.0,Right lane blocked due to accident on CA-110 Northbound at Exit 23C-A Beaudry Ave.,CA-110 S,Los Angeles,Los Angeles,CA,90017,US,US/Pacific,KCQT,2016-06-26 19:47:00,68.0,,81.0,29.88,9.0,Variable,3.5,,Clear,False,False,False,False,False,False,False,False,False,False,False,False,False,Day,Day,Day,Day
A-44509,Source2,2,2016-06-26 19:57:24,2016-06-26 20:27:24,34.062588,-118.248718,,,0.0,Accident on CA-110 Northbound at Exit 24A US-101.,CA-110 N,Los Angeles,Los Angeles,CA,90012,US,US/Pacific,KCQT,2016-06-26 19:47:00,68.0,,81.0,29.88,9.0,Variable,3.5,,Clear,False,False,False,False,False,False,False,False,False,False,False,False,False,Day,Day,Day,Day
A-44510,Source2,2,2016-06-26 20:22:01,2016-06-26 20:52:01,34.110649,-118.248459,,,0.0,Accident on CA-2 Southbound at Exits 13A 13B Fletcher Dr.,CA-2 S,Los Angeles,Los Angeles,CA,90039,US,US/Pacific,KCQT,2016-06-26 20:47:00,68.0,,81.0,29.89,10.0,Variable,4.6,,Clear,False,False,False,False,False,False,False,False,False,False,False,False,False,Night,Day,Day,Day
A-44516,Source2,3,2016-06-26 22:07:49,2016-06-26 22:37:49,34.036827,-118.379051,,,0.0,Accident on I-10 Eastbound at Exit 7A La Cienega Blvd.,I-10 E,Los Angeles,Los Angeles,CA,90034,US,US/Pacific,KSMO,2016-06-26 21:51:00,66.0,,84.0,29.91,7.0,SW,3.5,,Overcast,False,False,False,False,False,False,False,False,False,True,False,False,False,Night,Night,Night,Night
A-44517,Source2,2,2016-06-26 22:01:48,2016-06-26 22:31:48,34.029781,-118.217659,,,0.0,Accident on CA-60 at Exits 1A 1C I-5.,Pomona Fwy W,Los Angeles,Los Angeles,CA,90023,US,US/Pacific,KCQT,2016-06-26 21:47:00,66.9,,84.0,29.9,8.0,Calm,,,Clear,False,False,False,False,False,False,False,False,False,False,False,False,False,Night,Night,Night,Night
A-44518,Source2,2,2016-06-26 22:04:40,2016-06-26 22:34:40,34.023914000000005,-118.189262,,,0.0,One lane blocked due to accident on Whittier Blvd at Ditman Ave.,S Ditman Ave,Los Angeles,Los Angeles,CA,90023-1814,US,US/Pacific,KCQT,2016-06-26 21:47:00,66.9,,84.0,29.9,8.0,Calm,,,Clear,False,False,False,False,False,False,False,False,False,False,False,True,False,Night,Night,Night,Night
A-44521,Source2,2,2016-06-26 23:44:15,2016-06-27 00:14:15,33.980804,-118.256439,,,0.0,Accident on Central Ave Southbound at 65th St.,E 65th St,Los Angeles,Los Angeles,CA,90001-1618,US,US/Pacific,KCQT,2016-06-26 23:47:00,66.9,,84.0,29.9,8.0,Calm,,,Clear,False,False,False,False,False,False,False,False,False,False,False,False,False,Night,Night,Night,Night
A-44525,Source2,2,2016-06-27 01:23:43,2016-06-27 02:23:43,33.988968,-118.354095,,,0.0,Lane blocked due to accident on Overhill Dr both ways at Slauson Ave.,Overhill Dr,Los Angeles,Los Angeles,CA,90043-2714,US,US/Pacific,KHHR,2016-06-27 00:53:00,68.0,,78.0,29.9,7.0,Calm,,,Clear,False,False,True,False,False,False,False,False,False,False,False,True,False,Night,Night,Night,Night
A-44527,Source2,2,2016-06-27 01:21:06,2016-06-27 02:21:06,34.081837,-118.22374,,,0.0,Lane blocked due to accident on CA-110 Northbound at Exits 26A 26B I-5.,CA-110 N,Los Angeles,Los Angeles,CA,90031,US,US/Pacific,KCQT,2016-06-27 00:47:00,66.9,,84.0,29.89,7.0,Calm,,,Clear,False,False,False,False,False,False,False,False,False,False,False,False,False,Night,Night,Night,Night
A-44528,Source2,3,2016-06-27 01:14:07,2016-06-27 02:14:07,34.020058,-118.189331,,,0.0,Lane blocked due to accident on I-5 Southbound at Exits 131 131B Indiana St.,Santa Ana Fwy S,Los Angeles,Los Angeles,CA,90023,US,US/Pacific,KCQT,2016-06-27 00:47:00,66.9,,84.0,29.89,7.0,Calm,,,Clear,False,False,False,False,False,False,False,False,False,False,False,False,False,Night,Night,Night,Night
A-44529,Source2,2,2016-06-27 01:32:34,2016-06-27 02:32:34,34.073421,-118.267769,,,0.0,Lane blocked due to accident on Bellevue Ave both ways at Lake St.,Bellevue Ave,Los Angeles,Los Angeles,CA,90026-4008,US,US/Pacific,KCQT,2016-06-27 00:47:00,66.9,,84.0,29.89,7.0,Calm,,,Clear,False,False,False,False,False,False,False,False,False,False,False,False,False,Night,Night,Night,Night
A-44535,Source2,2,2016-06-27 03:27:09,2016-06-27 04:27:09,34.079376,-118.291702,,,0.0,Lane blocked due to accident on US-101 Southbound at Exit 6A Vermont Ave.,N Vermont Ave,Los Angeles,Los Angeles,CA,90004,US,US/Pacific,KCQT,2016-06-27 03:47:00,66.9,,84.0,29.87,8.0,Calm,,,Clear,False,False,False,False,False,False,False,False,True,False,False,False,False,Night,Night,Night,Night
A-44536,Source2,2,2016-06-27 03:30:08,2016-06-27 04:30:08,34.074902,-118.232674,,,0.0,Lane blocked due to accident on CA-110 Southbound at Exit 25 Amador St.,Pasadena Fwy S,Los Angeles,Los Angeles,CA,90012,US,US/Pacific,KCQT,2016-06-27 03:47:00,66.9,,84.0,29.87,8.0,Calm,,,Clear,False,False,False,False,False,False,False,False,False,False,False,False,False,Night,Night,Night,Night
A-44538,Source2,2,2016-06-27 03:45:44,2016-06-27 04:45:44,33.930969,-118.309067,,,0.0,Lane blocked due to accident on Imperial Hwy both ways at Western Ave.,S Western Ave,Los Angeles,Los Angeles,CA,90047,US,US/Pacific,KHHR,2016-06-27 03:53:00,68.0,,78.0,29.89,8.0,SW,3.5,,Clear,False,False,False,False,False,False,False,False,False,False,False,True,False,Night,Night,Night,Night
A-44559,Source2,2,2016-06-27 08:38:22,2016-06-27 09:18:00,34.029835,-118.21492,,,0.0,Right hand shoulder blocked due to accident on CA-60 Westbound at Exits 1A 1C I-5.,I-5 N,Los Angeles,Los Angeles,CA,90023,US,US/Pacific,KCQT,2016-06-27 08:38:00,70.0,,81.0,29.93,3.0,Calm,,,Haze,False,False,False,False,False,False,False,False,False,False,False,False,False,Day,Day,Day,Day
A-44560,Source2,3,2016-06-27 08:59:38,2016-06-27 09:44:38,34.055271000000005,-118.214081,,,0.0,Connecting roadway blocked due to earlier accident on I-5 I-10 Northbound at I-10 EB.,I-5 N,Los Angeles,Los Angeles,CA,90033,US,US/Pacific,KCQT,2016-06-27 08:47:00,72.0,,76.0,29.92,3.0,Calm,,,Haze,False,False,False,False,False,False,False,False,False,False,False,False,False,Day,Day,Day,Day
A-44579,Source2,3,2016-06-27 10:12:37,2016-06-27 10:52:00,34.024544,-118.23925,,,0.0,Right hand shoulder blocked due to accident on I-10 Eastbound at Exit 15B Alameda St.,I-10 E,Los Angeles,Los Angeles,CA,90021,US,US/Pacific,KCQT,2016-06-27 09:47:00,75.0,,69.0,29.92,4.0,Calm,,,Haze,False,False,False,False,False,False,False,False,False,False,False,False,False,Day,Day,Day,Day
A-44587,Source2,3,2016-06-27 10:32:28,2016-06-27 11:12:00,34.023773,-118.24292,,,0.0,Accident on I-10 Westbound at Exit 15B Alameda St.,I-10 W,Los Angeles,Los Angeles,CA,90021,US,US/Pacific,KCQT,2016-06-27 10:47:00,80.1,,60.0,29.91,4.0,Calm,,,Haze,False,False,False,False,True,False,False,False,False,False,False,False,False,Day,Day,Day,Day
A-44589,Source2,2,2016-06-27 10:33:30,2016-06-27 11:15:00,34.0387,-118.173592,,,0.0,Accident on Eastern Ave both ways at Michigan Ave.,N Eastern Ave,Los Angeles,Los Angeles,CA,90022-1444,US,US/Pacific,KCQT,2016-06-27 10:47:00,80.1,,60.0,29.91,4.0,Calm,,,Haze,False,False,False,False,False,False,False,False,True,False,False,False,False,Day,Day,Day,Day
A-44597,Source2,3,2016-06-27 10:51:56,2016-06-27 11:34:00,34.024021000000005,-118.172623,,,0.0,Right hand shoulder blocked due to accident on I-710 Southbound at Exits 18 19 Olympic Blvd.,Long Beach Fwy S,Los Angeles,Los Angeles,CA,90022,US,US/Pacific,KCQT,2016-06-27 10:47:00,80.1,,60.0,29.91,4.0,Calm,,,Haze,False,False,False,False,False,False,False,False,False,False,False,False,False,Day,Day,Day,Day
A-44616,Source2,3,2016-06-27 11:35:22,2016-06-27 12:21:00,33.928829,-118.245468,,,0.0,Right lane blocked due to accident on I-105 Westbound after Exit 10 Wilmington Ave.,I-105 W,Los Angeles,Los Angeles,CA,90059,US,US/Pacific,KHHR,2016-06-27 11:53:00,79.0,,60.0,29.94,5.0,WSW,9.2,,Haze,False,False,False,False,False,False,False,False,False,False,False,False,False,Day,Day,Day,Day
A-44617,Source2,2,2016-06-27 11:36:50,2016-06-27 12:17:00,34.024055,-118.151962,,,0.0,Accident on Margaret Ave both ways at 6th St.,Margaret Ave,Los Angeles,Los Angeles,CA,90022-2610,US,US/Pacific,KCQT,2016-06-27 11:47:00,84.9,,51.0,29.91,6.0,Calm,,,Haze,False,False,False,False,False,False,False,False,False,False,False,False,False,Day,Day,Day,Day
A-44625,Source2,3,2016-06-27 12:16:21,2016-06-27 12:55:00,34.036297,-118.438126,,,0.0,#2 lane blocked due to accident on I-405 Southbound before Exits 53 53A 53B I-10.,I-405 N,Los Angeles,Los Angeles,CA,90064,US,US/Pacific,KSMO,2016-06-27 11:51:00,75.9,,67.0,29.94,5.0,SSW,8.1,,Haze,False,False,False,False,False,False,False,False,False,False,False,False,False,Day,Day,Day,Day
A-44628,Source2,2,2016-06-27 12:17:12,2016-06-27 12:56:00,34.023949,-118.175934,,,0.0,Accident on Whittier Blvd both ways at Calvary Cemetery.,Whittier Blvd,Los Angeles,Los Angeles,CA,90023-2019,US,US/Pacific,KCQT,2016-06-27 11:47:00,84.9,,51.0,29.91,6.0,Calm,,,Haze,False,False,False,False,False,False,False,False,False,False,False,False,False,Day,Day,Day,Day
A-44636,Source2,2,2016-06-27 12:42:44,2016-06-27 13:25:00,34.071342,-118.235397,,,0.0,#3 lane blocked due to accident on CA-110 Southbound at Exits 24B 24C 24D Stadium Way.,Pasadena Fwy S,Los Angeles,Los Angeles,CA,90012,US,US/Pacific,KCQT,2016-06-27 12:47:00,87.1,,48.0,29.91,7.0,Calm,,,Clear,False,False,False,False,False,False,False,False,False,False,False,False,False,Day,Day,Day,Day
A-44640,Source2,2,2016-06-27 12:57:29,2016-06-27 13:38:00,34.031158000000005,-118.217636,,,0.0,#1 lane blocked due to accident on CA-60 Westbound before Exits 1A 1C I-5.,S Soto St,Los Angeles,Los Angeles,CA,90023-1324,US,US/Pacific,KCQT,2016-06-27 12:47:00,87.1,,48.0,29.91,7.0,Calm,,,Clear,False,False,False,False,False,False,False,False,False,False,False,True,False,Day,Day,Day,Day
A-44641,Source2,3,2016-06-27 13:05:36,2016-06-27 14:05:36,34.047024,-118.446587,,,0.0,Accident on I-405 Southbound near Exit 55A Cotner Ave.,I-405 N,Los Angeles,Los Angeles,CA,90025,US,US/Pacific,KSMO,2016-06-27 12:51:00,75.9,,67.0,29.94,5.0,SW,9.2,,Haze,False,False,False,False,False,False,False,False,False,False,False,False,False,Day,Day,Day,Day
A-44643,Source2,2,2016-06-27 13:06:20,2016-06-27 14:06:20,34.098099,-118.30923500000002,,,0.0,Accident on Sunset Blvd near Western Ave.,W Sunset Blvd,Los Angeles,Los Angeles,CA,90028-8522,US,US/Pacific,KCQT,2016-06-27 12:47:00,87.1,,48.0,29.91,7.0,Calm,,,Clear,False,False,True,False,False,False,False,False,True,False,False,True,False,Day,Day,Day,Day
A-44644,Source2,3,2016-06-27 12:56:34,2016-06-27 13:56:34,34.031261,-118.274445,,,0.0,Accident on I-110 Northbound near Exit 21 I-10.,Harbor Fwy N,Los Angeles,Los Angeles,CA,90007,US,US/Pacific,KCQT,2016-06-27 12:47:00,87.1,,48.0,29.91,7.0,Calm,,,Clear,False,False,False,False,False,False,False,False,False,False,False,False,False,Day,Day,Day,Day
A-44645,Source2,2,2016-06-27 13:03:15,2016-06-27 14:03:15,34.02953,-118.19976,,,0.0,Two lanes blocked due to recovery work and accident on CA-60 Westbound at Exits 1B 1D Lorena St.,S Lorena St,Los Angeles,Los Angeles,CA,90023,US,US/Pacific,KCQT,2016-06-27 12:47:00,87.1,,48.0,29.91,7.0,Calm,,,Clear,False,False,False,False,False,False,False,False,False,False,False,False,False,Day,Day,Day,Day
A-44649,Source2,3,2016-06-27 13:19:39,2016-06-27 14:19:39,34.034149,-118.350067,,,0.0,One lane blocked due to accident on I-10 Westbound at Exit 8 La Brea Ave. On the median.,S La Brea Ave,Los Angeles,Los Angeles,CA,90016,US,US/Pacific,KSMO,2016-06-27 12:51:00,75.9,,67.0,29.94,5.0,SW,9.2,,Haze,False,False,False,False,True,False,False,False,False,False,False,False,False,Day,Day,Day,Day
A-44653,Source2,2,2016-06-27 13:35:07,2016-06-27 14:35:07,34.064148,-118.452728,,,0.0,Multi-vehicle accident on Strathmore Dr near Kelton Ave.,Strathmore Dr,Los Angeles,Los Angeles,CA,90024-2314,US,US/Pacific,KSMO,2016-06-27 13:51:00,77.0,,66.0,29.93,5.0,SW,8.1,,Haze,False,False,False,False,False,False,False,False,False,True,False,False,False,Day,Day,Day,Day
A-44660,Source2,2,2016-06-27 13:50:44,2016-06-27 14:50:44,34.040562,-118.176582,,,0.0,Accident on Cesar E Chavez Ave near Gifford Ave.,Gifford Ave,Los Angeles,Los Angeles,CA,90063-3426,US,US/Pacific,KCQT,2016-06-27 13:47:00,84.9,,53.0,29.9,5.0,North,,,Haze,False,False,False,False,False,False,False,False,False,False,False,False,False,Day,Day,Day,Day
A-44666,Source2,3,2016-06-27 14:05:17,2016-06-27 15:05:17,34.096596000000005,-118.476944,,,0.0,Accident on I-405 Southbound near Exit 59 Sepulveda Blvd.,I-405 N,Los Angeles,Los Angeles,CA,90049,US,US/Pacific,KSMO,2016-06-27 13:51:00,77.0,,66.0,29.93,5.0,SW,8.1,,Haze,False,False,False,False,False,False,False,False,False,False,False,False,False,Day,Day,Day,Day
A-44667,Source2,3,2016-06-27 14:08:58,2016-06-27 15:08:58,34.110424,-118.334579,,,0.0,Accident on US-101 Southbound near Odin St.,Hollywood Fwy S,Los Angeles,Los Angeles,CA,90068,US,US/Pacific,KBUR,2016-06-27 13:53:00,93.0,,36.0,29.88,10.0,Variable,6.9,,Clear,False,False,False,False,False,False,False,False,False,False,False,False,False,Day,Day,Day,Day
A-44671,Source2,3,2016-06-27 14:14:55,2016-06-27 15:14:55,34.036709,-118.438652,,,0.0,Accident on I-405 Southbound at Exits 53 53A 53B I-10.,San Diego Fwy S,Los Angeles,Los Angeles,CA,90064,US,US/Pacific,KSMO,2016-06-27 13:51:00,77.0,,66.0,29.93,5.0,SW,8.1,,Haze,False,False,False,False,True,False,False,False,False,False,False,False,False,Day,Day,Day,Day
A-44675,Source2,2,2016-06-27 14:30:38,2016-06-27 15:30:38,34.059265,-118.252594,,,0.0,Accident on CA-110 Northbound near Exit 23C-A Beaudry Ave.,CA-110 N,Los Angeles,Los Angeles,CA,90012,US,US/Pacific,KCQT,2016-06-27 14:47:00,87.1,,49.0,29.88,6.0,Calm,,,Haze,False,False,False,False,False,False,False,False,False,False,False,False,False,Day,Day,Day,Day
A-44682,Source2,2,2016-06-27 15:12:37,2016-06-27 16:12:37,34.071938,-118.266922,,,0.0,Accident on US-101 Southbound near Exit 4B CA-2 Alvarado St.,N Alvarado St,Los Angeles,Los Angeles,CA,90026,US,US/Pacific,KCQT,2016-06-27 14:47:00,87.1,,49.0,29.88,6.0,Calm,,,Haze,False,False,False,False,False,False,False,False,True,False,False,False,False,Day,Day,Day,Day
A-44688,Source2,3,2016-06-27 15:47:39,2016-06-27 16:47:39,34.055695,-118.451965,,,0.0,One lane blocked due to accident on I-405 Southbound near Exits 55B 55C Wilshire Blvd.,I-405 N,Los Angeles,Los Angeles,CA,90025,US,US/Pacific,KSMO,2016-06-27 15:51:00,77.0,,66.0,29.91,6.0,SW,9.2,,Haze,False,False,False,False,False,False,False,False,False,False,False,False,False,Day,Day,Day,Day
A-44698,Source2,3,2016-06-27 16:12:48,2016-06-27 17:12:48,34.017162,-118.175362,,,0.0,Right hand shoulder blocked due to accident on I-5 Southbound near Exits 130B 130C I-710.,Santa Ana Fwy S,Los Angeles,Los Angeles,CA,90023,US,US/Pacific,KCQT,2016-06-27 15:47:00,84.0,,55.0,29.88,7.0,North,,,Clear,False,False,False,False,False,False,False,False,False,False,False,False,False,Day,Day,Day,Day
A-44699,Source2,2,2016-06-27 16:13:40,2016-06-27 17:13:40,34.03553400000001,-118.169891,,,0.0,Slow lane blocked due to accident on CA-60 Eastbound near Exit 3B I-710.,Pomona Fwy E,Los Angeles,Los Angeles,CA,90022,US,US/Pacific,KCQT,2016-06-27 15:47:00,84.0,,55.0,29.88,7.0,North,,,Clear,False,False,False,False,False,False,False,False,False,False,False,False,False,Day,Day,Day,Day
A-44700,Source2,3,2016-06-27 16:21:27,2016-06-27 17:21:27,33.975151000000004,-118.383858,,,0.0,Accident on I-405 Northbound near Exits 49 49B Sepulveda Blvd.,I-405 N,Los Angeles,Los Angeles,CA,90045,US,US/Pacific,KLAX,2016-06-27 15:53:00,77.0,,66.0,29.91,7.0,WSW,10.4,,Scattered Clouds,False,False,False,False,False,False,False,False,False,False,False,False,False,Day,Day,Day,Day
A-44703,Source2,3,2016-06-27 16:20:47,2016-06-27 17:20:47,34.033409000000006,-118.18045,,,0.0,One lane blocked due to accident on CA-60 Eastbound near Exit 3A Gage Ave.,E 3rd St,Los Angeles,Los Angeles,CA,90063-2448,US,US/Pacific,KCQT,2016-06-27 16:47:00,82.9,,56.0,29.88,8.0,North,,,Clear,False,False,True,False,False,False,True,False,False,False,False,True,False,Day,Day,Day,Day
A-44708,Source2,2,2016-06-27 17:09:01,2016-06-27 18:09:01,34.018295,-118.192253,,,0.0,Accident on Indiana St near Olympic Blvd.,S Indiana St,Los Angeles,Los Angeles,CA,90023-3216,US,US/Pacific,KCQT,2016-06-27 16:47:00,82.9,,56.0,29.88,8.0,North,,,Clear,False,False,False,False,False,False,False,False,False,False,False,False,False,Day,Day,Day,Day
A-44712,Source2,3,2016-06-27 17:25:36,2016-06-27 18:25:36,33.978611,-118.127716,,,0.0,Right hand shoulder blocked due to accident on I-5 Southbound near Exit 126B Gage Ave.,Santa Ana Fwy S,Los Angeles,Los Angeles,CA,90040,US,US/Pacific,KCQT,2016-06-27 17:47:00,79.0,,62.0,29.88,8.0,WSW,3.5,,Clear,False,False,False,False,False,False,False,False,False,False,False,False,False,Day,Day,Day,Day
A-44718,Source2,3,2016-06-27 17:37:38,2016-06-27 18:37:38,34.011074,-118.280754,,,0.0,Accident on I-110 Northbound near Exit 20A Martin Luther King Jr Blvd.,Harbor Fwy N,Los Angeles,Los Angeles,CA,90037,US,US/Pacific,KCQT,2016-06-27 17:47:00,79.0,,62.0,29.88,8.0,WSW,3.5,,Clear,False,False,False,False,False,False,False,False,False,False,False,False,False,Day,Day,Day,Day
A-44726,Source2,2,2016-06-27 17:51:47,2016-06-27 18:51:47,33.998318,-118.365372,,,0.0,Accident on Stocker St near Fairfax Ave.,Kenneth Hahn State Recreation Area Dr,Los Angeles,Los Angeles,CA,90056,US,US/Pacific,KLAX,2016-06-27 17:53:00,73.0,,76.0,29.9,8.0,West,11.5,,Scattered Clouds,False,False,False,False,False,False,False,False,False,False,False,True,False,Day,Day,Day,Day
A-44741,Source2,2,2016-06-27 18:26:15,2016-06-27 19:26:15,33.986095,-118.138985,,,0.0,Accident on Bandini Blvd near Garfield Ave.,Bandini Blvd,Los Angeles,Los Angeles,CA,90040,US,US/Pacific,KCQT,2016-06-27 18:47:00,77.0,,66.0,29.88,8.0,West,3.5,,Clear,False,False,False,False,False,False,False,False,False,False,False,True,False,Day,Day,Day,Day
A-44745,Source2,3,2016-06-27 18:35:57,2016-06-27 19:35:57,34.036751,-118.317757,,,0.0,One lane blocked due to accident on I-10 Eastbound at Exits 10 11 Arlington Ave.,Arlington Ave,Los Angeles,Los Angeles,CA,90018,US,US/Pacific,KCQT,2016-06-27 18:47:00,77.0,,66.0,29.88,8.0,West,3.5,,Clear,False,False,False,False,True,False,False,False,False,False,False,False,False,Day,Day,Day,Day
A-44761,Source2,3,2016-06-27 18:48:31,2016-06-27 19:48:31,33.998142,-118.176369,,,0.0,Accident on I-710 Northbound at Exits 17A 17B Atlantic Blvd.,Long Beach Fwy N,Los Angeles,Los Angeles,CA,90058,US,US/Pacific,KCQT,2016-06-27 18:47:00,77.0,,66.0,29.88,8.0,West,3.5,,Clear,False,False,False,False,False,False,False,False,False,False,False,False,False,Day,Day,Day,Day
A-44762,Source2,3,2016-06-27 18:57:15,2016-06-27 19:57:15,34.025501,-118.172188,,,0.0,One lane blocked due to accident and vehicles spun around on I-710 Northbound near Exits 18 19 Olympic Blvd.,Long Beach Fwy N,Los Angeles,Los Angeles,CA,90022,US,US/Pacific,KCQT,2016-06-27 18:47:00,77.0,,66.0,29.88,8.0,West,3.5,,Clear,False,False,False,False,False,False,False,False,False,False,False,False,False,Day,Day,Day,Day
A-44787,Source2,3,2016-06-27 19:46:08,2016-06-27 20:46:08,34.036812,-118.379204,,,0.0,Right hand shoulder blocked due to accident on I-10 Eastbound near Exit 7A La Cienega Blvd.,I-10 E,Los Angeles,Los Angeles,CA,90034,US,US/Pacific,KSMO,2016-06-27 19:51:00,70.0,,84.0,29.9,7.0,WSW,5.8,,Clear,False,False,False,False,False,False,False,False,False,True,False,False,False,Day,Day,Day,Day
A-44788,Source2,2,2016-06-27 19:50:27,2016-06-27 20:50:27,34.01099,-118.127625,,,0.0,One lane blocked due to accident on Olympic Blvd at Concourse Ave.,S Concourse Ave,Los Angeles,Los Angeles,CA,90022-4726,US,US/Pacific,KCQT,2016-06-27 19:47:00,73.9,,73.0,29.89,6.0,Calm,,,Haze,False,False,False,False,False,False,False,False,False,False,False,True,False,Day,Day,Day,Day
A-44796,Source2,2,2016-06-27 19:53:41,2016-06-27 20:53:41,34.080215,-118.291695,,,0.0,Right hand shoulder blocked due to accident on US-101 Northbound near Exit 6A Vermont Ave.,N Vermont Ave,Los Angeles,Los Angeles,CA,90004,US,US/Pacific,KCQT,2016-06-27 19:47:00,73.9,,73.0,29.89,6.0,Calm,,,Haze,False,False,False,False,False,False,False,False,False,False,False,False,False,Day,Day,Day,Day
A-44797,Source2,3,2016-06-27 19:54:18,2016-06-27 20:54:18,34.031918,-118.262413,,,0.0,Accident on I-10 Westbound near Exit 14A 18th St.,I-10 E,Los Angeles,Los Angeles,CA,90015,US,US/Pacific,KCQT,2016-06-27 19:47:00,73.9,,73.0,29.89,6.0,Calm,,,Haze,False,False,False,False,False,False,False,False,False,False,False,True,False,Day,Day,Day,Day
A-44818,Source2,2,2016-06-27 20:16:54,2016-06-27 21:16:54,34.081837,-118.22374,,,0.0,Right lane blocked due to accident on CA-110 Southbound near Exits 26A 26B I-5.,CA-110 N,Los Angeles,Los Angeles,CA,90031,US,US/Pacific,KCQT,2016-06-27 19:47:00,73.9,,73.0,29.89,6.0,Calm,,,Haze,False,False,False,False,False,False,False,False,False,False,False,False,False,Night,Day,Day,Day
A-44822,Source2,3,2016-06-27 20:29:14,2016-06-27 21:29:14,33.960133,-118.280518,,,0.0,Lane blocked due to accident and vehicles spun around on I-110 Northbound near Exit 16 CA-42 Manchester Ave.,W Manchester Ave,Los Angeles,Los Angeles,CA,90003,US,US/Pacific,KHHR,2016-06-27 20:53:00,71.1,,81.0,29.91,9.0,WNW,5.8,,Clear,False,False,True,False,False,False,False,False,True,True,False,False,False,Night,Day,Day,Day
A-44828,Source2,3,2016-06-27 20:32:44,2016-06-27 21:32:44,34.082169,-118.224617,,,0.0,Shoulder blocked on entry ramp due to accident on I-5 Northbound near Exit 137A CA-110.,N Figueroa St,Los Angeles,Los Angeles,CA,90065,US,US/Pacific,KCQT,2016-06-27 20:47:00,71.1,,81.0,29.9,7.0,Calm,,,Clear,False,False,False,False,False,False,False,False,False,False,False,False,False,Night,Day,Day,Day
A-44836,Source2,3,2016-06-27 20:38:14,2016-06-27 21:38:14,34.02676,-118.430115,,,0.0,Left hand shoulder blocked due to accident on I-405 Southbound near Exits 53 53A 53B I-10.,National Blvd,Los Angeles,Los Angeles,CA,90064,US,US/Pacific,KSMO,2016-06-27 20:37:00,69.1,,87.0,29.91,9.0,WSW,5.8,,Mostly Cloudy,False,False,False,False,False,False,False,False,False,False,False,False,False,Night,Night,Day,Day
A-44837,Source2,2,2016-06-27 20:45:02,2016-06-27 21:30:02,33.987759000000004,-118.373238,,,0.0,Accident on Slauson Ave near Corning Ave.,W Slauson Ave,Los Angeles,Los Angeles,CA,90056-1351,US,US/Pacific,KLAX,2016-06-27 20:53:00,69.1,,87.0,29.91,6.0,West,11.5,,Mostly Cloudy,False,False,True,False,False,False,False,False,True,False,False,True,False,Night,Night,Day,Day
A-44852,Source2,3,2016-06-27 21:41:17,2016-06-27 22:26:17,33.996494,-118.280632,,,0.0,One lane blocked due to accident on I-110 Southbound at Exit 19A Grand Ave.,W 51st St,Los Angeles,Los Angeles,CA,90037,US,US/Pacific,KCQT,2016-06-27 21:47:00,70.0,,84.0,29.91,8.0,Calm,,,Clear,False,False,False,False,False,False,False,False,False,False,False,False,False,Night,Night,Night,Day
A-44861,Source2,2,2016-06-27 22:40:55,2016-06-27 23:25:55,34.03553400000001,-118.169891,,,0.0,Two lanes blocked due to accident and people on the road on CA-60 Eastbound at Exit 3B I-710.,Pomona Fwy E,Los Angeles,Los Angeles,CA,90022,US,US/Pacific,KCQT,2016-06-27 22:47:00,70.0,,84.0,29.92,9.0,Calm,,,Clear,False,False,False,False,False,False,False,False,False,False,False,False,False,Night,Night,Night,Night
A-44874,Source2,3,2016-06-28 02:09:34,2016-06-28 03:24:34,34.122634999999995,-118.478424,,,0.0,Two lanes blocked due to accident and vehicles spun around on I-405 Northbound at Exit 61 Skirball Center Dr.,Skirball Center Dr,Los Angeles,Los Angeles,CA,90077,US,US/Pacific,KSMO,2016-06-28 01:51:00,66.0,,93.0,29.93,3.0,Calm,,,Overcast,False,False,False,False,True,False,False,False,False,False,False,False,False,Night,Night,Night,Night
A-44876,Source2,2,2016-06-28 03:00:28,2016-06-28 04:00:28,34.062588,-118.248718,,,0.0,Lane blocked due to accident on US-101 Southbound at Exits 3 3A 3B CA-110.,CA-110 N,Los Angeles,Los Angeles,CA,90012,US,US/Pacific,KCQT,2016-06-28 02:47:00,68.0,,87.0,29.91,8.0,Calm,,,Clear,False,False,False,False,False,False,False,False,False,False,False,False,False,Night,Night,Night,Night
A-44880,Source2,2,2016-06-28 04:32:21,2016-06-28 05:17:21,34.110424,-118.334579,,,0.0,Right hand shoulder blocked due to accident on US-101 Southbound at Odin St.,Hollywood Fwy S,Los Angeles,Los Angeles,CA,90068,US,US/Pacific,KBUR,2016-06-28 04:53:00,70.0,,81.0,29.89,9.0,Variable,3.5,,Clear,False,False,False,False,False,False,False,False,False,False,False,False,False,Night,Night,Night,Day
A-44887,Source2,2,2016-06-28 05:52:35,2016-06-28 06:31:00,34.101688,-118.316711,,,0.0,Accident on US-101 Northbound at Exits 8A 8B Van Ness Ave.,Hollywood Blvd,Los Angeles,Los Angeles,CA,90028,US,US/Pacific,KCQT,2016-06-28 05:47:00,66.9,,90.0,29.94,5.0,Calm,,,Clear,False,False,False,False,False,False,False,False,True,False,False,False,False,Day,Day,Day,Day
A-44888,Source2,2,2016-06-28 05:51:58,2016-06-28 06:30:00,34.054878,-118.257164,,,0.0,Accident on CA-110 Northbound at Exit 23C-A Beaudry Ave.,W 4th St,Los Angeles,Los Angeles,CA,90017,US,US/Pacific,KCQT,2016-06-28 05:47:00,66.9,,90.0,29.94,5.0,Calm,,,Clear,False,False,False,False,False,False,False,False,False,False,False,False,False,Day,Day,Day,Day
A-44903,Source2,2,2016-06-28 09:45:10,2016-06-28 10:24:00,34.068634,-118.257935,,,0.0,Gore point obstructed due to accident on US-101 Northbound at Exit 4A Palo Alto St.,US-101 N,Los Angeles,Los Angeles,CA,90026,US,US/Pacific,KCQT,2016-06-28 09:47:00,80.1,,62.0,29.94,5.0,West,3.5,,Haze,False,False,False,False,True,False,False,False,False,False,False,False,False,Day,Day,Day,Day
A-44922,Source2,2,2016-06-28 10:43:31,2016-06-28 11:30:00,34.033409000000006,-118.18045,,,0.0,Right hand shoulder blocked due to accident on CA-60 Eastbound at Exit 3A Gage Ave.,E 3rd St,Los Angeles,Los Angeles,CA,90063-2448,US,US/Pacific,KCQT,2016-06-28 10:47:00,84.0,,55.0,29.93,6.0,Variable,4.6,,Haze,False,False,True,False,False,False,True,False,False,False,False,True,False,Day,Day,Day,Day
A-44926,Source2,2,2016-06-28 11:02:52,2016-06-28 11:42:00,34.103973,-118.190994,,,0.0,Accident on CA-110 Southbound at Exit 28B Avenue 57.,Via Marisol,Los Angeles,Los Angeles,CA,90042,US,US/Pacific,KCQT,2016-06-28 10:47:00,84.0,,55.0,29.93,6.0,Variable,4.6,,Haze,False,False,False,False,False,False,False,False,False,True,False,False,False,Day,Day,Day,Day
A-44936,Source2,3,2016-06-28 11:22:33,2016-06-28 12:08:00,34.028423,-118.229935,,,0.0,#3 lane blocked due to accident on I-10 Westbound at Exits 16A 16B CA-60.,I-10 W,Los Angeles,Los Angeles,CA,90021,US,US/Pacific,KCQT,2016-06-28 11:47:00,84.0,,56.0,29.94,6.0,Variable,4.6,,Haze,False,False,False,False,True,False,False,False,False,False,False,False,False,Day,Day,Day,Day
A-44944,Source2,2,2016-06-28 11:43:28,2016-06-28 12:13:28,33.931202,-118.291794,,,0.0,Accident on Vermont Ave at CA-90 Imperial Hwy.,S Vermont Ave,Los Angeles,Los Angeles,CA,90044,US,US/Pacific,KHHR,2016-06-28 11:53:00,77.0,,64.0,29.96,8.0,WSW,11.5,,Clear,False,False,False,False,False,False,False,False,False,False,False,True,False,Day,Day,Day,Day
A-44948,Source2,3,2016-06-28 11:47:20,2016-06-28 12:17:20,34.043037,-118.217239,,,0.0,Right hand shoulder blocked due to accident on I-5 I-10 Southbound at Exit 135A 4th St.,Golden State Fwy S,Los Angeles,Los Angeles,CA,90033,US,US/Pacific,KCQT,2016-06-28 11:47:00,84.0,,56.0,29.94,6.0,Variable,4.6,,Haze,False,False,False,False,False,False,False,False,False,False,False,False,False,Day,Day,Day,Day
A-44954,Source2,3,2016-06-28 12:04:08,2016-06-28 13:46:00,34.038456,-118.27401,,,0.0,Right hand shoulder blocked due to accident on I-10 Westbound at Exits 12 13B I-110.,CA-110 S,Los Angeles,Los Angeles,CA,90015,US,US/Pacific,KCQT,2016-06-28 11:47:00,84.0,,56.0,29.94,6.0,Variable,4.6,,Haze,False,False,False,False,False,False,False,False,False,False,False,False,False,Day,Day,Day,Day
A-44955,Source2,2,2016-06-28 12:22:52,2016-06-28 13:07:00,34.094757,-118.205978,,,0.0,Slow lane blocked due to accident on CA-110 Southbound at Exit 27 Avenue 43.,Pasadena Fwy S,Los Angeles,Los Angeles,CA,90031,US,US/Pacific,KCQT,2016-06-28 12:47:00,80.1,,60.0,29.95,7.0,Variable,3.5,,Clear,False,False,False,False,True,False,False,False,False,False,False,False,False,Day,Day,Day,Day
A-44956,Source2,2,2016-06-28 12:24:00,2016-06-28 13:07:00,33.974728000000006,-118.237656,,,0.0,Accident on Florence Ave both ways at Wilson Ave.,E Florence Ave,Los Angeles,Los Angeles,CA,90001-2746,US,US/Pacific,KCQT,2016-06-28 12:47:00,80.1,,60.0,29.95,7.0,Variable,3.5,,Clear,False,False,True,False,False,False,False,False,True,False,False,True,False,Day,Day,Day,Day
A-44958,Source2,2,2016-06-28 12:41:59,2016-06-28 13:20:00,34.121162,-118.22979,,,0.0,Accident on CA-2 Northbound at Exit 15 Verdugo Rd.,Verdugo Rd,Los Angeles,Los Angeles,CA,90065,US,US/Pacific,KCQT,2016-06-28 12:47:00,80.1,,60.0,29.95,7.0,Variable,3.5,,Clear,False,False,False,False,False,False,False,False,False,False,False,False,False,Day,Day,Day,Day
A-44962,Source2,3,2016-06-28 13:15:38,2016-06-28 14:15:38,34.120468,-118.271271,,,0.0,Right hand shoulder blocked due to accident on I-5 Southbound near Exits 141 141A 141B Los Feliz Blvd.,Golden State Fwy S,Los Angeles,Los Angeles,CA,90027,US,US/Pacific,KCQT,2016-06-28 12:47:00,80.1,,60.0,29.95,7.0,Variable,3.5,,Clear,False,False,False,False,False,False,False,False,False,False,False,False,False,Day,Day,Day,Day
A-44963,Source2,2,2016-06-28 13:17:54,2016-06-28 14:17:54,34.060673,-118.25061,,,0.0,Accident on US-101 Eastbound at Exits 3 3A 3B CA-110.,CA-110 N,Los Angeles,Los Angeles,CA,90012,US,US/Pacific,KCQT,2016-06-28 12:47:00,80.1,,60.0,29.95,7.0,Variable,3.5,,Clear,False,False,False,False,True,False,False,False,False,False,False,False,False,Day,Day,Day,Day
A-44974,Source2,2,2016-06-28 13:45:24,2016-06-28 14:45:24,34.033984999999994,-118.277672,,,0.0,Accident on Park Grove Ave near 21st St.,Park Grove Ave,Los Angeles,Los Angeles,CA,90007-2022,US,US/Pacific,KCQT,2016-06-28 13:47:00,80.1,,60.0,29.93,8.0,West,6.9,,Clear,False,False,False,False,False,False,False,False,False,False,False,False,False,Day,Day,Day,Day
A-44979,Source2,3,2016-06-28 13:52:16,2016-06-28 14:52:16,34.095539,-118.244049,,,0.0,Right hand shoulder blocked due to accident on I-5 Southbound near Exit 138 Stadium Way.,Riverside Dr,Los Angeles,Los Angeles,CA,90031,US,US/Pacific,KCQT,2016-06-28 13:47:00,80.1,,60.0,29.93,8.0,West,6.9,,Clear,False,False,False,False,False,False,False,False,False,False,False,False,False,Day,Day,Day,Day
A-44988,Source2,2,2016-06-28 14:15:04,2016-06-28 15:15:04,33.924,-118.309067,,,0.0,Accident on Western Ave near 120th St.,W 120th St,Los Angeles,Los Angeles,CA,90047,US,US/Pacific,KHHR,2016-06-28 14:18:00,79.0,,58.0,29.94,1.8,West,12.7,,Haze,False,False,False,False,False,False,False,False,False,False,False,True,False,Day,Day,Day,Day
A-44995,Source2,2,2016-06-28 14:37:54,2016-06-28 15:37:54,34.063725,-118.24991599999998,,,0.0,Right hand shoulder blocked due to accident on US-101 Southbound near Exits 3 3A 3B CA-110.,Hollywood Fwy S,Los Angeles,Los Angeles,CA,90012,US,US/Pacific,KCQT,2016-06-28 14:47:00,80.1,,60.0,29.91,10.0,West,3.5,,Clear,False,False,False,False,False,False,False,False,False,False,False,False,False,Day,Day,Day,Day
A-44996,Source2,2,2016-06-28 14:37:35,2016-06-28 15:37:35,34.053653999999995,-118.21402,,,0.0,Accident on San Bernardino Fwy at Exit 19 I-10.,I-5 N,Los Angeles,Los Angeles,CA,90033,US,US/Pacific,KCQT,2016-06-28 14:47:00,80.1,,60.0,29.91,10.0,West,3.5,,Clear,False,False,False,False,False,False,False,False,False,False,False,False,False,Day,Day,Day,Day
A-45001,Source2,2,2016-06-28 15:09:46,2016-06-28 16:09:46,34.052181,-118.173569,,,0.0,Accident on Eastern Ave near Sheriff Rd.,N Eastern Ave,Los Angeles,Los Angeles,CA,90063-3220,US,US/Pacific,KCQT,2016-06-28 14:47:00,80.1,,60.0,29.91,10.0,West,3.5,,Clear,False,False,False,False,False,False,False,False,False,False,False,False,False,Day,Day,Day,Day
A-45009,Source2,2,2016-06-28 15:15:48,2016-06-28 16:15:48,34.052338,-118.2593,,,0.0,Right hand shoulder blocked due to accident on CA-110 Northbound near Exit 23C-A Beaudry Ave.,W 6th St,Los Angeles,Los Angeles,CA,90071,US,US/Pacific,KCQT,2016-06-28 14:47:00,80.1,,60.0,29.91,10.0,West,3.5,,Clear,False,False,False,False,False,False,False,False,False,False,False,False,False,Day,Day,Day,Day
A-45010,Source2,3,2016-06-28 15:14:45,2016-06-28 16:14:45,33.99527,-118.145088,,,0.0,One lane blocked due to accident on I-5 Southbound near Exit 128B Washington Blvd.,Santa Ana Fwy S,Los Angeles,Los Angeles,CA,90040,US,US/Pacific,KCQT,2016-06-28 14:47:00,80.1,,60.0,29.91,10.0,West,3.5,,Clear,False,False,False,False,False,False,False,False,False,False,False,False,False,Day,Day,Day,Day
A-45013,Source2,2,2016-06-28 15:24:57,2016-06-28 16:24:57,34.033287,-118.169144,,,0.0,Accident on 3rd St near Ford Blvd.,S Ford Blvd,Los Angeles,Los Angeles,CA,90022-1805,US,US/Pacific,KCQT,2016-06-28 15:47:00,79.0,,60.0,29.89,10.0,Variable,3.5,,Clear,False,False,True,False,False,False,True,False,False,False,False,True,False,Day,Day,Day,Day
A-45016,Source2,2,2016-06-28 15:39:28,2016-06-28 16:39:28,33.957935,-118.292732,,,0.0,Accident on 88th St in Inglewood.,W 88th St,Los Angeles,Los Angeles,CA,90044-2122,US,US/Pacific,KHHR,2016-06-28 15:53:00,75.9,,64.0,29.91,10.0,WSW,13.8,,Clear,False,False,False,False,False,False,False,False,False,False,False,False,False,Day,Day,Day,Day
A-45026,Source2,3,2016-06-28 16:22:37,2016-06-28 17:22:37,34.020496,-118.194107,,,0.0,Accident on I-5 Southbound near Exits 132 132A Calzona St.,Santa Ana Fwy S,Los Angeles,Los Angeles,CA,90023,US,US/Pacific,KCQT,2016-06-28 16:47:00,79.0,,60.0,29.88,10.0,Variable,5.8,,Clear,False,False,False,False,False,False,False,False,False,False,False,False,False,Day,Day,Day,Day
A-45036,Source2,3,2016-06-28 17:34:29,2016-06-28 18:34:29,34.0872,-118.234116,,,0.0,Accident on I-5 Northbound near Exit 137B CA-110. On the median.,I-5 N,Los Angeles,Los Angeles,CA,90031,US,US/Pacific,KCQT,2016-06-28 17:47:00,73.0,,73.0,29.88,10.0,Variable,4.6,,Clear,False,False,False,False,False,False,False,False,False,False,False,False,False,Day,Day,Day,Day
A-45037,Source2,3,2016-06-28 17:32:44,2016-06-28 18:32:44,34.058125,-118.214264,,,0.0,Accident and vehicles spun around on I-5 I-10 Westbound near Exit 19A San Bernardino Fwy. On the median.,I-5 N,Los Angeles,Los Angeles,CA,90033,US,US/Pacific,KCQT,2016-06-28 17:47:00,73.0,,73.0,29.88,10.0,Variable,4.6,,Clear,False,False,False,False,False,False,False,False,False,False,False,False,False,Day,Day,Day,Day
A-45049,Source2,3,2016-06-28 17:59:20,2016-06-28 18:59:20,34.120468,-118.271271,,,0.0,Gore point obstructed due to accident on I-5 Southbound near Exits 141 141A 141B Los Feliz Blvd.,Golden State Fwy S,Los Angeles,Los Angeles,CA,90027,US,US/Pacific,KCQT,2016-06-28 17:47:00,73.0,,73.0,29.88,10.0,Variable,4.6,,Clear,False,False,False,False,False,False,False,False,False,False,False,False,False,Day,Day,Day,Day
A-45050,Source2,3,2016-06-28 17:41:01,2016-06-28 18:41:01,34.037518,-118.219734,,,0.0,Right hand shoulder blocked due to accident and vehicles spun around on I-5 I-10 Northbound near Exits 134A 134B 134C US-101.,I-5 N,Los Angeles,Los Angeles,CA,90023,US,US/Pacific,KCQT,2016-06-28 17:47:00,73.0,,73.0,29.88,10.0,Variable,4.6,,Clear,False,False,False,False,False,False,False,False,False,False,False,False,False,Day,Day,Day,Day
A-45051,Source2,3,2016-06-28 17:49:11,2016-06-28 18:49:11,34.018963,-118.178658,,,0.0,Accident on I-5 Southbound near Exit 131A Telegraph Rd.,E Olympic Blvd,Los Angeles,Los Angeles,CA,90023,US,US/Pacific,KCQT,2016-06-28 17:47:00,73.0,,73.0,29.88,10.0,Variable,4.6,,Clear,False,False,False,False,False,False,False,False,False,False,False,False,False,Day,Day,Day,Day
A-45077,Source2,3,2016-06-28 18:43:41,2016-06-28 19:43:41,34.051067,-118.213913,,,0.0,Right hand shoulder blocked due to accident on I-5 I-10 Northbound near Exit 135C San Bernardino Fwy.,I-5 N,Los Angeles,Los Angeles,CA,90033,US,US/Pacific,KCQT,2016-06-28 18:47:00,71.1,,75.0,29.88,10.0,West,3.5,,Clear,False,False,False,False,False,False,False,False,False,False,False,False,False,Day,Day,Day,Day
A-45082,Source2,2,2016-06-28 18:49:49,2016-06-28 19:49:49,33.988121,-118.370544,,,0.0,Accident on La Cienega Blvd near Slauson Ave.,S La Cienega Blvd,Los Angeles,Los Angeles,CA,90056-1350,US,US/Pacific,KLAX,2016-06-28 18:53:00,66.9,,87.0,29.89,9.0,West,10.4,,Overcast,False,False,False,False,False,False,False,False,False,False,False,False,False,Day,Day,Day,Day
A-45086,Source2,2,2016-06-28 18:55:09,2016-06-28 19:55:09,33.90667,-118.269638,,,0.0,Accident and fallen power cables on 138th St near San Pedro St.,S San Pedro St,Los Angeles,Los Angeles,CA,90061-2620,US,US/Pacific,KHHR,2016-06-28 18:53:00,69.1,,78.0,29.89,10.0,West,8.1,,Partly Cloudy,False,False,False,False,False,False,False,False,False,False,False,False,False,Day,Day,Day,Day
A-45097,Source2,2,2016-06-28 19:27:07,2016-06-28 20:27:07,34.152218,-118.282593,,,0.0,HOV lane blocked due to accident on CA-134 Eastbound near Exit 5B I-5.,CA-134 E,Los Angeles,Los Angeles,CA,90027,US,US/Pacific,KCQT,2016-06-28 19:47:00,70.0,,78.0,29.88,10.0,Calm,,,Clear,False,False,False,False,False,False,False,False,False,False,False,False,False,Day,Day,Day,Day
A-45108,Source2,2,2016-06-28 19:46:47,2016-06-28 20:46:47,34.079376,-118.291702,,,0.0,Accident on US-101 Southbound near Exit 6A Vermont Ave.,N Vermont Ave,Los Angeles,Los Angeles,CA,90004,US,US/Pacific,KCQT,2016-06-28 19:47:00,70.0,,78.0,29.88,10.0,Calm,,,Clear,False,False,False,False,False,False,False,False,True,False,False,False,False,Day,Day,Day,Day
A-45128,Source2,3,2016-06-28 20:24:38,2016-06-28 21:24:38,34.017162,-118.175362,,,0.0,One lane blocked due to accident on I-5 Southbound near Exits 130B 130C I-710.,Santa Ana Fwy S,Los Angeles,Los Angeles,CA,90023,US,US/Pacific,KCQT,2016-06-28 20:47:00,68.0,,84.0,29.88,9.0,Calm,,,Clear,False,False,False,False,False,False,False,False,False,False,False,False,False,Night,Day,Day,Day
A-45138,Source2,3,2016-06-28 20:50:06,2016-06-28 21:50:06,34.122634999999995,-118.478424,,,0.0,Right hand shoulder blocked due to accident on I-405 Northbound near Exit 61 Skirball Center Dr.,Skirball Center Dr,Los Angeles,Los Angeles,CA,90077,US,US/Pacific,KSMO,2016-06-28 20:51:00,66.9,,87.0,29.9,10.0,South,6.9,,Overcast,False,False,False,False,True,False,False,False,False,False,False,False,False,Night,Night,Day,Day
A-45139,Source2,3,2016-06-28 20:34:30,2016-06-28 21:34:30,34.145924,-118.278709,,,0.0,Right hand shoulder blocked due to accident on I-5 Northbound near Exit 142 Colorado Street Freeway Ext.,I-5 N,Los Angeles,Los Angeles,CA,90027,US,US/Pacific,KCQT,2016-06-28 20:47:00,68.0,,84.0,29.88,9.0,Calm,,,Clear,False,False,False,False,False,False,False,False,False,False,False,False,False,Night,Day,Day,Day
A-45140,Source2,2,2016-06-28 20:46:39,2016-06-28 21:46:39,34.069817,-118.261299,,,0.0,Right hand shoulder blocked due to accident on US-101 Southbound near Exit 4A Palo Alto St.,US-101 N,Los Angeles,Los Angeles,CA,90026,US,US/Pacific,KCQT,2016-06-28 20:47:00,68.0,,84.0,29.88,9.0,Calm,,,Clear,False,False,False,False,False,False,False,False,False,False,False,False,False,Night,Night,Day,Day
A-45141,Source2,2,2016-06-28 20:45:42,2016-06-28 21:45:42,34.059265,-118.252594,,,0.0,Right hand shoulder blocked due to accident on CA-110 Northbound near Exit 23C-A Beaudry Ave.,CA-110 N,Los Angeles,Los Angeles,CA,90012,US,US/Pacific,KCQT,2016-06-28 20:47:00,68.0,,84.0,29.88,9.0,Calm,,,Clear,False,False,False,False,False,False,False,False,False,False,False,False,False,Night,Night,Day,Day
A-45143,Source2,2,2016-06-28 20:39:59,2016-06-28 21:39:59,34.079266,-118.220551,,,0.0,Accident on I-5 Southbound at Exit 137A CA-110.,Golden State Fwy S,Los Angeles,Los Angeles,CA,90031,US,US/Pacific,KCQT,2016-06-28 20:47:00,68.0,,84.0,29.88,9.0,Calm,,,Clear,False,False,False,False,False,False,False,False,False,False,False,False,False,Night,Night,Day,Day
A-45144,Source2,2,2016-06-28 20:54:05,2016-06-28 21:39:05,34.142757,-118.185654,,,0.0,Right hand shoulder blocked due to accident on CA-134 Eastbound near Exit 11 Colorado Blvd.,N Figueroa St,Los Angeles,Los Angeles,CA,90041,US,US/Pacific,KCQT,2016-06-28 20:47:00,68.0,,84.0,29.88,9.0,Calm,,,Clear,False,False,False,False,False,False,False,False,False,False,False,False,False,Night,Night,Day,Day
A-45169,Source2,2,2016-06-29 01:49:57,2016-06-29 02:49:57,34.054878,-118.257164,,,0.0,Lane blocked due to accident on CA-110 Southbound at Exit 23C-A Beaudry Ave.,W 4th St,Los Angeles,Los Angeles,CA,90017,US,US/Pacific,KCQT,2016-06-29 01:47:00,66.0,,90.0,29.9,4.0,Calm,,,Clear,False,False,False,False,False,False,False,False,False,False,False,False,False,Night,Night,Night,Night
A-45171,Source2,2,2016-06-29 02:04:47,2016-06-29 03:04:47,33.988968,-118.354095,,,0.0,Lane blocked due to accident on Slauson Ave both ways at Overhill Dr.,Overhill Dr,Los Angeles,Los Angeles,CA,90043-2714,US,US/Pacific,KHHR,2016-06-29 01:53:00,66.9,,87.0,29.91,8.0,Calm,,,Overcast,False,False,True,False,False,False,False,False,False,False,False,True,False,Night,Night,Night,Night
A-45174,Source2,2,2016-06-29 03:15:26,2016-06-29 04:15:26,33.995243,-118.354378,,,0.0,Accident on Marvale Dr both ways at Northridge Dr.,Marvale Dr,Los Angeles,Los Angeles,CA,90043-2009,US,US/Pacific,KHHR,2016-06-29 02:53:00,66.9,,87.0,29.9,7.0,Calm,,,Overcast,False,False,False,False,False,False,False,False,False,False,False,False,False,Night,Night,Night,Night
A-45175,Source2,2,2016-06-29 02:27:45,2016-06-29 04:12:45,34.093781,-118.309196,,,0.0,Right hand shoulder blocked due to accident on US-101 Northbound at Exit 7 Western Ave.,N Western Ave,Los Angeles,Los Angeles,CA,90029-1060,US,US/Pacific,KCQT,2016-06-29 02:47:00,66.0,,90.0,29.89,4.0,Calm,,,Clear,False,False,True,False,False,False,False,False,True,True,False,False,False,Night,Night,Night,Night
A-45183,Source2,2,2016-06-29 06:09:30,2016-06-29 06:48:00,33.938206,-118.31472,,,0.0,Accident on 108th St both ways at Wilton Pl.,W 108th St,Los Angeles,Los Angeles,CA,90047-4312,US,US/Pacific,KHHR,2016-06-29 05:53:00,68.0,,84.0,29.91,6.0,Calm,,,Haze,False,False,False,False,False,False,False,False,False,False,False,False,False,Day,Day,Day,Day
A-45192,Source2,2,2016-06-29 08:12:12,2016-06-29 08:51:00,34.023914000000005,-118.189262,,,0.0,Accident on Whittier Blvd both ways at Ditman Ave.,S Ditman Ave,Los Angeles,Los Angeles,CA,90023-1814,US,US/Pacific,KCQT,2016-06-29 07:47:00,71.1,,78.0,29.9,3.0,Calm,,,Haze,False,False,False,False,False,False,False,False,False,False,False,True,False,Day,Day,Day,Day
A-45196,Source2,3,2016-06-29 08:26:04,2016-06-29 09:22:00,34.032604,-118.220779,,,0.0,Right hand shoulder blocked due to accident on I-5 I-10 Southbound at Exits 134A 134B 134C US-101.,I-5 S,Los Angeles,Los Angeles,CA,90023,US,US/Pacific,KCQT,2016-06-29 08:47:00,73.9,,71.0,29.91,3.0,Variable,3.5,,Haze,False,False,False,False,True,False,False,False,False,False,False,False,False,Day,Day,Day,Day
A-45198,Source2,2,2016-06-29 09:02:01,2016-06-29 09:44:00,34.135715000000005,-118.36026,,,0.0,Right hand shoulder blocked due to accident on US-101 Southbound at Exits 12A 12B Ventura Blvd.,CA-170 S,Los Angeles,Los Angeles,CA,90068,US,US/Pacific,KBUR,2016-06-29 08:53:00,73.0,,71.0,29.89,6.0,SE,5.8,,Haze,False,False,False,False,True,False,False,False,False,False,False,False,False,Day,Day,Day,Day
A-45203,Source2,3,2016-06-29 09:35:24,2016-06-29 10:20:24,33.928825,-118.292107,,,0.0,Right hand shoulder blocked due to accident on I-105 Westbound after Exit 7A Vermont Ave.,I-105 W,Los Angeles,Los Angeles,CA,90044,US,US/Pacific,KHHR,2016-06-29 09:53:00,75.9,,64.0,29.92,4.0,SW,4.6,,Haze,False,False,False,False,False,False,True,False,True,False,False,False,False,Day,Day,Day,Day
A-45229,Source2,2,2016-06-29 11:42:22,2016-06-29 12:27:22,33.99258,-118.348228,,,0.0,Accident and fallen power cables on Angeles Vista Blvd both ways at Verdun Ave.,S Verdun Ave,Los Angeles,Los Angeles,CA,90043-1540,US,US/Pacific,KHHR,2016-06-29 11:53:00,75.9,,64.0,29.91,8.0,WSW,11.5,,Clear,False,False,False,False,False,False,False,False,False,False,False,True,False,Day,Day,Day,Day
A-45230,Source2,2,2016-06-29 11:40:43,2016-06-29 12:19:00,34.11784,-118.337296,,,0.0,Right hand shoulder blocked due to accident on US-101 Northbound at Exit 9C Cahuenga Blvd.,US-101 N,Los Angeles,Los Angeles,CA,90068,US,US/Pacific,KBUR,2016-06-29 11:53:00,87.1,,43.0,29.86,9.0,SSE,5.8,,Clear,False,False,False,False,False,False,False,False,False,False,False,False,False,Day,Day,Day,Day
A-45233,Source2,3,2016-06-29 11:49:47,2016-06-29 12:28:00,34.034954,-118.33371,,,0.0,Accident on I-10 Eastbound at Exit 9 Crenshaw Blvd.,I-10 E,Los Angeles,Los Angeles,CA,90016,US,US/Pacific,KSMO,2016-06-29 11:51:00,73.0,,73.0,29.91,8.0,SW,9.2,,Clear,False,False,False,False,False,False,False,False,False,False,False,False,False,Day,Day,Day,Day
A-45234,Source2,2,2016-06-29 11:48:32,2016-06-29 12:27:00,34.063156,-118.24881,,,0.0,Right hand shoulder blocked due to accident on CA-110 Southbound at Exit 24A US-101.,US-101 N,Los Angeles,Los Angeles,CA,90012,US,US/Pacific,KCQT,2016-06-29 11:47:00,86.0,,51.0,29.88,7.0,Variable,5.8,,Clear,False,False,False,False,False,False,False,False,False,False,False,False,False,Day,Day,Day,Day
A-45238,Source2,2,2016-06-29 11:57:01,2016-06-29 12:36:00,33.976437,-118.381668,,,0.0,Accident on Centinela Ave both ways at Sherbourne Dr.,W Centinela Ave,Los Angeles,Los Angeles,CA,90045-1771,US,US/Pacific,KLAX,2016-06-29 11:53:00,73.0,,71.0,29.91,6.0,WSW,9.2,,Haze,False,False,False,False,False,False,False,False,True,False,False,True,False,Day,Day,Day,Day
A-45267,Source2,2,2016-06-29 13:28:20,2016-06-29 14:28:20,34.030811,-118.416222,,,0.0,Accident on Overland Ave near National Blvd.,National Pl,Los Angeles,Los Angeles,CA,90034,US,US/Pacific,KSMO,2016-06-29 13:51:00,73.0,,71.0,29.9,10.0,WSW,9.2,,Clear,False,False,True,False,False,False,False,False,True,False,False,True,False,Day,Day,Day,Day
A-45278,Source2,2,2016-06-29 14:17:53,2016-06-29 15:17:53,34.044201,-118.172729,,,0.0,Accident on Sydney Dr near Floral Dr.,N Sydney Dr,Los Angeles,Los Angeles,CA,90022,US,US/Pacific,KCQT,2016-06-29 14:47:00,79.0,,60.0,29.86,10.0,Variable,4.6,,Clear,False,False,False,False,False,False,False,False,False,False,False,False,False,Day,Day,Day,Day
A-45285,Source2,2,2016-06-29 15:13:24,2016-06-29 16:13:24,34.071938,-118.266922,,,0.0,Accident on US-101 Southbound at Exit 4B CA-2 Alvarado St.,N Alvarado St,Los Angeles,Los Angeles,CA,90026,US,US/Pacific,KCQT,2016-06-29 14:47:00,79.0,,60.0,29.86,10.0,Variable,4.6,,Clear,False,False,False,False,False,False,False,False,True,False,False,False,False,Day,Day,Day,Day
A-45286,Source2,2,2016-06-29 14:54:25,2016-06-29 15:54:25,34.042076,-118.258026,,,0.0,Accident on Hill St near Olympic Blvd.,S Hill St,Los Angeles,Los Angeles,CA,90015-1612,US,US/Pacific,KCQT,2016-06-29 14:47:00,79.0,,60.0,29.86,10.0,Variable,4.6,,Clear,False,False,False,False,False,False,False,False,True,False,False,False,False,Day,Day,Day,Day
A-45287,Source2,3,2016-06-29 15:20:00,2016-06-29 16:20:00,34.026478000000004,-118.234978,,,0.0,Shoulder blocked on exit ramp due to accident on I-10 Westbound near Olympic Blvd.,E Olympic Blvd,Los Angeles,Los Angeles,CA,90021,US,US/Pacific,KCQT,2016-06-29 15:47:00,78.1,,60.0,29.85,10.0,West,6.9,,Clear,False,False,False,False,False,False,False,False,False,False,False,False,False,Day,Day,Day,Day
A-45288,Source2,3,2016-06-29 15:15:41,2016-06-29 16:15:41,33.978611,-118.127716,,,0.0,One lane blocked due to accident on I-5 Southbound near Exit 126B Gage Ave.,Santa Ana Fwy S,Los Angeles,Los Angeles,CA,90040,US,US/Pacific,KCQT,2016-06-29 14:47:00,79.0,,60.0,29.86,10.0,Variable,4.6,,Clear,False,False,False,False,False,False,False,False,False,False,False,False,False,Day,Day,Day,Day
A-45299,Source2,3,2016-06-29 15:33:46,2016-06-29 16:33:46,34.047024,-118.446587,,,0.0,Lane blocked on exit ramp due to accident on I-405 Southbound near Exit 55A Cotner Ave.,I-405 N,Los Angeles,Los Angeles,CA,90025,US,US/Pacific,KSMO,2016-06-29 15:51:00,72.0,,73.0,29.87,10.0,SW,10.4,,Scattered Clouds,False,False,False,False,False,False,False,False,False,False,False,False,False,Day,Day,Day,Day
A-45300,Source2,3,2016-06-29 15:32:04,2016-06-29 16:32:04,34.029976,-118.442039,,,0.0,Right hand shoulder blocked due to accident on I-10 Eastbound near Exits 3A 3B I-405.,I-10 E,Los Angeles,Los Angeles,CA,90064,US,US/Pacific,KSMO,2016-06-29 15:51:00,72.0,,73.0,29.87,10.0,SW,10.4,,Scattered Clouds,False,False,False,False,False,False,False,False,False,False,False,False,False,Day,Day,Day,Day
A-45301,Source2,3,2016-06-29 15:48:45,2016-06-29 16:48:45,34.030514000000004,-118.4384,,,0.0,Right hand shoulder blocked due to accident on I-10 Eastbound near Exits 3A 3B I-405.,I-10 E,Los Angeles,Los Angeles,CA,90064,US,US/Pacific,KSMO,2016-06-29 15:51:00,72.0,,73.0,29.87,10.0,SW,10.4,,Scattered Clouds,False,False,False,False,False,False,False,False,False,False,False,False,False,Day,Day,Day,Day
A-45303,Source2,2,2016-06-29 15:39:09,2016-06-29 16:39:09,34.074913,-118.273315,,,0.0,Right hand shoulder blocked due to accident on US-101 Northbound near Exit 5A London St.,CA-2 W,Los Angeles,Los Angeles,CA,90026,US,US/Pacific,KCQT,2016-06-29 15:47:00,78.1,,60.0,29.85,10.0,West,6.9,,Clear,False,False,False,False,False,False,False,False,False,False,False,True,False,Day,Day,Day,Day
A-45307,Source2,3,2016-06-29 15:59:12,2016-06-29 16:59:12,34.030846000000004,-118.391144,,,0.0,Right hand shoulder blocked due to accident on I-10 Westbound near Exit 6 Robertson Pl.,S Robertson Blvd,Los Angeles,Los Angeles,CA,90034,US,US/Pacific,KSMO,2016-06-29 15:51:00,72.0,,73.0,29.87,10.0,SW,10.4,,Scattered Clouds,False,False,True,False,False,False,False,False,False,False,False,False,False,Day,Day,Day,Day
A-45313,Source2,2,2016-06-29 15:50:00,2016-06-29 16:50:00,33.998135,-118.369484,,,0.0,One lane blocked due to accident on La Cienega Blvd Northbound near Stocker St.,Stocker St,Los Angeles,Los Angeles,CA,90056,US,US/Pacific,KLAX,2016-06-29 15:53:00,72.0,,68.0,29.86,9.0,WSW,13.8,,Partly Cloudy,False,False,False,False,False,False,False,False,False,False,False,True,False,Day,Day,Day,Day
A-45315,Source2,2,2016-06-29 15:51:20,2016-06-29 16:51:20,34.020405,-118.157303,,,0.0,Accident on Atlantic Blvd near CA-72 Whittier Blvd.,Whittier Blvd,Los Angeles,Los Angeles,CA,90022-3932,US,US/Pacific,KCQT,2016-06-29 15:47:00,78.1,,60.0,29.85,10.0,West,6.9,,Clear,False,False,True,False,False,False,False,False,False,False,False,True,False,Day,Day,Day,Day
A-45316,Source2,2,2016-06-29 17:01:56,2016-06-29 18:01:56,33.985222,-118.252098,,,0.0,Accident on Hooper Ave near 60th St.,Hooper Ave,Los Angeles,Los Angeles,CA,90001-1252,US,US/Pacific,KCQT,2016-06-29 16:47:00,77.0,,62.0,29.83,10.0,North,,,Clear,False,False,False,False,False,False,False,False,True,False,False,True,False,Day,Day,Day,Day
A-45317,Source2,2,2016-06-29 16:56:55,2016-06-29 17:56:55,34.018909,-118.172363,,,0.0,Accident on Olympic Blvd near I-710.,E Olympic Blvd,Los Angeles,Los Angeles,CA,90022-2939,US,US/Pacific,KCQT,2016-06-29 16:47:00,77.0,,62.0,29.83,10.0,North,,,Clear,False,False,False,False,False,False,False,False,False,False,False,True,False,Day,Day,Day,Day
A-45326,Source2,3,2016-06-29 17:10:42,2016-06-29 18:10:42,34.073067,-118.219162,,,0.0,Right hand shoulder blocked due to accident on I-5 Northbound near Exits 136 136A 136B Avenue 21.,N Broadway,Los Angeles,Los Angeles,CA,90031-2529,US,US/Pacific,KCQT,2016-06-29 16:47:00,77.0,,62.0,29.83,10.0,North,,,Clear,False,False,False,False,False,False,False,False,False,False,False,True,False,Day,Day,Day,Day
A-45335,Source2,2,2016-06-29 17:26:14,2016-06-29 18:26:14,33.960148,-118.244179,,,0.0,Accident on Maie Ave near CA-42 Firestone Blvd.,Firestone Blvd,Los Angeles,Los Angeles,CA,90002,US,US/Pacific,KHHR,2016-06-29 17:53:00,73.0,,68.0,29.84,10.0,West,9.2,,Clear,False,False,True,False,False,False,False,False,False,False,False,True,False,Day,Day,Day,Day
A-45341,Source2,3,2016-06-29 17:42:04,2016-06-29 18:42:04,34.041012,-118.44165,,,0.0,Accident on I-405 Southbound at Exit 55A Cotner Ave.,San Diego Fwy S,Los Angeles,Los Angeles,CA,90025,US,US/Pacific,KSMO,2016-06-29 17:39:00,70.0,,78.0,29.85,8.0,WSW,9.2,,Mostly Cloudy,False,False,False,False,False,False,False,False,False,False,False,False,False,Day,Day,Day,Day
A-45343,Source2,2,2016-06-29 17:55:02,2016-06-29 18:55:02,34.033352,-118.15573899999998,,,0.0,Accident on 3rd St near Pomona Blvd.,S Woods Ave,Los Angeles,Los Angeles,CA,90022-1942,US,US/Pacific,KCQT,2016-06-29 17:47:00,75.0,,66.0,29.83,10.0,Variable,4.6,,Clear,False,False,True,False,False,False,True,False,False,False,False,True,False,Day,Day,Day,Day
A-45354,Source2,3,2016-06-29 18:22:34,2016-06-29 19:22:34,34.016277,-118.17408,,,0.0,Right hand shoulder blocked due to accident on I-5 Southbound near Exits 130B 130C I-710.,Santa Ana Fwy S,Los Angeles,Los Angeles,CA,90040,US,US/Pacific,KCQT,2016-06-29 18:47:00,73.9,,68.0,29.83,10.0,West,5.8,,Clear,False,False,False,False,False,False,False,False,False,False,False,False,False,Day,Day,Day,Day
A-45372,Source2,3,2016-06-29 18:44:38,2016-06-29 19:44:38,34.055695,-118.451965,,,0.0,Right hand shoulder blocked due to accident on I-405 Southbound near Exits 55B 55C Wilshire Blvd.,I-405 N,Los Angeles,Los Angeles,CA,90025,US,US/Pacific,KSMO,2016-06-29 18:51:00,69.1,,75.0,29.84,10.0,WSW,6.9,,Scattered Clouds,False,False,False,False,False,False,False,False,False,False,False,False,False,Day,Day,Day,Day
A-45374,Source2,3,2016-06-29 18:40:30,2016-06-29 19:40:30,34.120468,-118.271271,,,0.0,One lane blocked due to accident on I-5 Southbound near Exits 141 141A 141B Los Feliz Blvd.,Golden State Fwy S,Los Angeles,Los Angeles,CA,90027,US,US/Pacific,KCQT,2016-06-29 18:47:00,73.9,,68.0,29.83,10.0,West,5.8,,Clear,False,False,False,False,False,False,False,False,False,False,False,False,False,Day,Day,Day,Day
A-45375,Source2,2,2016-06-29 18:47:08,2016-06-29 19:47:08,33.953266,-118.238548,,,0.0,Accident on 92nd St near Wilmington Ave.,Wilmington Ave,Los Angeles,Los Angeles,CA,90002-2547,US,US/Pacific,KHHR,2016-06-29 18:53:00,71.1,,73.0,29.84,10.0,West,10.4,,Clear,False,False,False,False,False,False,False,False,False,False,False,False,False,Day,Day,Day,Day
A-45385,Source2,2,2016-06-29 19:21:13,2016-06-29 20:21:13,34.023796000000004,-118.247429,,,0.0,Accident on Naomi Ave near 18th St.,Naomi Ave,Los Angeles,Los Angeles,CA,90021-3034,US,US/Pacific,KCQT,2016-06-29 19:47:00,71.1,,70.0,29.83,10.0,Calm,,,Clear,False,False,False,False,False,False,False,False,False,False,False,False,False,Day,Day,Day,Day
A-45386,Source2,2,2016-06-29 19:19:19,2016-06-29 20:19:19,34.053417,-118.240875,,,0.0,Accident on Temple St near Los Angeles St.,E Temple St,Los Angeles,Los Angeles,CA,90012-2862,US,US/Pacific,KCQT,2016-06-29 19:47:00,71.1,,70.0,29.83,10.0,Calm,,,Clear,False,False,True,False,False,False,False,False,True,False,False,True,False,Day,Day,Day,Day
A-45395,Source2,3,2016-06-29 19:25:07,2016-06-29 20:25:07,34.047024,-118.446587,,,0.0,One lane blocked due to recovery work and accident on I-405 Northbound near Exit 55A Cotner Ave.,I-405 N,Los Angeles,Los Angeles,CA,90025,US,US/Pacific,KSMO,2016-06-29 19:51:00,68.0,,81.0,29.84,9.0,SW,6.9,,Scattered Clouds,False,False,False,False,False,False,False,False,False,False,False,False,False,Day,Day,Day,Day
A-45399,Source2,2,2016-06-29 19:40:06,2016-06-29 20:40:06,34.01099,-118.127625,,,0.0,Accident on Olympic Blvd near Concourse Ave.,S Concourse Ave,Los Angeles,Los Angeles,CA,90022-4726,US,US/Pacific,KCQT,2016-06-29 19:47:00,71.1,,70.0,29.83,10.0,Calm,,,Clear,False,False,False,False,False,False,False,False,False,False,False,True,False,Day,Day,Day,Day
A-45406,Source2,3,2016-06-29 19:52:14,2016-06-29 20:52:14,34.029872999999995,-118.392464,,,0.0,One lane blocked due to accident on I-10 Eastbound near Exit 6 Robertson Pl.,I-10 E,Los Angeles,Los Angeles,CA,90034,US,US/Pacific,KSMO,2016-06-29 19:51:00,68.0,,81.0,29.84,9.0,SW,6.9,,Scattered Clouds,False,False,False,False,False,False,False,False,False,False,False,False,False,Day,Day,Day,Day
A-45407,Source2,2,2016-06-29 19:53:06,2016-06-29 20:53:06,34.145576,-118.219986,,,0.0,Two lanes blocked due to accident on CA-134 Westbound near Exits 9A 9B CA-2.,CA-134 W,Los Angeles,Los Angeles,CA,90041,US,US/Pacific,KCQT,2016-06-29 19:47:00,71.1,,70.0,29.83,10.0,Calm,,,Clear,False,False,False,False,False,False,False,False,False,False,False,False,False,Day,Day,Day,Day
A-45408,Source2,2,2016-06-29 19:47:07,2016-06-29 20:47:07,34.042263,-118.21546200000002,,,0.0,Accident on 4th St near Saint Louis St.,E 4th St,Los Angeles,Los Angeles,CA,90033-4302,US,US/Pacific,KCQT,2016-06-29 19:47:00,71.1,,70.0,29.83,10.0,Calm,,,Clear,False,False,False,False,False,False,False,False,False,False,False,True,False,Day,Day,Day,Day
A-45409,Source2,3,2016-06-29 19:47:32,2016-06-29 20:47:32,34.060608,-118.173485,,,0.0,Accident on I-10 Eastbound near Exits 20B 21 Eastern Ave. On the median.,I-10 W,Los Angeles,Los Angeles,CA,90063,US,US/Pacific,KCQT,2016-06-29 19:47:00,71.1,,70.0,29.83,10.0,Calm,,,Clear,False,False,False,False,False,False,False,False,False,False,False,False,False,Day,Day,Day,Day
A-45412,Source2,2,2016-06-29 19:56:07,2016-06-29 20:56:07,33.960148,-118.244179,,,0.0,Accident on CA-42 Firestone Blvd near Maie Ave.,Firestone Blvd,Los Angeles,Los Angeles,CA,90002,US,US/Pacific,KHHR,2016-06-29 19:53:00,68.0,,81.0,29.84,10.0,West,6.9,,Clear,False,False,True,False,False,False,False,False,False,False,False,True,False,Day,Day,Day,Day
A-45413,Source2,2,2016-06-29 19:59:12,2016-06-29 20:59:12,34.046669,-118.170242,,,0.0,Accident on Blanchard St near Lopez Ave.,Blanchard St,Los Angeles,Los Angeles,CA,90022-1003,US,US/Pacific,KCQT,2016-06-29 19:47:00,71.1,,70.0,29.83,10.0,Calm,,,Clear,False,False,False,False,False,False,False,False,False,False,False,False,False,Day,Day,Day,Day
A-45420,Source2,2,2016-06-29 20:09:23,2016-06-29 21:09:23,33.975722999999995,-118.247681,,,0.0,Accident on Compton Ave near 71st St.,Compton Ave,Los Angeles,Los Angeles,CA,90001-2527,US,US/Pacific,KCQT,2016-06-29 19:47:00,71.1,,70.0,29.83,10.0,Calm,,,Clear,False,False,False,False,False,False,False,False,False,False,False,False,False,Night,Day,Day,Day
A-45421,Source2,2,2016-06-29 20:11:45,2016-06-29 21:11:45,34.155354,-118.288116,,,0.0,One lane blocked due to accident on CA-134 Westbound near Exit 5B I-5.,CA-134 W,Los Angeles,Los Angeles,CA,90027,US,US/Pacific,KCQT,2016-06-29 19:47:00,71.1,,70.0,29.83,10.0,Calm,,,Clear,False,False,False,False,False,False,False,False,False,False,False,False,False,Night,Day,Day,Day
A-45425,Source2,3,2016-06-29 20:29:10,2016-06-29 21:29:10,34.047024,-118.446587,,,0.0,Shoulder blocked on entry ramp due to accident on I-405 Northbound near Exit 55A Cotner Ave.,I-405 N,Los Angeles,Los Angeles,CA,90025,US,US/Pacific,KSMO,2016-06-29 20:37:00,66.0,,84.0,29.85,10.0,SW,4.6,,Overcast,False,False,False,False,False,False,False,False,False,False,False,False,False,Night,Day,Day,Day
A-45428,Source2,2,2016-06-29 20:47:55,2016-06-29 21:32:55,34.155421999999994,-118.2939,,,0.0,Accident on CA-134 Westbound near Exit 5A Riverside Dr.,CA-134 W,Los Angeles,Los Angeles,CA,90027,US,US/Pacific,KCQT,2016-06-29 20:47:00,69.1,,78.0,29.84,10.0,Calm,,,Clear,False,False,False,False,False,False,False,False,False,False,False,False,False,Night,Night,Day,Day
A-45429,Source2,3,2016-06-29 20:48:50,2016-06-29 21:48:50,34.151199,-118.281181,,,0.0,Right hand shoulder blocked due to accident on I-5 Northbound near Exits 144 144A 144B CA-134.,I-5 N,Los Angeles,Los Angeles,CA,90027,US,US/Pacific,KCQT,2016-06-29 20:47:00,69.1,,78.0,29.84,10.0,Calm,,,Clear,False,False,False,False,False,False,False,False,False,False,False,False,False,Night,Night,Day,Day
A-45430,Source2,3,2016-06-29 20:45:01,2016-06-29 21:30:01,34.150475,-118.280495,,,0.0,Accident on I-5 Northbound near Exits 144 144A 144B CA-134.,I-5 N,Los Angeles,Los Angeles,CA,90027,US,US/Pacific,KCQT,2016-06-29 20:47:00,69.1,,78.0,29.84,10.0,Calm,,,Clear,False,False,False,False,False,False,False,False,False,False,False,False,False,Night,Night,Day,Day
A-45431,Source2,3,2016-06-29 20:53:12,2016-06-29 21:38:12,34.027458,-118.27449,,,0.0,Right hand shoulder blocked due to accident on I-110 Southbound near Exit 20C Adams Blvd.,Harbor Fwy N,Los Angeles,Los Angeles,CA,90007,US,US/Pacific,KCQT,2016-06-29 20:47:00,69.1,,78.0,29.84,10.0,Calm,,,Clear,False,False,False,False,False,False,False,False,False,False,False,False,False,Night,Night,Day,Day
A-45432,Source2,3,2016-06-29 20:49:52,2016-06-29 21:34:52,34.120468,-118.271271,,,0.0,One lane blocked due to accident on I-5 Southbound near Exits 141 141A 141B Los Feliz Blvd.,Golden State Fwy S,Los Angeles,Los Angeles,CA,90027,US,US/Pacific,KCQT,2016-06-29 20:47:00,69.1,,78.0,29.84,10.0,Calm,,,Clear,False,False,False,False,False,False,False,False,False,False,False,False,False,Night,Night,Day,Day
A-45435,Source2,2,2016-06-29 20:31:52,2016-06-29 21:31:52,34.033669,-118.179916,,,0.0,Accident on CA-60 Eastbound at Exit 3A Gage Ave.,Pomona Fwy E,Los Angeles,Los Angeles,CA,90063,US,US/Pacific,KCQT,2016-06-29 20:47:00,69.1,,78.0,29.84,10.0,Calm,,,Clear,False,False,False,False,False,False,False,False,False,False,False,False,False,Night,Day,Day,Day
A-45460,Source2,3,2016-06-29 21:50:06,2016-06-29 22:35:00,34.058521,-118.177696,,,0.0,One lane blocked due to accident on I-10 Eastbound at Exits 20B 21 Eastern Ave.,I-10 E,Los Angeles,Los Angeles,CA,90063,US,US/Pacific,KCQT,2016-06-29 21:47:00,68.0,,81.0,29.86,10.0,West,3.5,,Clear,False,False,False,False,False,False,False,False,False,False,False,False,False,Night,Night,Night,Day
A-45468,Source2,3,2016-06-29 22:47:45,2016-06-29 23:32:45,34.018459,-118.27935,,,0.0,Accident on I-110 Northbound at Exit 20B Exposition Blvd.,Exposition Blvd,Los Angeles,Los Angeles,CA,90007-4364,US,US/Pacific,KCQT,2016-06-29 22:47:00,66.9,,81.0,29.87,10.0,Calm,,,Clear,False,False,False,False,False,False,False,False,False,False,False,False,False,Night,Night,Night,Night
A-45473,Source2,3,2016-06-29 23:11:06,2016-06-29 23:41:06,34.124683000000005,-118.476776,,,0.0,Accident on I-405 Northbound at Exit 61 Skirball Center Dr.,I-405 N,Los Angeles,Los Angeles,CA,90049,US,US/Pacific,KSMO,2016-06-29 22:51:00,66.0,,84.0,29.87,10.0,SW,3.5,,Clear,False,False,False,False,False,False,False,False,False,False,False,False,False,Night,Night,Night,Night
A-45477,Source2,3,2016-06-30 05:44:37,2016-06-30 06:14:37,34.140846,-118.277763,,,0.0,One lane blocked due to accident on I-5 Northbound at Exit 142 Colorado Street Freeway Ext.,Golden State Fwy S,Los Angeles,Los Angeles,CA,90027,US,US/Pacific,KCQT,2016-06-30 05:47:00,68.0,,81.0,29.85,9.0,Calm,,,Overcast,False,False,False,False,False,False,False,False,False,False,False,False,False,Day,Day,Day,Day
A-45484,Source2,3,2016-06-30 07:04:10,2016-06-30 07:49:10,34.031651000000004,-118.218529,,,0.0,Left hand shoulder blocked due to accident on I-5 I-10 Northbound at 7th St.,I-5 N,Los Angeles,Los Angeles,CA,90023,US,US/Pacific,KCQT,2016-06-30 06:47:00,69.1,,78.0,29.86,7.0,Calm,,,Overcast,False,False,False,False,False,False,False,False,False,False,False,False,False,Day,Day,Day,Day
A-45501,Source2,3,2016-06-30 09:09:14,2016-06-30 09:39:14,34.082169,-118.224617,,,0.0,Accident on I-5 Northbound at Figueroa.,N Figueroa St,Los Angeles,Los Angeles,CA,90065,US,US/Pacific,KCQT,2016-06-30 08:47:00,73.9,,68.0,29.87,7.0,Calm,,,Clear,False,False,False,False,False,False,False,False,False,False,False,False,False,Day,Day,Day,Day
A-45508,Source2,3,2016-06-30 10:12:55,2016-06-30 10:57:55,33.974655,-118.280609,,,0.0,Accident on I-110 Northbound at Florence Ave.,W Florence Ave,Los Angeles,Los Angeles,CA,90003-1850,US,US/Pacific,KHHR,2016-06-30 09:53:00,73.9,,64.0,29.88,10.0,South,4.6,,Haze,False,False,False,False,False,False,False,False,False,False,False,False,False,Day,Day,Day,Day
A-45513,Source2,3,2016-06-30 10:52:57,2016-06-30 11:22:57,34.034931,-118.368523,,,0.0,One lane blocked due to accident on I-10 Westbound at Exits 7A 7B Washington Blvd.,I-10 E,Los Angeles,Los Angeles,CA,90016,US,US/Pacific,KSMO,2016-06-30 10:51:00,73.9,,66.0,29.89,8.0,SSW,9.2,,Clear,False,False,False,False,False,False,False,False,False,False,False,False,False,Day,Day,Day,Day
A-45522,Source2,3,2016-06-30 11:16:55,2016-06-30 12:01:55,34.034954,-118.33371,,,0.0,Right hand shoulder blocked due to accident on I-10 Westbound at Exit 9 Crenshaw Blvd.,I-10 E,Los Angeles,Los Angeles,CA,90016,US,US/Pacific,KSMO,2016-06-30 10:51:00,73.9,,66.0,29.89,8.0,SSW,9.2,,Clear,False,False,False,False,False,False,False,False,False,False,False,False,False,Day,Day,Day,Day
A-45523,Source2,2,2016-06-30 11:06:39,2016-06-30 11:36:39,34.071938,-118.266922,,,0.0,#4 lane blocked due to accident on US-101 Northbound at Exit 4B CA-2 Alvarado St.,N Alvarado St,Los Angeles,Los Angeles,CA,90026,US,US/Pacific,KCQT,2016-06-30 10:47:00,80.1,,58.0,29.87,8.0,Variable,3.5,,Clear,False,False,False,False,False,False,False,False,True,False,False,False,False,Day,Day,Day,Day
A-45537,Source2,2,2016-06-30 11:53:35,2016-06-30 12:38:35,34.110424,-118.334579,,,0.0,Accident on US-101 Northbound at Odin St.,Hollywood Fwy S,Los Angeles,Los Angeles,CA,90068,US,US/Pacific,KBUR,2016-06-30 11:53:00,82.0,,52.0,29.83,10.0,South,10.4,,Clear,False,False,False,False,False,False,False,False,False,False,False,False,False,Day,Day,Day,Day
A-45538,Source2,3,2016-06-30 12:20:38,2016-06-30 13:05:38,34.034954,-118.33371,,,0.0,Left hand shoulder blocked due to accident on I-10 Eastbound at Exit 9 Crenshaw Blvd.,I-10 E,Los Angeles,Los Angeles,CA,90016,US,US/Pacific,KSMO,2016-06-30 11:51:00,73.0,,71.0,29.89,8.0,SW,10.4,,Clear,False,False,False,False,False,False,False,False,False,False,False,False,False,Day,Day,Day,Day
A-45539,Source2,2,2016-06-30 12:17:07,2016-06-30 13:02:07,34.106438,-118.249809,,,0.0,#1 lane blocked due to accident on CA-2 Southbound at Exit 13 I-5.,CA-2 S,Los Angeles,Los Angeles,CA,90039,US,US/Pacific,KCQT,2016-06-30 11:47:00,81.0,,56.0,29.86,9.0,Calm,,,Clear,False,False,False,False,False,False,False,False,False,False,False,False,False,Day,Day,Day,Day
A-45540,Source2,2,2016-06-30 12:01:53,2016-06-30 12:46:53,34.031368,-118.192307,,,0.0,Right hand shoulder blocked due to accident on CA-60 Westbound at Exit 2 Indiana St.,Pomona Fwy W,Los Angeles,Los Angeles,CA,90063,US,US/Pacific,KCQT,2016-06-30 11:47:00,81.0,,56.0,29.86,9.0,Calm,,,Clear,False,False,False,False,False,False,False,False,False,False,False,False,False,Day,Day,Day,Day
A-45541,Source2,2,2016-06-30 12:03:09,2016-06-30 12:48:09,34.113476,-118.176201,,,0.0,Accident on CA-110 Southbound at York Blvd.,Pasadena Fwy S,Los Angeles,Los Angeles,CA,90042,US,US/Pacific,KCQT,2016-06-30 11:47:00,81.0,,56.0,29.86,9.0,Calm,,,Clear,False,False,False,False,True,False,False,False,False,False,False,False,False,Day,Day,Day,Day
A-45549,Source2,3,2016-06-30 12:32:22,2016-06-30 13:17:22,34.028313,-118.449326,,,0.0,Lane blocked due to accident on I-10 Westbound at Exits 2B 2C Bundy Dr.,I-10 W,Los Angeles,Los Angeles,CA,90064,US,US/Pacific,KSMO,2016-06-30 12:51:00,73.9,,68.0,29.88,7.0,SW,10.4,,Clear,False,False,False,False,False,False,False,False,False,False,False,False,False,Day,Day,Day,Day
A-45551,Source2,3,2016-06-30 12:29:02,2016-06-30 13:14:02,34.095509,-118.243713,,,0.0,Right hand shoulder blocked due to accident on I-5 Northbound at Exit 138 Stadium Way.,I-5 N,Los Angeles,Los Angeles,CA,90031,US,US/Pacific,KCQT,2016-06-30 12:47:00,80.1,,56.0,29.86,9.0,Variable,4.6,,Clear,False,False,False,False,False,False,False,False,False,False,False,False,False,Day,Day,Day,Day
A-45556,Source2,3,2016-06-30 13:18:56,2016-06-30 14:18:56,34.037144,-118.300369,,,0.0,Right hand shoulder blocked due to accident on I-10 Westbound near Exit 12 Normandie Ave.,I-10 W,Los Angeles,Los Angeles,CA,90007,US,US/Pacific,KCQT,2016-06-30 13:47:00,79.0,,58.0,29.86,9.0,Variable,5.8,,Clear,False,False,False,False,False,False,False,False,False,False,False,False,False,Day,Day,Day,Day
A-45557,Source2,3,2016-06-30 13:15:16,2016-06-30 14:15:16,33.928837,-118.294029,,,0.0,Right hand shoulder blocked due to accident on I-105 Westbound near Exit 7A Vermont Ave.,I-105 W,Los Angeles,Los Angeles,CA,90044,US,US/Pacific,KHHR,2016-06-30 12:53:00,75.0,,62.0,29.88,10.0,WSW,10.4,,Clear,False,False,False,False,False,False,False,False,False,False,False,False,False,Day,Day,Day,Day
A-45561,Source2,3,2016-06-30 13:30:56,2016-06-30 14:30:56,34.032963,-118.435738,,,0.0,Accident on I-405 Southbound near Exits 53 53A 53B I-10.,San Diego Fwy S,Los Angeles,Los Angeles,CA,90064,US,US/Pacific,KSMO,2016-06-30 13:51:00,75.0,,69.0,29.88,8.0,WSW,8.1,,Clear,False,False,False,False,False,False,False,False,False,False,False,False,False,Day,Day,Day,Day
A-45562,Source2,3,2016-06-30 13:25:16,2016-06-30 14:25:16,34.024544,-118.23925,,,0.0,One lane blocked due to accident on I-10 Westbound near Exit 15B Alameda St.,I-10 E,Los Angeles,Los Angeles,CA,90021,US,US/Pacific,KCQT,2016-06-30 13:47:00,79.0,,58.0,29.86,9.0,Variable,5.8,,Clear,False,False,False,False,False,False,False,False,False,False,False,False,False,Day,Day,Day,Day
A-45563,Source2,3,2016-06-30 13:33:17,2016-06-30 14:33:17,34.06023,-118.214882,,,0.0,Accident on I-5 I-10 Northbound near Exit 135C San Bernardino Fwy. On the median.,N Mission Rd,Los Angeles,Los Angeles,CA,90033,US,US/Pacific,KCQT,2016-06-30 13:47:00,79.0,,58.0,29.86,9.0,Variable,5.8,,Clear,False,False,False,False,False,False,False,False,True,False,False,False,False,Day,Day,Day,Day
A-45574,Source2,3,2016-06-30 13:47:18,2016-06-30 14:47:18,33.971848,-118.377823,,,0.0,Right hand shoulder blocked due to accident on I-405 Northbound before Exits 48 49A La Tijera Blvd.,I-405 N,Los Angeles,Los Angeles,CA,90045,US,US/Pacific,KLAX,2016-06-30 13:53:00,75.0,,64.0,29.88,9.0,West,10.4,,Clear,False,False,False,False,False,False,False,False,False,False,False,False,False,Day,Day,Day,Day
A-45576,Source2,2,2016-06-30 14:05:37,2016-06-30 15:05:37,34.052898,-118.25869,,,0.0,Right hand shoulder blocked due to accident on CA-110 Northbound near Exit 23C-A Beaudry Ave.,CA-110 N,Los Angeles,Los Angeles,CA,90071,US,US/Pacific,KCQT,2016-06-30 13:47:00,79.0,,58.0,29.86,9.0,Variable,5.8,,Clear,False,False,False,False,False,False,False,False,False,False,False,False,False,Day,Day,Day,Day
A-45577,Source2,3,2016-06-30 13:54:41,2016-06-30 14:54:41,34.026478000000004,-118.234978,,,0.0,One lane blocked due to accident on I-10 Westbound near Olympic Blvd.,E Olympic Blvd,Los Angeles,Los Angeles,CA,90021,US,US/Pacific,KCQT,2016-06-30 13:47:00,79.0,,58.0,29.86,9.0,Variable,5.8,,Clear,False,False,False,False,False,False,False,False,False,False,False,False,False,Day,Day,Day,Day
A-45593,Source2,3,2016-06-30 14:30:02,2016-06-30 15:30:02,33.927925,-118.254295,,,0.0,Right hand shoulder blocked due to accident on I-105 Eastbound near Exit 9 Central Ave. On the median.,S Central Ave,Los Angeles,Los Angeles,CA,90059,US,US/Pacific,KHHR,2016-06-30 14:27:00,77.0,,58.0,29.87,1.8,WSW,9.2,,Haze,False,False,False,False,False,False,False,False,False,False,False,False,False,Day,Day,Day,Day
A-45598,Source2,3,2016-06-30 14:51:41,2016-06-30 15:51:41,33.928902,-118.289368,,,0.0,One lane blocked and right hand shoulder blocked due to accident on I-105 Westbound near Exits 7A 7B I-110.,Glenn Anderson Fwy W,Los Angeles,Los Angeles,CA,90044,US,US/Pacific,KHHR,2016-06-30 14:53:00,75.9,,62.0,29.86,10.0,WSW,10.4,,Clear,False,False,False,False,False,False,True,False,False,False,False,False,False,Day,Day,Day,Day
A-45599,Source2,3,2016-06-30 14:51:01,2016-06-30 15:51:01,33.960133,-118.280518,,,0.0,Right hand shoulder blocked due to accident on I-110 Northbound near Exit 16 CA-42 Manchester Ave.,W Manchester Ave,Los Angeles,Los Angeles,CA,90003,US,US/Pacific,KHHR,2016-06-30 14:53:00,75.9,,62.0,29.86,10.0,WSW,10.4,,Clear,False,False,True,False,False,False,False,False,True,True,False,False,False,Day,Day,Day,Day
A-45609,Source2,3,2016-06-30 15:41:01,2016-06-30 16:41:01,34.154366,-118.287613,,,0.0,Accident on I-5 Northbound near Exits 144 144A 144B CA-134. On the median.,I-5 N,Los Angeles,Los Angeles,CA,90027,US,US/Pacific,KCQT,2016-06-30 15:47:00,79.0,,60.0,29.82,9.0,Variable,3.5,,Clear,False,False,False,False,False,False,False,False,False,False,False,False,False,Day,Day,Day,Day
A-45610,Source2,2,2016-06-30 15:39:58,2016-06-30 16:39:58,34.054878,-118.257164,,,0.0,Accident on CA-110 Northbound near Exit 23C-A Beaudry Ave.,W 4th St,Los Angeles,Los Angeles,CA,90017,US,US/Pacific,KCQT,2016-06-30 15:47:00,79.0,,60.0,29.82,9.0,Variable,3.5,,Clear,False,False,False,False,False,False,False,False,False,False,False,False,False,Day,Day,Day,Day
A-45615,Source2,2,2016-06-30 15:51:29,2016-06-30 16:36:29,33.945492,-118.278259,,,0.0,Accident on Century Blvd near Broadway.,W Century Blvd,Los Angeles,Los Angeles,CA,90003,US,US/Pacific,KHHR,2016-06-30 15:53:00,75.9,,64.0,29.84,9.0,West,11.5,,Clear,False,False,False,False,False,False,False,False,False,False,False,True,False,Day,Day,Day,Day
A-45619,Source2,2,2016-06-30 16:10:43,2016-06-30 17:10:43,34.155045,-118.310867,,,0.0,Accident on CA-134 Westbound near Exit 4 Forest Lawn Dr.,Forest Lawn Dr,Los Angeles,Los Angeles,CA,90027,US,US/Pacific,KCQT,2016-06-30 15:47:00,79.0,,60.0,29.82,9.0,Variable,3.5,,Clear,False,False,False,False,False,False,False,False,False,False,False,False,False,Day,Day,Day,Day
A-45620,Source2,2,2016-06-30 16:15:06,2016-06-30 17:15:06,33.938816,-118.296883,,,0.0,Accident on 107th St in Inglewood.,W 107th St,Los Angeles,Los Angeles,CA,90044-1602,US,US/Pacific,KHHR,2016-06-30 15:53:00,75.9,,64.0,29.84,9.0,West,11.5,,Clear,False,False,False,False,False,False,False,False,False,False,False,False,False,Day,Day,Day,Day
A-45621,Source2,2,2016-06-30 15:58:52,2016-06-30 16:58:52,34.013008,-118.141045,,,0.0,Accident on Hendricks Ave near Olympic Blvd.,Hendricks Ave,Los Angeles,Los Angeles,CA,90022-5208,US,US/Pacific,KCQT,2016-06-30 15:47:00,79.0,,60.0,29.82,9.0,Variable,3.5,,Clear,False,False,False,False,False,False,False,False,False,False,False,True,False,Day,Day,Day,Day
A-45625,Source2,2,2016-06-30 16:15:52,2016-06-30 17:15:52,33.977055,-118.376839,,,0.0,Accident on Centinela Ave near Alvern St.,W Centinela Ave,Los Angeles,Los Angeles,CA,90045-2032,US,US/Pacific,KLAX,2016-06-30 15:53:00,73.9,,68.0,29.84,7.0,West,16.1,,Scattered Clouds,False,False,False,False,False,False,False,False,True,False,False,True,False,Day,Day,Day,Day
A-45629,Source2,2,2016-06-30 16:56:00,2016-06-30 17:56:00,34.064655,-118.245598,,,0.0,One lane blocked due to accident on CA-110 Northbound near Exit 24A US-101.,CA-110 N,Los Angeles,Los Angeles,CA,90012,US,US/Pacific,KCQT,2016-06-30 16:47:00,77.0,,62.0,29.81,9.0,Calm,,,Clear,False,False,False,False,True,False,False,False,False,False,False,False,False,Day,Day,Day,Day
A-45632,Source2,3,2016-06-30 17:03:55,2016-06-30 18:03:55,34.028816,-118.225868,,,0.0,Gore point obstructed due to accident on I-10 Eastbound near Exits 16A 16B CA-60.,Pomona Fwy E,Los Angeles,Los Angeles,CA,90021,US,US/Pacific,KCQT,2016-06-30 16:47:00,77.0,,62.0,29.81,9.0,Calm,,,Clear,False,False,False,False,True,False,False,False,False,False,False,False,False,Day,Day,Day,Day
A-45633,Source2,3,2016-06-30 17:11:38,2016-06-30 18:11:38,34.082829,-118.220413,,,0.0,One lane blocked due to accident on I-5 Southbound near Exit 137A CA-110.,W Avenue 26,Los Angeles,Los Angeles,CA,90031,US,US/Pacific,KCQT,2016-06-30 16:47:00,77.0,,62.0,29.81,9.0,Calm,,,Clear,False,False,False,False,False,False,False,False,False,False,False,False,False,Day,Day,Day,Day
A-45662,Source2,3,2016-06-30 18:01:00,2016-06-30 19:01:00,34.018887,-118.423897,,,0.0,Accident on I-405 Southbound near Exits 53 53A 53B I-10.,San Diego Fwy S,Los Angeles,Los Angeles,CA,90066,US,US/Pacific,KSMO,2016-06-30 17:51:00,69.1,,75.0,29.82,10.0,WSW,10.4,,Mostly Cloudy,False,False,False,False,False,False,False,False,False,False,False,False,False,Day,Day,Day,Day
A-45665,Source2,2,2016-06-30 17:56:11,2016-06-30 18:56:11,33.987526,-118.246536,,,0.0,Accident on 58th Dr near Makee Ave.,Makee Ave,Los Angeles,Los Angeles,CA,90001-1331,US,US/Pacific,KCQT,2016-06-30 17:47:00,75.9,,64.0,29.8,9.0,North,,,Clear,False,False,False,False,False,False,False,False,False,False,False,False,False,Day,Day,Day,Day
A-45679,Source2,2,2016-06-30 18:06:45,2016-06-30 19:06:45,34.049446,-118.264137,,,0.0,Right hand shoulder blocked due to accident on CA-110 Southbound near Exit 22B James M Wood Blvd.,W 8th St,Los Angeles,Los Angeles,CA,90017-2508,US,US/Pacific,KCQT,2016-06-30 17:47:00,75.9,,64.0,29.8,9.0,North,,,Clear,False,False,False,False,False,False,False,False,False,False,False,False,False,Day,Day,Day,Day
A-45696,Source2,3,2016-06-30 18:30:36,2016-06-30 19:30:36,33.928940000000004,-118.280708,,,0.0,Right hand shoulder blocked due to accident on I-105 Westbound near Exits 7A 7B I-110.,I-105 W,Los Angeles,Los Angeles,CA,90061,US,US/Pacific,KHHR,2016-06-30 18:53:00,69.1,,75.0,29.82,10.0,WSW,10.4,,Clear,False,False,False,False,False,False,False,False,False,False,False,False,False,Day,Day,Day,Day
A-45712,Source2,2,2016-06-30 19:18:46,2016-06-30 20:18:46,34.062588,-118.248718,,,0.0,Right hand shoulder blocked due to accident on US-101 Northbound near Exits 3 3A 3B CA-110.,CA-110 N,Los Angeles,Los Angeles,CA,90012,US,US/Pacific,KCQT,2016-06-30 19:47:00,69.1,,73.0,29.82,10.0,Calm,,,Clear,False,False,False,False,False,False,False,False,False,False,False,False,False,Day,Day,Day,Day
A-45720,Source2,2,2016-06-30 19:38:06,2016-06-30 20:38:06,34.069817,-118.261299,,,0.0,Right hand shoulder blocked due to accident on US-101 Southbound near Exit 4A Palo Alto St.,US-101 N,Los Angeles,Los Angeles,CA,90026,US,US/Pacific,KCQT,2016-06-30 19:47:00,69.1,,73.0,29.82,10.0,Calm,,,Clear,False,False,False,False,False,False,False,False,False,False,False,False,False,Day,Day,Day,Day
A-45723,Source2,3,2016-06-30 19:31:11,2016-06-30 20:31:11,34.060608,-118.173485,,,0.0,Right hand shoulder blocked due to accident on I-10 Eastbound near Exits 20B 21 Eastern Ave.,I-10 W,Los Angeles,Los Angeles,CA,90063,US,US/Pacific,KCQT,2016-06-30 19:47:00,69.1,,73.0,29.82,10.0,Calm,,,Clear,False,False,False,False,False,False,False,False,False,False,False,False,False,Day,Day,Day,Day
A-45747,Source2,2,2016-06-30 20:00:46,2016-06-30 21:00:46,33.941792,-118.370049,,,0.0,Accident on La Cienega Blvd near 104th St.,W 104th St,Los Angeles,Los Angeles,CA,90045-6102,US,US/Pacific,KLAX,2016-06-30 19:53:00,66.2,,83.0,29.83,10.0,West,10.4,,Partly Cloudy,False,False,True,False,False,False,False,False,False,False,False,True,False,Day,Day,Day,Day
A-45749,Source2,3,2016-06-30 20:04:48,2016-06-30 21:04:48,34.050564,-118.214096,,,0.0,One lane blocked due to accident on I-5 I-10 Southbound near Exit 135C San Bernardino Fwy.,Golden State Fwy S,Los Angeles,Los Angeles,CA,90033,US,US/Pacific,KCQT,2016-06-30 19:47:00,69.1,,73.0,29.82,10.0,Calm,,,Clear,False,False,False,False,False,False,False,False,False,False,False,False,False,Day,Day,Day,Day
A-45757,Source2,2,2016-06-30 20:04:28,2016-06-30 21:19:28,33.935103999999995,-118.396233,,,0.0,Accident on CA-1 Sepulveda Blvd Eastbound at Century Blvd.,S Sepulveda Blvd,Los Angeles,Los Angeles,CA,90045,US,US/Pacific,KLAX,2016-06-30 19:53:00,66.2,,83.0,29.83,10.0,West,10.4,,Partly Cloudy,False,False,False,False,False,False,False,False,False,False,False,False,False,Day,Day,Day,Day
A-45778,Source2,3,2016-06-30 21:09:43,2016-06-30 21:54:43,34.024544,-118.23925,,,0.0,Accident on I-10 Eastbound at Exit 15B Alameda St.,I-10 E,Los Angeles,Los Angeles,CA,90021,US,US/Pacific,KCQT,2016-06-30 20:47:00,66.9,,76.0,29.84,10.0,West,3.5,,Clear,False,False,False,False,False,False,False,False,False,False,False,False,False,Night,Night,Day,Day
A-45784,Source2,3,2016-06-30 21:17:39,2016-06-30 22:02:39,34.020496,-118.194107,,,0.0,#1 lane blocked due to accident on I-5 Southbound at Exits 132 132A Calzona St.,Santa Ana Fwy S,Los Angeles,Los Angeles,CA,90023,US,US/Pacific,KCQT,2016-06-30 21:47:00,66.9,,76.0,29.87,10.0,Variable,3.5,,Clear,False,False,False,False,False,False,False,False,False,False,False,False,False,Night,Night,Night,Day
A-45794,Source2,2,2016-06-30 21:32:16,2016-06-30 22:17:16,33.949703,-118.37027,,,0.0,Accident on La Cienega Blvd at 95th Pl.,S La Cienega Blvd,Los Angeles,Los Angeles,CA,90045,US,US/Pacific,KLAX,2016-06-30 21:53:00,66.0,,81.0,29.87,10.0,WSW,6.9,,Scattered Clouds,False,False,False,False,False,False,False,False,False,False,False,False,False,Night,Night,Night,Day
A-45796,Source2,2,2016-06-30 21:30:28,2016-06-30 22:15:28,34.107738,-118.254456,,,0.0,Accident on Fletcher Dr at Ripple St.,Ripple St,Los Angeles,Los Angeles,CA,90039-2828,US,US/Pacific,KCQT,2016-06-30 21:47:00,66.9,,76.0,29.87,10.0,Variable,3.5,,Clear,False,False,False,False,False,False,False,False,True,False,False,True,False,Night,Night,Night,Day
A-45797,Source2,3,2016-06-30 21:25:44,2016-06-30 22:10:44,34.082169,-118.224617,,,0.0,Right hand shoulder blocked due to accident on I-5 Northbound at Exit 137A CA-110.,N Figueroa St,Los Angeles,Los Angeles,CA,90065,US,US/Pacific,KCQT,2016-06-30 21:47:00,66.9,,76.0,29.87,10.0,Variable,3.5,,Clear,False,False,False,False,False,False,False,False,False,False,False,False,False,Night,Night,Night,Day
A-45818,Source2,2,2016-06-30 22:31:38,2016-06-30 23:16:38,34.059265,-118.252594,,,0.0,Right hand shoulder blocked due to accident on CA-110 Northbound at Exit 23C-A Beaudry Ave.,CA-110 N,Los Angeles,Los Angeles,CA,90012,US,US/Pacific,KCQT,2016-06-30 22:22:00,66.0,,78.0,29.88,10.0,Calm,,,Mostly Cloudy,False,False,False,False,False,False,False,False,False,False,False,False,False,Night,Night,Night,Night
A-45824,Source2,2,2016-06-30 23:29:35,2016-07-01 00:14:35,34.04797,-118.266563,,,0.0,Accident and people on the road on CA-110 Northbound at Exit 22B James M Wood Blvd.,CA-110 S,Los Angeles,Los Angeles,CA,90017,US,US/Pacific,KCQT,2016-06-30 23:32:00,66.0,,78.0,29.88,10.0,Calm,,,Scattered Clouds,False,False,False,False,False,False,False,False,False,False,False,False,False,Night,Night,Night,Night
A-45826,Source2,2,2016-06-30 23:39:06,2016-07-01 00:24:06,34.032757000000004,-118.295341,,,0.0,Accident on Adams Blvd at Juliet St.,Juliet St,Los Angeles,Los Angeles,CA,90007-1521,US,US/Pacific,KCQT,2016-06-30 23:32:00,66.0,,78.0,29.88,10.0,Calm,,,Scattered Clouds,False,False,False,False,False,False,False,False,False,True,False,False,False,Night,Night,Night,Night
A-45828,Source2,3,2016-06-30 23:50:24,2016-07-01 00:35:24,34.140846,-118.277763,,,0.0,Right hand shoulder blocked due to accident on I-5 Northbound at Exit 142 Colorado Street Freeway Ext.,Golden State Fwy S,Los Angeles,Los Angeles,CA,90027,US,US/Pacific,KCQT,2016-06-30 23:47:00,66.0,,78.0,29.88,10.0,Calm,,,Clear,False,False,False,False,False,False,False,False,False,False,False,False,False,Night,Night,Night,Night
A-45832,Source2,3,2016-06-30 23:57:59,2016-07-01 00:42:59,34.077316,-118.469948,,,0.0,#1 lane blocked due to accident on I-405 Northbound at Exit 57B Sepulveda Blvd.,I-405 N,Los Angeles,Los Angeles,CA,90049,US,US/Pacific,KSMO,2016-06-30 23:51:00,66.0,,78.0,29.88,10.0,WNW,4.6,,Overcast,False,False,False,False,False,False,False,False,False,False,False,False,False,Night,Night,Night,Night
A-45837,Source2,2,2016-07-01 00:22:03,2016-07-01 01:07:03,34.13308,-118.352524,,,0.0,Right hand shoulder blocked due to accident on US-101 Northbound at Buddy Holly Dr.,CA-170 S,Los Angeles,Los Angeles,CA,90068,US,US/Pacific,KBUR,2016-07-01 00:53:00,64.9,,84.0,29.85,10.0,South,4.6,,Clear,False,False,False,False,False,False,False,False,False,False,False,True,False,Night,Night,Night,Night
A-45838,Source2,3,2016-07-01 00:10:42,2016-07-01 00:55:42,34.15041,-118.280701,,,0.0,Right hand shoulder blocked due to accident on I-5 Southbound at Exits 144 144A 144B CA-134.,Golden State Fwy S,Los Angeles,Los Angeles,CA,90027,US,US/Pacific,KCQT,2016-07-01 00:01:00,66.9,,79.0,29.88,10.0,Calm,,,Mostly Cloudy,False,False,False,False,False,False,False,False,False,False,False,False,False,Night,Night,Night,Night
A-45839,Source2,3,2016-07-01 00:19:46,2016-07-01 01:04:46,34.145278999999995,-118.278801,,,0.0,Accident on I-5 Southbound at Exit 142 Colorado Street Freeway Ext.,Golden State Fwy S,Los Angeles,Los Angeles,CA,90027,US,US/Pacific,KCQT,2016-07-01 00:24:00,66.0,,81.0,29.88,8.0,Calm,,,Overcast,False,False,False,False,True,False,False,False,False,False,False,False,False,Night,Night,Night,Night
A-45844,Source2,3,2016-07-01 00:39:45,2016-07-01 01:24:45,34.026848,-118.429909,,,0.0,Right hand shoulder blocked due to accident on I-405 Northbound at Exits 53 53A 53B I-10.,National Blvd,Los Angeles,Los Angeles,CA,90064,US,US/Pacific,KSMO,2016-07-01 00:36:00,66.0,,84.0,29.88,8.0,Calm,,,Overcast,False,False,False,False,False,False,False,False,False,False,False,False,False,Night,Night,Night,Night
A-45849,Source2,3,2016-07-01 02:05:53,2016-07-01 02:50:53,34.039345000000004,-118.27449,,,0.0,Right hand shoulder blocked due to accident on I-10 Eastbound at Exits 12 13B I-110.,Venice Blvd,Los Angeles,Los Angeles,CA,90015-3228,US,US/Pacific,KCQT,2016-07-01 01:47:00,68.0,,78.0,29.86,7.0,Calm,,,Overcast,False,False,False,False,False,False,False,False,False,False,False,False,False,Night,Night,Night,Night
A-45851,Source2,3,2016-07-01 03:50:14,2016-07-01 04:35:14,33.97533,-118.125076,,,0.0,#1 lane blocked due to accident on I-5 Southbound at Exit 126B Gage Ave.,Santa Ana Fwy S,Los Angeles,Los Angeles,CA,90040,US,US/Pacific,KCQT,2016-07-01 03:47:00,68.0,,81.0,29.86,9.0,Calm,,,Overcast,False,False,False,False,False,False,False,False,False,False,False,False,False,Night,Night,Night,Night
A-45852,Source2,2,2016-07-01 05:27:44,2016-07-01 06:12:44,33.940933,-118.300278,,,0.0,Accident on 105th St at Normandie Ave.,W 105th St,Los Angeles,Los Angeles,CA,90047-4539,US,US/Pacific,KHHR,2016-07-01 05:53:00,70.0,,73.0,29.88,10.0,Calm,,,Overcast,False,False,False,False,False,False,False,False,False,False,False,False,False,Night,Day,Day,Day
A-45877,Source2,3,2016-07-01 09:51:31,2016-07-01 10:21:31,34.095856,-118.476501,,,0.0,Accident on I-405 Northbound at Exit 59 Sepulveda Blvd.,I-405 N,Los Angeles,Los Angeles,CA,90049,US,US/Pacific,KSMO,2016-07-01 09:51:00,73.0,,71.0,29.91,9.0,SSW,6.9,,Overcast,False,False,False,False,False,False,False,False,False,False,False,False,False,Day,Day,Day,Day
A-45878,Source2,3,2016-07-01 09:55:53,2016-07-01 10:40:53,34.07291,-118.466553,,,0.0,Accident on I-405 Southbound at Exits 57 57A Church Ln.,I-405 N,Los Angeles,Los Angeles,CA,90049,US,US/Pacific,KSMO,2016-07-01 09:51:00,73.0,,71.0,29.91,9.0,SSW,6.9,,Overcast,False,False,False,False,False,False,False,False,False,False,False,False,False,Day,Day,Day,Day
A-45881,Source2,3,2016-07-01 10:39:07,2016-07-01 11:24:07,34.037239,-118.309074,,,0.0,#2 lane blocked due to accident on I-10 Eastbound at Exit 10 Western Ave.,I-10 W,Los Angeles,Los Angeles,CA,90018,US,US/Pacific,KCQT,2016-07-01 10:47:00,79.0,,58.0,29.91,10.0,Variable,3.5,,Clear,False,False,False,False,False,False,False,False,True,False,False,False,False,Day,Day,Day,Day
A-45882,Source2,3,2016-07-01 10:42:58,2016-07-01 11:27:58,34.037239,-118.309074,,,0.0,Accident on I-10 Eastbound at Exit 10 Western Ave.,I-10 W,Los Angeles,Los Angeles,CA,90018,US,US/Pacific,KCQT,2016-07-01 10:47:00,79.0,,58.0,29.91,10.0,Variable,3.5,,Clear,False,False,False,False,False,False,False,False,True,False,False,False,False,Day,Day,Day,Day
A-45890,Source2,3,2016-07-01 11:04:55,2016-07-01 12:04:55,34.073818,-118.219276,,,0.0,#1 lane blocked and right hand shoulder blocked due to accident on I-5 Northbound at Exit 137B Avenue 21.,I-5 N,Los Angeles,Los Angeles,CA,90031,US,US/Pacific,KCQT,2016-07-01 10:47:00,79.0,,58.0,29.91,10.0,Variable,3.5,,Clear,False,False,False,False,True,False,False,False,False,False,False,False,False,Day,Day,Day,Day
A-45896,Source2,3,2016-07-01 11:24:35,2016-07-01 11:54:35,34.018471000000005,-118.279556,,,0.0,Lane blocked due to accident on I-110 Northbound at Exit 20B Exposition Blvd.,Exposition Blvd,Los Angeles,Los Angeles,CA,90007-4364,US,US/Pacific,KCQT,2016-07-01 11:47:00,78.1,,60.0,29.91,10.0,Variable,4.6,,Clear,False,False,False,False,False,False,False,False,False,False,False,False,False,Day,Day,Day,Day
A-45898,Source2,3,2016-07-01 11:39:33,2016-07-01 12:24:33,33.987499,-118.13755,,,0.0,Right hand shoulder blocked due to accident on I-5 Northbound at Exit 128A Bandini Blvd.,Garfield Ave,Los Angeles,Los Angeles,CA,90040,US,US/Pacific,KCQT,2016-07-01 11:47:00,78.1,,60.0,29.91,10.0,Variable,4.6,,Clear,False,False,False,False,False,False,False,False,False,False,False,False,False,Day,Day,Day,Day
A-45901,Source2,3,2016-07-01 12:22:44,2016-07-01 13:07:44,34.028622,-118.230026,,,0.0,Accident on I-10 Westbound at Exits 16A 16B CA-60.,S Santa Fe Ave,Los Angeles,Los Angeles,CA,90021-1744,US,US/Pacific,KCQT,2016-07-01 12:47:00,78.1,,60.0,29.91,10.0,Variable,6.9,,Clear,False,False,False,False,False,False,False,False,False,False,False,False,False,Day,Day,Day,Day
A-45905,Source2,3,2016-07-01 12:32:28,2016-07-01 13:17:28,33.997566,-118.176826,,,0.0,Two lanes blocked due to accident on I-710 Northbound at Exits 17A 17B Atlantic Blvd.,S Atlantic Blvd,Los Angeles,Los Angeles,CA,90058,US,US/Pacific,KCQT,2016-07-01 12:47:00,78.1,,60.0,29.91,10.0,Variable,6.9,,Clear,False,False,False,False,False,False,False,False,False,False,False,False,False,Day,Day,Day,Day
A-45913,Source2,3,2016-07-01 13:34:23,2016-07-01 14:34:23,34.029942,-118.442215,,,0.0,Lane blocked due to accident on I-10 Eastbound near Exits 3A 3B I-405.,Santa Monica Fwy E,Los Angeles,Los Angeles,CA,90064,US,US/Pacific,KSMO,2016-07-01 13:26:00,73.0,,68.0,29.93,10.0,SW,9.2,,Scattered Clouds,False,False,False,False,False,False,False,False,False,False,False,False,False,Day,Day,Day,Day
A-45914,Source2,3,2016-07-01 13:56:34,2016-07-01 14:56:34,34.031776,-118.429665,,,0.0,Two lanes blocked due to accident on I-10 Westbound near Exits 3A 3B I-405.,I-10 W,Los Angeles,Los Angeles,CA,90064,US,US/Pacific,KSMO,2016-07-01 13:51:00,73.9,,66.0,29.92,10.0,SW,11.5,,Scattered Clouds,False,False,False,False,False,False,False,False,False,False,False,False,False,Day,Day,Day,Day
A-45917,Source2,2,2016-07-01 13:53:24,2016-07-01 14:53:24,34.093781,-118.309196,,,0.0,Accident on US-101 Southbound near Exit 7 Western Ave. On the median.,N Western Ave,Los Angeles,Los Angeles,CA,90029-1060,US,US/Pacific,KCQT,2016-07-01 13:47:00,75.9,,62.0,29.9,10.0,Calm,,,Clear,False,False,True,False,False,False,False,False,True,True,False,False,False,Day,Day,Day,Day
A-45931,Source2,2,2016-07-01 14:25:15,2016-07-01 15:25:15,33.948260999999995,-118.232903,,,0.0,Accident on Juniper St near 97th St.,Juniper St,Los Angeles,Los Angeles,CA,90002-2634,US,US/Pacific,KHHR,2016-07-01 14:53:00,73.9,,64.0,29.91,10.0,WSW,10.4,,Clear,False,False,False,False,False,False,False,False,False,False,False,False,False,Day,Day,Day,Day
A-45940,Source2,2,2016-07-02 10:20:29,2016-07-02 11:50:29,34.05608,-118.255875,,,0.0,Accident on CA-110 Westbound at Exit 23C-A Beaudry Ave.,CA-110 N,Los Angeles,Los Angeles,CA,90012,US,US/Pacific,KCQT,2016-07-02 10:14:00,70.0,,68.0,30.0,10.0,Calm,,,Scattered Clouds,False,False,False,False,False,False,False,False,False,False,False,False,False,Day,Day,Day,Day
A-45941,Source2,3,2016-07-02 07:49:01,2016-07-02 12:28:28,34.010239,-118.160057,,,0.0,Right hand shoulder blocked due to accident on I-5 Southbound at Exit 130A Telegraph Rd.,Santa Ana Fwy S,Los Angeles,Los Angeles,CA,90022,US,US/Pacific,KCQT,2016-07-02 07:47:00,66.0,,75.0,29.98,10.0,Calm,,,Overcast,False,False,False,False,False,False,True,False,False,False,False,False,False,Day,Day,Day,Day
A-45955,Source2,3,2016-07-02 12:11:50,2016-07-02 13:41:50,34.0872,-118.234116,,,0.0,Accident on I-5 Northbound at Exit 137B CA-110.,I-5 N,Los Angeles,Los Angeles,CA,90031,US,US/Pacific,KCQT,2016-07-02 11:47:00,78.1,,52.0,29.98,10.0,West,3.5,,Clear,False,False,False,False,False,False,False,False,False,False,False,False,False,Day,Day,Day,Day
A-45960,Source2,3,2016-07-02 12:55:45,2016-07-02 14:25:45,34.027458,-118.27449,,,0.0,Accident on I-110 Northbound at Exit 20C Adams Blvd.,Harbor Fwy N,Los Angeles,Los Angeles,CA,90007,US,US/Pacific,KCQT,2016-07-02 12:47:00,80.1,,50.0,29.97,10.0,Calm,,,Clear,False,False,False,False,False,False,False,False,False,False,False,False,False,Day,Day,Day,Day
A-45961,Source2,3,2016-07-02 12:57:13,2016-07-02 14:27:13,33.995148,-118.144722,,,0.0,Accident on I-5 Northbound at Exit 128B Washington Blvd.,E Washington Blvd,Los Angeles,Los Angeles,CA,90040,US,US/Pacific,KCQT,2016-07-02 12:47:00,80.1,,50.0,29.97,10.0,Calm,,,Clear,False,False,False,False,False,False,False,False,False,False,False,False,False,Day,Day,Day,Day
A-45971,Source2,3,2016-07-02 13:35:17,2016-07-02 15:05:17,34.003772999999995,-118.281029,,,0.0,Accident on I-110 Westbound at Exits 19 19B Flower St.,Harbor Fwy N,Los Angeles,Los Angeles,CA,90037,US,US/Pacific,KCQT,2016-07-02 13:47:00,78.1,,52.0,29.97,10.0,Variable,5.8,,Clear,False,False,False,False,False,False,False,False,False,False,False,False,False,Day,Day,Day,Day
A-45972,Source2,2,2016-07-02 13:34:42,2016-07-02 15:04:42,34.017323,-118.15936299999998,,,0.0,Accident on Woods Ave at Carolina Pl.,Carolina Pl,Los Angeles,Los Angeles,CA,90022-3956,US,US/Pacific,KCQT,2016-07-02 13:47:00,78.1,,52.0,29.97,10.0,Variable,5.8,,Clear,False,False,False,False,False,False,False,False,False,False,False,False,False,Day,Day,Day,Day
A-45978,Source2,3,2016-07-02 14:40:30,2016-07-02 16:10:30,34.028313,-118.449326,,,0.0,Accident on I-10 Westbound at Exits 2B 2C Bundy Dr.,I-10 W,Los Angeles,Los Angeles,CA,90064,US,US/Pacific,KSMO,2016-07-02 14:51:00,72.0,,61.0,30.0,10.0,SW,11.5,,Clear,False,False,False,False,False,False,False,False,False,False,False,False,False,Day,Day,Day,Day
A-45979,Source2,3,2016-07-02 14:26:21,2016-07-02 15:56:21,33.970535,-118.375214,,,0.0,Accident on I-405 Northbound at Exits 48 49A La Tijera Blvd.,I-405 N,Los Angeles,Los Angeles,CA,90045,US,US/Pacific,KLAX,2016-07-02 14:53:00,73.0,,57.0,29.99,10.0,WSW,12.7,,Partly Cloudy,False,False,False,False,True,False,False,False,False,False,False,False,False,Day,Day,Day,Day
A-45980,Source2,3,2016-07-02 14:12:47,2016-07-02 15:42:47,34.034931,-118.368523,,,0.0,Accident on I-10 Westbound at Exits 7A 7B Washington Blvd.,I-10 E,Los Angeles,Los Angeles,CA,90016,US,US/Pacific,KSMO,2016-07-02 13:51:00,72.0,,61.0,30.0,10.0,SSW,11.5,,Clear,False,False,False,False,False,False,False,False,False,False,False,False,False,Day,Day,Day,Day
A-45981,Source2,2,2016-07-02 14:08:46,2016-07-02 15:38:46,34.04797,-118.266563,,,0.0,Accident on CA-110 Southbound at Exit 22B James M Wood Blvd.,CA-110 S,Los Angeles,Los Angeles,CA,90017,US,US/Pacific,KCQT,2016-07-02 13:47:00,78.1,,52.0,29.97,10.0,Variable,5.8,,Clear,False,False,False,False,False,False,False,False,False,False,False,False,False,Day,Day,Day,Day
A-45982,Source2,2,2016-07-02 14:29:32,2016-07-02 15:59:32,33.953251,-118.230095,,,0.0,Accident on Alameda St at 92nd St.,E 92nd St,Los Angeles,Los Angeles,CA,90002-2603,US,US/Pacific,KHHR,2016-07-02 14:53:00,73.0,,55.0,29.99,10.0,WSW,11.5,,Clear,False,False,False,False,False,False,False,False,False,False,False,True,False,Day,Day,Day,Day
A-46012,Source2,2,2016-07-03 00:33:32,2016-07-03 01:03:32,34.05323,-118.235588,,,0.0,Accident on Commercial St Eastbound at Hewitt St.,N Hewitt St,Los Angeles,Los Angeles,CA,90012-3452,US,US/Pacific,KCQT,2016-07-03 00:47:00,64.0,,84.0,30.02,10.0,Calm,,,Clear,False,False,False,False,False,False,False,False,False,True,False,False,False,Night,Night,Night,Night
A-46013,Source2,3,2016-07-03 00:54:36,2016-07-03 01:40:20,34.037037,-118.377533,,,0.0,Accident on I-10 Eastbound at Exit 7A La Cienega Blvd. Expect delays.,S La Cienega Blvd,Los Angeles,Los Angeles,CA,90034,US,US/Pacific,KSMO,2016-07-03 00:51:00,64.9,,81.0,30.03,10.0,Calm,,,Mostly Cloudy,False,False,False,False,True,False,False,False,False,False,False,True,False,Night,Night,Night,Night
A-46021,Source2,3,2016-07-03 02:00:11,2016-07-03 02:49:32,34.099304,-118.247307,,,0.0,Accident on I-5 Northbound at Exits 138 139 139A 139B CA-2.,I-5 N,Los Angeles,Los Angeles,CA,90039,US,US/Pacific,KCQT,2016-07-03 01:47:00,64.0,,84.0,30.02,10.0,Calm,,,Mostly Cloudy,False,False,False,False,True,False,False,False,False,False,False,False,False,Night,Night,Night,Night
A-46026,Source2,3,2016-07-03 05:42:36,2016-07-03 06:12:36,33.973747,-118.381569,,,0.0,Accident on I-405 Southbound at Exits 48 49A La Tijera Blvd.,San Diego Fwy S,Los Angeles,Los Angeles,CA,90045,US,US/Pacific,KLAX,2016-07-03 05:53:00,64.9,,78.0,30.02,10.0,Calm,,,Overcast,False,False,False,False,True,False,False,False,False,False,False,False,False,Night,Day,Day,Day
A-46027,Source2,2,2016-07-03 05:45:00,2016-07-03 06:15:00,33.996975,-118.357841,,,0.0,Accident on La Brea Ave at Stocker St.,Stocker St,Los Angeles,Los Angeles,CA,90008,US,US/Pacific,KHHR,2016-07-03 05:53:00,66.0,,73.0,30.02,10.0,ESE,3.5,,Overcast,False,False,True,False,False,False,False,False,False,False,False,True,False,Night,Day,Day,Day
A-46028,Source2,3,2016-07-03 05:46:14,2016-07-03 06:16:14,34.036053,-118.27446,,,0.0,Accident on I-110 Northbound at Exit 21 I-10.,CA-110 S,Los Angeles,Los Angeles,CA,90015,US,US/Pacific,KCQT,2016-07-03 05:47:00,64.0,,78.0,30.01,9.0,Calm,,,Overcast,False,False,False,False,False,False,False,False,False,False,False,False,False,Day,Day,Day,Day
A-46029,Source2,2,2016-07-03 05:44:34,2016-07-03 06:14:34,34.111328,-118.18396,,,0.0,Accident on CA-110 Southbound at Exit 30A Marmion Way.,CA-110 N,Los Angeles,Los Angeles,CA,90042,US,US/Pacific,KCQT,2016-07-03 05:47:00,64.0,,78.0,30.01,9.0,Calm,,,Overcast,False,False,False,False,False,False,False,False,False,False,False,False,False,Night,Day,Day,Day
A-46031,Source2,3,2016-07-03 06:48:49,2016-07-03 07:18:49,34.056049,-118.183029,,,0.0,Accident on I-10 Eastbound at Exit 20A City Terrace Dr.,N Herbert Ave,Los Angeles,Los Angeles,CA,90063,US,US/Pacific,KCQT,2016-07-03 06:47:00,64.9,,75.0,30.02,8.0,Calm,,,Overcast,False,False,False,False,False,False,False,False,False,False,False,False,False,Day,Day,Day,Day
A-46032,Source2,2,2016-07-03 07:23:00,2016-07-03 09:01:10,33.977348,-118.371689,,,0.0,Accident on Centinela Ave at La Tijera Blvd.,W Centinela Ave,Los Angeles,Los Angeles,CA,90045-2067,US,US/Pacific,KLAX,2016-07-03 07:53:00,66.0,,75.0,30.04,9.0,Variable,3.5,,Overcast,False,False,False,False,False,False,False,False,False,False,False,True,False,Day,Day,Day,Day
A-46034,Source2,2,2016-07-03 07:24:27,2016-07-03 09:08:38,34.002956,-118.333069,,,0.0,Accident on Victoria Ave at Vernon Ave.,W Vernon Ave,Los Angeles,Los Angeles,CA,90008-5257,US,US/Pacific,KHHR,2016-07-03 07:53:00,66.0,,70.0,30.05,10.0,ESE,5.8,,Overcast,False,False,True,False,False,False,False,False,False,False,False,True,False,Day,Day,Day,Day
A-46036,Source2,3,2016-07-03 07:28:10,2016-07-03 09:08:32,34.090775,-118.30658,,,0.0,Accident on US-101 Northbound at Exit 7 CA-2 Santa Monica Blvd. Expect congestion.,Santa Monica Blvd,Los Angeles,Los Angeles,CA,90029-1105,US,US/Pacific,KCQT,2016-07-03 07:47:00,66.0,,73.0,30.04,8.0,West,4.6,,Overcast,False,False,False,False,False,False,False,False,False,False,False,False,False,Day,Day,Day,Day
A-46037,Source2,2,2016-07-03 08:19:35,2016-07-03 09:05:04,34.088192,-118.30468,,,0.0,Accident on US-101 Northbound at Exit 7 CA-2 Santa Monica Blvd.,US-101 N,Los Angeles,Los Angeles,CA,90029,US,US/Pacific,KCQT,2016-07-03 08:47:00,70.0,,65.0,30.04,10.0,Calm,,,Overcast,False,False,False,False,True,False,False,False,False,False,False,False,False,Day,Day,Day,Day
A-46045,Source2,2,2016-07-03 09:39:48,2016-07-03 11:09:48,34.043556,-118.31771100000002,,,0.0,Accident on Arlington Ave at Venice Blvd.,Arlington Ave,Los Angeles,Los Angeles,CA,90019-4552,US,US/Pacific,KCQT,2016-07-03 09:47:00,72.0,,61.0,30.05,10.0,Calm,,,Clear,False,False,True,False,False,False,False,False,True,False,False,True,False,Day,Day,Day,Day
A-46046,Source2,2,2016-07-03 10:43:28,2016-07-03 12:13:28,33.927048,-118.232811,,,0.0,Accident on 117th St at Croesus Ave.,E 117th St,Los Angeles,Los Angeles,CA,90059-2605,US,US/Pacific,KHHR,2016-07-03 10:53:00,70.0,,65.0,30.07,10.0,WSW,10.4,,Mostly Cloudy,False,False,False,False,False,False,False,False,False,False,False,False,False,Day,Day,Day,Day
A-46047,Source2,3,2016-07-03 10:58:02,2016-07-03 12:28:02,34.036629,-118.270119,,,0.0,Accident on I-10 Westbound at Exit 13 17th St.,I-10 W,Los Angeles,Los Angeles,CA,90015,US,US/Pacific,KCQT,2016-07-03 10:47:00,75.9,,56.0,30.05,10.0,Calm,,,Clear,False,False,False,False,False,False,False,False,False,False,False,False,False,Day,Day,Day,Day
A-46057,Source2,3,2016-07-03 13:26:15,2016-07-03 14:56:15,34.035389,-118.268623,,,0.0,Accident on I-10 Eastbound at Exit 13 17th St.,I-10 E,Los Angeles,Los Angeles,CA,90015,US,US/Pacific,KCQT,2016-07-03 13:47:00,73.9,,59.0,30.04,10.0,Calm,,,Clear,False,False,False,False,False,False,False,False,False,False,False,False,False,Day,Day,Day,Day
A-46070,Source2,2,2016-07-03 14:18:27,2016-07-03 15:48:27,33.950081,-118.280396,,,0.0,Accident on 95th St at Flower St.,S Flower St,Los Angeles,Los Angeles,CA,90003-3936,US,US/Pacific,KHHR,2016-07-03 13:53:00,72.0,,59.0,30.06,10.0,WSW,10.4,,Clear,False,False,False,False,False,False,False,False,False,False,False,False,False,Day,Day,Day,Day
A-46071,Source2,2,2016-07-03 14:37:33,2016-07-03 16:07:33,33.970711,-118.256401,,,0.0,Accident on Central Ave at 76th Pl.,S Central Ave,Los Angeles,Los Angeles,CA,90001-2951,US,US/Pacific,KCQT,2016-07-03 14:47:00,73.0,,61.0,30.03,10.0,Variable,3.5,,Clear,False,False,False,False,False,False,False,False,False,False,False,False,False,Day,Day,Day,Day
A-46072,Source2,2,2016-07-03 14:25:08,2016-07-03 15:55:08,34.050564,-118.214096,,,0.0,Accident on San Bernardino Fwy Westbound at Exit 19 I-10.,Golden State Fwy S,Los Angeles,Los Angeles,CA,90033,US,US/Pacific,KCQT,2016-07-03 14:47:00,73.0,,61.0,30.03,10.0,Variable,3.5,,Clear,False,False,False,False,False,False,False,False,False,False,False,False,False,Day,Day,Day,Day
A-46078,Source2,2,2016-07-03 14:44:13,2016-07-03 16:14:13,34.155045,-118.310867,,,0.0,Accident on CA-134 Eastbound at Exit 4 Forest Lawn Dr.,Forest Lawn Dr,Los Angeles,Los Angeles,CA,90027,US,US/Pacific,KCQT,2016-07-03 14:47:00,73.0,,61.0,30.03,10.0,Variable,3.5,,Clear,False,False,False,False,False,False,False,False,False,False,False,False,False,Day,Day,Day,Day
A-46082,Source2,2,2016-07-03 14:59:02,2016-07-03 16:29:02,34.113575,-118.179085,,,0.0,Accident on York Blvd Westbound near San Pascual Ave.,San Pascual Ave,Los Angeles,Los Angeles,CA,90042-3744,US,US/Pacific,KCQT,2016-07-03 14:47:00,73.0,,61.0,30.03,10.0,Variable,3.5,,Clear,False,False,False,False,False,False,False,False,False,False,False,True,False,Day,Day,Day,Day
A-46086,Source2,3,2016-07-03 19:37:09,2016-07-03 20:07:09,34.15041,-118.280701,,,0.0,Accident on CA-134 Southbound at Exit 5B I-5.,Golden State Fwy S,Los Angeles,Los Angeles,CA,90027,US,US/Pacific,KCQT,2016-07-03 19:47:00,66.9,,70.0,30.0,10.0,West,5.8,,Clear,False,False,False,False,False,False,False,False,False,False,False,False,False,Day,Day,Day,Day
A-46095,Source2,2,2016-07-04 00:49:21,2016-07-04 01:19:21,34.062588,-118.248718,,,0.0,Accident on US-101 Southbound at Exits 3 3A 3B CA-110. Expect delays.,CA-110 N,Los Angeles,Los Angeles,CA,90012,US,US/Pacific,KCQT,2016-07-04 00:47:00,64.0,,80.0,30.03,10.0,Calm,,,Overcast,False,False,False,False,False,False,False,False,False,False,False,False,False,Night,Night,Night,Night
A-46100,Source2,3,2016-07-04 01:50:58,2016-07-04 02:50:58,33.975517,-118.385193,,,0.0,Lane blocked due to accident on I-405 Southbound at Exits 49 49B Sepulveda Blvd.,San Diego Fwy S,Los Angeles,Los Angeles,CA,90045,US,US/Pacific,KLAX,2016-07-04 01:53:00,64.9,,75.0,30.04,10.0,West,5.8,,Mostly Cloudy,False,False,False,False,False,False,False,False,False,False,False,False,False,Night,Night,Night,Night
A-46101,Source2,3,2016-07-04 02:00:02,2016-07-04 03:00:02,33.92889,-118.291588,,,0.0,Lane blocked due to accident on I-105 Eastbound at Exit 7A Vermont Ave.,I-105 W,Los Angeles,Los Angeles,CA,90044,US,US/Pacific,KHHR,2016-07-04 01:53:00,64.9,,75.0,30.04,10.0,WSW,5.8,,Overcast,False,False,False,False,False,False,True,False,True,False,False,False,False,Night,Night,Night,Night
A-46102,Source2,3,2016-07-04 01:35:42,2016-07-04 02:35:42,33.916428,-118.285736,,,0.0,Lane blocked due to accident on I-110 Southbound at Exit 13 El Segundo Blvd.,Harbor Fwy N,Los Angeles,Los Angeles,CA,90044,US,US/Pacific,KHHR,2016-07-04 01:53:00,64.9,,75.0,30.04,10.0,WSW,5.8,,Overcast,False,False,False,False,False,False,False,False,False,False,False,False,False,Night,Night,Night,Night
A-46103,Source2,3,2016-07-04 01:33:08,2016-07-04 02:33:08,34.038456,-118.27401,,,0.0,Lane blocked due to accident on I-110 Northbound at Exit 21 I-10.,CA-110 S,Los Angeles,Los Angeles,CA,90015,US,US/Pacific,KCQT,2016-07-04 01:47:00,64.0,,80.0,30.03,10.0,Variable,3.5,,Overcast,False,False,False,False,False,False,False,False,False,False,False,False,False,Night,Night,Night,Night
A-46104,Source2,3,2016-07-04 01:40:45,2016-07-04 02:40:45,34.085339000000005,-118.23153700000002,,,0.0,Lane blocked due to accident on I-5 Southbound at Exit 137B CA-110.,Golden State Fwy S,Los Angeles,Los Angeles,CA,90031,US,US/Pacific,KCQT,2016-07-04 01:47:00,64.0,,80.0,30.03,10.0,Variable,3.5,,Overcast,False,False,False,False,True,False,False,False,False,False,False,False,False,Night,Night,Night,Night
A-46105,Source2,2,2016-07-04 02:05:05,2016-07-04 03:05:05,34.093231,-118.206215,,,0.0,Lane blocked on exit ramp due to accident on CA-110 Southbound at Exit 27 Avenue 43.,E Avenue 43,Los Angeles,Los Angeles,CA,90031,US,US/Pacific,KCQT,2016-07-04 01:47:00,64.0,,80.0,30.03,10.0,Variable,3.5,,Overcast,False,False,False,False,False,False,False,False,False,False,False,False,False,Night,Night,Night,Night
A-46110,Source2,3,2016-07-04 03:22:22,2016-07-04 04:22:22,34.037037,-118.377533,,,0.0,Left lane blocked due to accident on I-10 Westbound at Exit 7A La Cienega Blvd.,S La Cienega Blvd,Los Angeles,Los Angeles,CA,90034,US,US/Pacific,KSMO,2016-07-04 03:51:00,64.9,,75.0,30.02,10.0,Variable,3.5,,Overcast,False,False,False,False,True,False,False,False,False,False,False,True,False,Night,Night,Night,Night
A-46113,Source2,3,2016-07-04 03:25:42,2016-07-04 04:25:42,34.010239,-118.160057,,,0.0,Slow lane blocked due to accident on I-5 Southbound at Exit 130A Telegraph Rd.,Santa Ana Fwy S,Los Angeles,Los Angeles,CA,90022,US,US/Pacific,KCQT,2016-07-04 03:47:00,64.0,,80.0,30.01,10.0,Calm,,,Overcast,False,False,False,False,False,False,True,False,False,False,False,False,False,Night,Night,Night,Night
A-46115,Source2,3,2016-07-04 03:34:34,2016-07-04 04:34:34,34.01593,-118.173027,,,0.0,Slow lane blocked due to accident on I-5 Southbound at Exits 130B 130C I-710.,Long Beach Fwy S,Los Angeles,Los Angeles,CA,90040,US,US/Pacific,KCQT,2016-07-04 03:47:00,64.0,,80.0,30.01,10.0,Calm,,,Overcast,False,False,False,False,False,False,False,False,False,False,False,False,False,Night,Night,Night,Night
A-46118,Source2,3,2016-07-04 05:23:40,2016-07-04 05:53:40,34.020306,-118.192268,,,0.0,Accident on I-5 Northbound at Indiana St / Dennison St.,S Indiana St,Los Angeles,Los Angeles,CA,90023-2344,US,US/Pacific,KCQT,2016-07-04 05:47:00,64.0,,80.0,30.02,10.0,Calm,,,Overcast,False,False,False,False,False,False,False,False,False,False,False,False,False,Night,Day,Day,Day
A-46123,Source2,3,2016-07-04 05:44:13,2016-07-04 06:14:13,33.982372,-118.280556,,,0.0,Accident on I-110 Southbound at Gage Ave.,Harbor Fwy N,Los Angeles,Los Angeles,CA,90003,US,US/Pacific,KHHR,2016-07-04 05:53:00,64.9,,75.0,30.03,10.0,SSW,4.6,,Overcast,False,False,False,False,False,False,False,False,False,False,False,False,False,Night,Day,Day,Day
A-46130,Source2,2,2016-07-04 06:10:04,2016-07-04 06:40:04,34.046745,-118.2686,,,0.0,Accident on CA-110 Southbound at Olympic Blvd.,W Olympic Blvd,Los Angeles,Los Angeles,CA,90015-1332,US,US/Pacific,KCQT,2016-07-04 05:47:00,64.0,,80.0,30.02,10.0,Calm,,,Overcast,False,False,False,False,False,False,False,False,False,False,False,False,False,Day,Day,Day,Day
A-46134,Source2,2,2016-07-04 06:51:04,2016-07-04 07:21:04,34.062588,-118.248718,,,0.0,Lane blocked due to accident on CA-110 Southbound at US-101 Exits 3 3A 3B.,CA-110 N,Los Angeles,Los Angeles,CA,90012,US,US/Pacific,KCQT,2016-07-04 06:47:00,64.9,,78.0,30.03,10.0,Calm,,,Overcast,False,False,False,False,False,False,False,False,False,False,False,False,False,Day,Day,Day,Day
A-46141,Source2,2,2016-07-04 07:40:07,2016-07-04 08:55:07,34.029224,-118.21479,,,0.0,Accident on CA-60 Westbound at US-101 Exit 133.,US-101 S,Los Angeles,Los Angeles,CA,90023,US,US/Pacific,KCQT,2016-07-04 07:47:00,66.0,,75.0,30.04,10.0,Calm,,,Overcast,False,False,False,False,False,False,False,False,False,False,False,False,False,Day,Day,Day,Day
A-46152,Source2,2,2016-07-04 10:09:29,2016-07-04 10:39:29,34.05304,-118.228096,,,0.0,Accident on US-101 both ways at Mission Rd.,US-101 N,Los Angeles,Los Angeles,CA,90033,US,US/Pacific,KCQT,2016-07-04 09:47:00,68.0,,73.0,30.05,10.0,Calm,,,Overcast,False,False,False,False,False,False,False,False,False,False,False,False,False,Day,Day,Day,Day
A-46153,Source2,2,2016-07-04 10:19:26,2016-07-04 10:49:26,34.054077,-118.237862,,,0.0,Accident on US-101 Southbound at Alameda St.,N Alameda St,Los Angeles,Los Angeles,CA,90012,US,US/Pacific,KCQT,2016-07-04 10:47:00,70.0,,68.0,30.04,10.0,Variable,4.6,,Overcast,False,False,True,False,False,False,False,False,False,False,False,False,False,Day,Day,Day,Day
A-46154,Source2,3,2016-07-04 10:52:09,2016-07-04 11:22:09,34.034149,-118.350067,,,0.0,Accident on I-10 Westbound at La Brea Ave.,S La Brea Ave,Los Angeles,Los Angeles,CA,90016,US,US/Pacific,KSMO,2016-07-04 10:51:00,66.9,,76.0,30.06,10.0,WSW,9.2,,Overcast,False,False,False,False,True,False,False,False,False,False,False,False,False,Day,Day,Day,Day
A-46160,Source2,2,2016-07-04 12:02:40,2016-07-04 12:32:40,34.028839000000005,-118.151512,,,0.0,Accident on Repetto Ave both ways at Oakford Dr.,Repetto Ave,Los Angeles,Los Angeles,CA,90022-2636,US,US/Pacific,KCQT,2016-07-04 12:14:00,72.0,,64.0,30.04,10.0,West,9.2,,Scattered Clouds,False,False,False,False,False,False,False,False,False,False,False,False,False,Day,Day,Day,Day
A-46172,Source2,2,2016-07-04 13:19:28,2016-07-04 14:19:28,33.952884999999995,-118.269516,,,0.0,Serious accident and rolled over vehicle on 92nd St near San Pedro St.,E 92nd St,Los Angeles,Los Angeles,CA,90003-3823,US,US/Pacific,KHHR,2016-07-04 12:53:00,70.0,,65.0,30.05,10.0,WNW,8.1,,Mostly Cloudy,False,False,False,False,False,False,False,False,False,False,False,True,False,Day,Day,Day,Day
A-46173,Source2,3,2016-07-04 13:23:24,2016-07-04 14:08:24,34.043037,-118.217239,,,0.0,One lane blocked due to accident and vehicles spun around on I-5 I-10 Southbound near Exit 135A 4th St.,Golden State Fwy S,Los Angeles,Los Angeles,CA,90033,US,US/Pacific,KCQT,2016-07-04 13:47:00,73.0,,61.0,30.02,10.0,North,,,Clear,False,False,False,False,False,False,False,False,False,False,False,False,False,Day,Day,Day,Day
A-46177,Source2,2,2016-07-04 14:13:47,2016-07-04 15:00:00,33.98745,-118.367157,,,0.0,Accident on Slauson Ave near Kings Rd.,W Slauson Ave,Los Angeles,Los Angeles,CA,90056-1641,US,US/Pacific,KLAX,2016-07-04 13:53:00,70.0,,63.0,30.04,10.0,West,17.3,,Scattered Clouds,False,False,True,False,False,False,False,False,True,True,False,True,False,Day,Day,Day,Day
A-46178,Source2,2,2016-07-04 14:37:50,2016-07-04 15:22:50,33.958355,-118.253998,,,0.0,Accident on 87th Pl near Hooper Ave.,E 87th Pl,Los Angeles,Los Angeles,CA,90002-1137,US,US/Pacific,KHHR,2016-07-04 14:53:00,71.1,,61.0,30.03,10.0,WNW,9.2,,Clear,False,False,False,False,False,False,False,False,False,False,False,False,False,Day,Day,Day,Day
A-46179,Source2,2,2016-07-04 14:46:44,2016-07-04 15:31:44,33.982085999999995,-118.247711,,,0.0,Accident on Gage Ave near Compton Ave.,E Gage Ave,Los Angeles,Los Angeles,CA,90001-1770,US,US/Pacific,KCQT,2016-07-04 14:47:00,72.0,,61.0,30.01,10.0,North,,,Clear,False,False,False,False,False,False,False,False,False,False,False,False,False,Day,Day,Day,Day
A-46181,Source2,3,2016-07-04 15:13:16,2016-07-04 15:58:16,33.928902,-118.289368,,,0.0,Right hand shoulder blocked due to accident on I-105 Westbound near Exits 7A 7B I-110.,Glenn Anderson Fwy W,Los Angeles,Los Angeles,CA,90044,US,US/Pacific,KHHR,2016-07-04 14:53:00,71.1,,61.0,30.03,10.0,WNW,9.2,,Clear,False,False,False,False,False,False,True,False,False,False,False,False,False,Day,Day,Day,Day
A-46205,Source2,2,2016-07-04 17:23:43,2016-07-04 18:08:43,34.062588,-118.248718,,,0.0,Right hand shoulder blocked due to accident on US-101 Southbound near Exits 3 3A 3B CA-110.,CA-110 N,Los Angeles,Los Angeles,CA,90012,US,US/Pacific,KCQT,2016-07-04 17:47:00,72.0,,64.0,29.96,10.0,Variable,3.5,,Clear,False,False,False,False,False,False,False,False,False,False,False,False,False,Day,Day,Day,Day
A-46206,Source2,2,2016-07-04 17:09:15,2016-07-04 17:54:15,34.021515,-118.162613,,,0.0,Accident on CA-72 Whittier Blvd near La Verne Ave.,S La Verne Ave,Los Angeles,Los Angeles,CA,90022-3113,US,US/Pacific,KCQT,2016-07-04 16:47:00,72.0,,64.0,29.98,10.0,West,9.2,,Clear,False,False,False,False,False,False,False,False,False,False,False,False,False,Day,Day,Day,Day
A-46210,Source2,2,2016-07-04 17:40:16,2016-07-04 18:25:16,33.921196,-118.302315,,,0.0,Accident on 123rd St near Halldale Ave.,S Halldale Ave,Los Angeles,Los Angeles,CA,90047-5323,US,US/Pacific,KHHR,2016-07-04 17:53:00,71.1,,63.0,29.98,10.0,West,13.8,,Clear,False,False,False,False,False,False,False,False,False,False,False,False,False,Day,Day,Day,Day
A-46217,Source2,3,2016-07-04 18:28:22,2016-07-04 19:13:22,33.989155,-118.280807,,,0.0,Right hand shoulder blocked due to accident on I-110 Southbound near Exit 18B Slauson Ave.,I-110 S,Los Angeles,Los Angeles,CA,90003,US,US/Pacific,KHHR,2016-07-04 18:53:00,70.0,,68.0,29.98,10.0,West,13.8,,Clear,False,False,False,False,False,False,False,False,False,False,False,False,False,Day,Day,Day,Day
A-46218,Source2,3,2016-07-04 18:27:35,2016-07-04 19:12:35,34.046158,-118.215073,,,0.0,Right hand shoulder blocked due to accident on I-5 I-10 Northbound near Exit 135A 4th St.,I-5 N,Los Angeles,Los Angeles,CA,90033,US,US/Pacific,KCQT,2016-07-04 18:47:00,71.1,,66.0,29.96,10.0,Variable,3.5,,Clear,False,False,False,False,False,False,False,False,False,False,False,False,False,Day,Day,Day,Day
A-46239,Source2,3,2016-07-04 19:18:42,2016-07-04 20:03:42,34.031715000000005,-118.416939,,,0.0,Right hand shoulder blocked due to accident on I-10 Westbound near Exit 4 Overland Ave.,I-10 E,Los Angeles,Los Angeles,CA,90034,US,US/Pacific,KSMO,2016-07-04 18:51:00,68.0,,73.0,29.98,10.0,WSW,12.7,,Clear,False,False,True,False,False,False,False,False,False,False,False,True,False,Day,Day,Day,Day
A-46245,Source2,2,2016-07-04 19:40:10,2016-07-04 20:25:10,34.023952,-118.192284,,,0.0,Accident on Whittier Blvd near Indiana St.,S Indiana St,Los Angeles,Los Angeles,CA,90023-2323,US,US/Pacific,KCQT,2016-07-04 19:47:00,68.0,,73.0,29.96,10.0,Variable,4.6,,Clear,False,False,False,False,False,False,False,False,False,False,False,True,False,Day,Day,Day,Day
A-46247,Source2,3,2016-07-04 20:03:23,2016-07-04 20:48:23,34.028423,-118.229935,,,0.0,Accident on I-10 Westbound near Exits 16A 16B CA-60.,I-10 W,Los Angeles,Los Angeles,CA,90021,US,US/Pacific,KCQT,2016-07-04 19:47:00,68.0,,73.0,29.96,10.0,Variable,4.6,,Clear,False,False,False,False,True,False,False,False,False,False,False,False,False,Day,Day,Day,Day
A-46253,Source2,2,2016-07-04 20:23:28,2016-07-04 21:08:28,34.015759,-118.155907,,,0.0,Accident on Olympic Blvd near Goodrich Blvd.,E Olympic Blvd,Los Angeles,Los Angeles,CA,90022-4029,US,US/Pacific,KCQT,2016-07-04 20:47:00,66.9,,76.0,29.98,9.0,West,3.5,,Clear,False,False,False,False,False,False,False,False,False,False,False,True,False,Night,Day,Day,Day
A-46257,Source2,2,2016-07-04 20:41:42,2016-07-04 21:26:42,34.083557,-118.29847,,,0.0,One lane blocked due to accident on US-101 Southbound near Exit 6B Melrose Ave.,CA-2 W,Los Angeles,Los Angeles,CA,90029,US,US/Pacific,KCQT,2016-07-04 20:47:00,66.9,,76.0,29.98,9.0,West,3.5,,Clear,False,False,False,False,False,False,False,False,False,False,False,False,False,Night,Night,Day,Day
A-46261,Source2,3,2016-07-04 20:54:34,2016-07-04 21:40:04,34.031555,-118.417542,,,0.0,Right hand shoulder blocked due to accident on I-10 Westbound near Exit 4 Overland Ave.,I-10 E,Los Angeles,Los Angeles,CA,90034,US,US/Pacific,KSMO,2016-07-04 20:51:00,66.0,,78.0,29.99,10.0,SW,8.1,,Clear,False,False,False,False,False,False,False,False,False,False,False,False,False,Night,Night,Day,Day
A-46267,Source2,3,2016-07-04 21:34:32,2016-07-04 22:19:32,33.960133,-118.280518,,,0.0,Accident on I-110 Northbound at Exit 16 CA-42 Manchester Ave.,W Manchester Ave,Los Angeles,Los Angeles,CA,90003,US,US/Pacific,KHHR,2016-07-04 21:53:00,66.9,,76.0,30.01,7.0,WSW,8.1,,Mostly Cloudy,False,False,True,False,False,False,False,False,True,True,False,False,False,Night,Night,Night,Day
A-46268,Source2,2,2016-07-04 21:38:20,2016-07-04 22:23:20,34.155849,-118.307533,,,0.0,Accident on CA-134 Westbound at Exit 4 Forest Lawn Dr.,CA-134 W,Los Angeles,Los Angeles,CA,90027,US,US/Pacific,KCQT,2016-07-04 21:47:00,66.0,,78.0,30.0,5.0,Calm,,,Haze,False,False,False,False,True,False,False,False,False,False,False,False,False,Night,Night,Night,Day
A-46272,Source2,2,2016-07-04 21:57:21,2016-07-04 22:42:21,34.154884,-118.288795,,,0.0,Accident on I-5 Southbound at Exits 144 144A 144B CA-134.,Golden State Fwy S,Los Angeles,Los Angeles,CA,90027,US,US/Pacific,KCQT,2016-07-04 21:47:00,66.0,,78.0,30.0,5.0,Calm,,,Haze,False,False,False,False,True,False,False,False,False,False,False,False,False,Night,Night,Night,Night
A-46275,Source2,2,2016-07-04 21:49:47,2016-07-04 22:34:47,34.048874,-118.191925,,,0.0,Accident on City Terrace Dr at Alma Ave.,Dobinson St,Los Angeles,Los Angeles,CA,90063-2608,US,US/Pacific,KCQT,2016-07-04 21:47:00,66.0,,78.0,30.0,5.0,Calm,,,Haze,False,False,False,False,False,False,False,False,True,False,False,False,False,Night,Night,Night,Day
A-46276,Source2,2,2016-07-04 21:49:06,2016-07-04 22:34:06,34.022449,-118.167015,,,0.0,Accident on CA-72 Whittier Blvd at Arizona Ave.,S Arizona Ave,Los Angeles,Los Angeles,CA,90022,US,US/Pacific,KCQT,2016-07-04 21:47:00,66.0,,78.0,30.0,5.0,Calm,,,Haze,False,False,False,False,False,False,False,False,False,False,False,True,False,Night,Night,Night,Day
A-46280,Source2,2,2016-07-04 22:01:03,2016-07-04 22:46:03,34.068111,-118.25695,,,0.0,Accident on US-101 Southbound at Exit 4A Palo Alto St.,Hollywood Fwy S,Los Angeles,Los Angeles,CA,90026,US,US/Pacific,KCQT,2016-07-04 21:47:00,66.0,,78.0,30.0,5.0,Calm,,,Haze,False,False,False,False,False,False,False,False,False,False,False,False,False,Night,Night,Night,Night
A-46281,Source2,2,2016-07-04 21:59:55,2016-07-04 22:44:55,34.063725,-118.24991599999998,,,0.0,Accident on US-101 Southbound at Exits 3 3A 3B CA-110.,Hollywood Fwy S,Los Angeles,Los Angeles,CA,90012,US,US/Pacific,KCQT,2016-07-04 21:47:00,66.0,,78.0,30.0,5.0,Calm,,,Haze,False,False,False,False,False,False,False,False,False,False,False,False,False,Night,Night,Night,Night
A-46293,Source2,3,2016-07-04 23:45:34,2016-07-05 00:30:34,34.082169,-118.224617,,,0.0,Accident on I-5 Northbound at Exit 137A CA-110.,N Figueroa St,Los Angeles,Los Angeles,CA,90065,US,US/Pacific,KCQT,2016-07-04 23:47:00,64.9,,81.0,30.01,10.0,Calm,,,Overcast,False,False,False,False,False,False,False,False,False,False,False,False,False,Night,Night,Night,Night
A-46301,Source2,2,2016-07-05 00:11:03,2016-07-05 00:56:03,34.123188,-118.341576,,,0.0,Accident on US-101 Northbound at Exit 11A Cahuenga Blvd.,US-101 N,Los Angeles,Los Angeles,CA,90068,US,US/Pacific,KBUR,2016-07-05 00:53:00,63.0,,84.0,29.98,10.0,SSE,5.8,,Mostly Cloudy,False,False,False,False,False,False,False,False,False,False,False,False,False,Night,Night,Night,Night
A-46302,Source2,2,2016-07-05 00:24:12,2016-07-05 01:09:12,34.10292800000001,-118.195045,,,0.0,Right hand shoulder blocked due to accident on CA-110 Southbound at Exit 28A Avenue 52.,Pasadena Fwy S,Los Angeles,Los Angeles,CA,90042,US,US/Pacific,KCQT,2016-07-05 00:47:00,64.9,,81.0,30.0,10.0,Calm,,,Overcast,False,False,False,False,True,False,False,False,False,False,False,False,False,Night,Night,Night,Night
A-46316,Source2,2,2016-07-05 01:18:14,2016-07-05 02:18:14,33.931202,-118.291794,,,0.0,Lane blocked due to accident on CA-90 Imperial Hwy Westbound at Vermont Ave.,S Vermont Ave,Los Angeles,Los Angeles,CA,90044,US,US/Pacific,KHHR,2016-07-05 00:53:00,64.9,,78.0,30.01,10.0,West,6.9,,Overcast,False,False,False,False,False,False,False,False,False,False,False,True,False,Night,Night,Night,Night
A-46317,Source2,2,2016-07-05 01:46:51,2016-07-05 02:46:51,34.062453999999995,-118.248322,,,0.0,One lane blocked due to accident on CA-110 Northbound at Exit 24A US-101.,US-101 N,Los Angeles,Los Angeles,CA,90012,US,US/Pacific,KCQT,2016-07-05 01:47:00,64.9,,81.0,30.0,10.0,Calm,,,Overcast,False,False,False,False,False,False,False,False,False,False,False,False,False,Night,Night,Night,Night
A-46318,Source2,2,2016-07-05 01:26:13,2016-07-05 02:26:13,33.953259,-118.231728,,,0.0,Accident on Kalmia St both ways at 92nd St.,E 92nd St,Los Angeles,Los Angeles,CA,90002-2602,US,US/Pacific,KHHR,2016-07-05 01:53:00,66.0,,75.0,30.01,10.0,NW,3.5,,Overcast,False,False,False,False,False,False,False,False,False,False,False,False,False,Night,Night,Night,Night
A-46319,Source2,2,2016-07-05 01:32:07,2016-07-05 02:32:07,33.957775,-118.231056,,,0.0,Accident on Alameda St Southbound at CA-42 Firestone Blvd.,Firestone Blvd,Los Angeles,Los Angeles,CA,90002-1546,US,US/Pacific,KHHR,2016-07-05 01:53:00,66.0,,75.0,30.01,10.0,NW,3.5,,Overcast,False,False,True,False,False,False,False,False,False,False,False,True,False,Night,Night,Night,Night
A-46326,Source2,3,2016-07-05 02:36:09,2016-07-05 03:36:09,34.122634999999995,-118.478424,,,0.0,HOV lane blocked due to accident on I-405 Northbound at Exit 61 Skirball Center Dr.,Skirball Center Dr,Los Angeles,Los Angeles,CA,90077,US,US/Pacific,KSMO,2016-07-05 02:51:00,64.9,,78.0,30.0,10.0,Variable,4.6,,Overcast,False,False,False,False,True,False,False,False,False,False,False,False,False,Night,Night,Night,Night
A-46329,Source2,3,2016-07-05 02:57:00,2016-07-05 03:57:00,34.065979,-118.2164,,,0.0,Lane blocked due to accident on I-5 Northbound at Exits 136 136A 136B Avenue 21.,Golden State Fwy S,Los Angeles,Los Angeles,CA,90031,US,US/Pacific,KCQT,2016-07-05 02:47:00,64.9,,78.0,29.99,10.0,Calm,,,Overcast,False,False,False,False,False,False,False,False,False,False,False,False,False,Night,Night,Night,Night
A-46333,Source2,3,2016-07-05 03:38:52,2016-07-05 04:38:52,34.07291,-118.466553,,,0.0,Lane blocked due to accident on I-405 Southbound at Exits 57 57A Church Ln.,I-405 N,Los Angeles,Los Angeles,CA,90049,US,US/Pacific,KSMO,2016-07-05 03:51:00,64.9,,75.0,29.99,10.0,Calm,,,Overcast,False,False,False,False,False,False,False,False,False,False,False,False,False,Night,Night,Night,Night
A-46334,Source2,2,2016-07-05 03:40:46,2016-07-05 04:40:46,33.917389,-118.306755,,,0.0,Lane blocked due to accident on 127th St both ways at Harvard Blvd.,W 127th St,Los Angeles,Los Angeles,CA,90047-5230,US,US/Pacific,KHHR,2016-07-05 03:53:00,66.0,,75.0,29.99,10.0,Variable,3.5,,Overcast,False,False,False,False,False,False,False,False,False,False,False,False,False,Night,Night,Night,Night
A-46335,Source2,3,2016-07-05 03:19:04,2016-07-05 04:19:04,34.095539,-118.244049,,,0.0,One lane blocked due to accident on I-5 Northbound at Exit 138 Stadium Way.,Riverside Dr,Los Angeles,Los Angeles,CA,90031,US,US/Pacific,KCQT,2016-07-05 03:47:00,64.9,,78.0,29.98,10.0,Calm,,,Overcast,False,False,False,False,False,False,False,False,False,False,False,False,False,Night,Night,Night,Night
A-46336,Source2,2,2016-07-05 03:22:39,2016-07-05 04:22:39,34.029831,-118.215302,,,0.0,Lane blocked due to accident on CA-60 Westbound before Exits 1A 1C I-5.,Pomona Fwy W,Los Angeles,Los Angeles,CA,90023,US,US/Pacific,KCQT,2016-07-05 03:47:00,64.9,,78.0,29.98,10.0,Calm,,,Overcast,False,False,False,False,False,False,False,False,False,False,False,False,False,Night,Night,Night,Night
A-46346,Source2,3,2016-07-05 07:09:08,2016-07-05 07:55:06,34.011105,-118.281265,,,0.0,Accident on I-110 Southbound at Martin Luther King Jr Blvd.,I-110 S,Los Angeles,Los Angeles,CA,90037,US,US/Pacific,KCQT,2016-07-05 06:47:00,66.9,,70.0,29.99,8.0,Calm,,,Overcast,False,False,False,False,False,False,False,False,False,False,False,False,False,Day,Day,Day,Day
A-46347,Source2,3,2016-07-05 07:12:30,2016-07-05 07:42:30,34.038456,-118.27401,,,0.0,Accident on I-110 Southbound at I-10 Exits 12 13B.,CA-110 S,Los Angeles,Los Angeles,CA,90015,US,US/Pacific,KCQT,2016-07-05 06:47:00,66.9,,70.0,29.99,8.0,Calm,,,Overcast,False,False,False,False,False,False,False,False,False,False,False,False,False,Day,Day,Day,Day
A-46350,Source2,3,2016-07-05 07:41:52,2016-07-05 08:27:22,34.034599,-118.437279,,,0.0,Accident on I-405 Northbound at I-10 Exits 3A 3B / National Blvd.,Exposition Blvd,Los Angeles,Los Angeles,CA,90064,US,US/Pacific,KSMO,2016-07-05 07:51:00,68.0,,65.0,30.01,10.0,Variable,3.5,,Overcast,False,False,False,False,False,False,False,False,False,False,False,False,False,Day,Day,Day,Day
A-46375,Source2,3,2016-07-05 10:01:19,2016-07-05 10:46:54,33.987499,-118.13755,,,0.0,Accident on I-5 Northbound at Garfield Ave.,Garfield Ave,Los Angeles,Los Angeles,CA,90040,US,US/Pacific,KCQT,2016-07-05 09:47:00,72.0,,61.0,30.01,8.0,Calm,,,Overcast,False,False,False,False,False,False,False,False,False,False,False,False,False,Day,Day,Day,Day
A-46385,Source2,3,2016-07-05 11:02:14,2016-07-05 11:32:14,34.106606,-118.25583600000002,,,0.0,Middle lane blocked due to accident on I-5 at Exit 140A Fletcher Dr.,Fletcher Dr,Los Angeles,Los Angeles,CA,90039-2802,US,US/Pacific,KCQT,2016-07-05 10:47:00,73.9,,57.0,30.0,9.0,Calm,,,Scattered Clouds,False,False,False,False,False,False,False,False,False,False,False,False,False,Day,Day,Day,Day
A-46391,Source2,3,2016-07-05 11:27:20,2016-07-05 11:57:20,34.020496,-118.194107,,,0.0,Accident on I-5 Southbound at Indiana St.,Santa Ana Fwy S,Los Angeles,Los Angeles,CA,90023,US,US/Pacific,KCQT,2016-07-05 11:47:00,75.0,,53.0,30.0,10.0,Variable,3.5,,Clear,False,False,False,False,False,False,False,False,False,False,False,False,False,Day,Day,Day,Day
A-46400,Source2,3,2016-07-05 11:57:38,2016-07-05 12:44:58,33.928444,-118.239044,,,0.0,Accident on I-105 Westbound at Wilmington Ave.,I-105 W,Los Angeles,Los Angeles,CA,90059,US,US/Pacific,KHHR,2016-07-05 11:53:00,72.0,,57.0,30.02,10.0,SW,10.4,,Clear,False,False,False,False,False,False,False,False,False,False,False,False,False,Day,Day,Day,Day
A-46401,Source2,2,2016-07-05 12:12:03,2016-07-05 12:42:03,34.04435,-118.179886,,,0.0,Accident on Hazard Ave both ways near Floral Dr.,Floral Dr,Los Angeles,Los Angeles,CA,90063-3524,US,US/Pacific,KCQT,2016-07-05 11:47:00,75.0,,53.0,30.0,10.0,Variable,3.5,,Clear,False,False,False,False,False,False,False,False,False,True,False,False,False,Day,Day,Day,Day
A-46422,Source2,3,2016-07-05 14:08:29,2016-07-05 14:53:29,34.037037,-118.377533,,,0.0,Lane blocked on entry ramp due to accident on I-10 Westbound near Exit 7A La Cienega Blvd.,S La Cienega Blvd,Los Angeles,Los Angeles,CA,90034,US,US/Pacific,KSMO,2016-07-05 13:51:00,71.1,,63.0,29.99,10.0,West,11.5,,Clear,False,False,False,False,True,False,False,False,False,False,False,True,False,Day,Day,Day,Day
A-46425,Source2,3,2016-07-05 13:43:59,2016-07-05 14:58:59,34.004791,-118.173012,,,0.0,Accident on I-710 Northbound near Exits 17B 17C Washington Blvd.,Long Beach Fwy S,Los Angeles,Los Angeles,CA,90040,US,US/Pacific,KCQT,2016-07-05 13:47:00,75.9,,54.0,29.96,10.0,WSW,3.5,,Clear,False,False,False,False,False,False,False,False,False,False,False,False,False,Day,Day,Day,Day
A-46435,Source2,3,2016-07-05 14:18:33,2016-07-05 15:03:33,34.013000000000005,-118.172462,,,0.0,Two lanes blocked due to accident on I-710 Southbound near Exits 18A 18B I-5.,Long Beach Fwy S,Los Angeles,Los Angeles,CA,90040,US,US/Pacific,KCQT,2016-07-05 14:47:00,75.0,,55.0,29.96,10.0,Variable,5.8,,Clear,False,False,False,False,True,False,False,False,False,False,False,False,False,Day,Day,Day,Day
A-46444,Source2,3,2016-07-05 14:38:27,2016-07-05 15:23:27,34.034954,-118.33371,,,0.0,Accident on I-10 Westbound at Exit 9 Crenshaw Blvd.,I-10 E,Los Angeles,Los Angeles,CA,90016,US,US/Pacific,KSMO,2016-07-05 14:51:00,70.0,,63.0,29.99,10.0,WSW,16.1,,Clear,False,False,False,False,False,False,False,False,False,False,False,False,False,Day,Day,Day,Day
A-46445,Source2,3,2016-07-05 14:34:51,2016-07-05 15:19:51,34.036751,-118.317757,,,0.0,Accident and vehicles spun around on I-10 Westbound near Exits 10 11 Arlington Ave. On the median.,Arlington Ave,Los Angeles,Los Angeles,CA,90018,US,US/Pacific,KCQT,2016-07-05 14:47:00,75.0,,55.0,29.96,10.0,Variable,5.8,,Clear,False,False,False,False,True,False,False,False,False,False,False,False,False,Day,Day,Day,Day
A-46457,Source2,2,2016-07-05 15:37:20,2016-07-05 16:22:20,33.916431,-118.306755,,,0.0,Accident on El Segundo Blvd near Harvard Blvd.,S Harvard Blvd,Los Angeles,Los Angeles,CA,90047-5238,US,US/Pacific,KHHR,2016-07-05 15:53:00,73.0,,59.0,29.96,10.0,West,13.8,,Clear,False,False,False,False,False,False,False,False,False,False,False,False,False,Day,Day,Day,Day
A-46470,Source2,2,2016-07-05 16:04:33,2016-07-05 16:49:33,34.056339,-118.241272,,,0.0,Two lanes blocked due to accident on US-101 Northbound near Exits 2C 3A Broadway.,N Spring St,Los Angeles,Los Angeles,CA,90012,US,US/Pacific,KCQT,2016-07-05 15:47:00,73.9,,57.0,29.95,10.0,Variable,5.8,,Clear,False,False,True,False,True,False,False,False,False,False,False,True,False,Day,Day,Day,Day
A-46471,Source2,2,2016-07-05 16:23:20,2016-07-05 17:08:20,34.030697,-118.160622,,,0.0,Accident on Ferris Ave near 4th St.,S Ferris Ave,Los Angeles,Los Angeles,CA,90022-1972,US,US/Pacific,KCQT,2016-07-05 16:47:00,73.0,,61.0,29.94,10.0,West,9.2,,Clear,False,False,False,False,False,False,False,False,False,False,False,False,False,Day,Day,Day,Day
A-46485,Source2,2,2016-07-05 17:16:31,2016-07-05 18:01:31,34.030605,-118.420952,,,0.0,Accident on National Blvd near Westwood Blvd.,Westwood Blvd,Los Angeles,Los Angeles,CA,90034-3416,US,US/Pacific,KSMO,2016-07-05 16:51:00,70.0,,68.0,29.96,10.0,WSW,12.7,,Clear,True,False,True,False,False,False,False,False,False,False,False,True,False,Day,Day,Day,Day
A-46489,Source2,3,2016-07-05 17:12:29,2016-07-05 17:57:29,34.008007,-118.280991,,,0.0,Shoulder blocked on exit ramp due to accident on I-110 Northbound at Exit 20A Martin Luther King Jr Blvd.,I-110 S,Los Angeles,Los Angeles,CA,90037,US,US/Pacific,KCQT,2016-07-05 16:47:00,73.0,,61.0,29.94,10.0,West,9.2,,Clear,False,False,False,False,False,False,False,False,False,False,False,False,False,Day,Day,Day,Day
A-46492,Source2,2,2016-07-05 17:10:35,2016-07-05 17:55:35,34.144863,-118.215118,,,0.0,One lane blocked due to accident on CA-134 Eastbound near Exits 9A 9B CA-2.,CA-134 E,Los Angeles,Los Angeles,CA,90041,US,US/Pacific,KCQT,2016-07-05 16:47:00,73.0,,61.0,29.94,10.0,West,9.2,,Clear,False,False,False,False,False,False,False,False,False,False,False,False,False,Day,Day,Day,Day
A-46499,Source2,2,2016-07-05 17:21:16,2016-07-05 18:06:16,34.030449,-118.159439,,,0.0,Accident on 4th St near La Verne Ave.,E 4th St,Los Angeles,Los Angeles,CA,90022-1953,US,US/Pacific,KCQT,2016-07-05 17:47:00,72.0,,64.0,29.94,10.0,West,5.8,,Clear,False,False,False,False,False,False,False,False,False,False,False,False,False,Day,Day,Day,Day
A-46505,Source2,3,2016-07-05 17:29:19,2016-07-05 18:14:19,34.140846,-118.277763,,,0.0,One lane blocked due to accident on I-5 Northbound near Exit 142 Colorado Street Freeway Ext.,Golden State Fwy S,Los Angeles,Los Angeles,CA,90027,US,US/Pacific,KCQT,2016-07-05 17:47:00,72.0,,64.0,29.94,10.0,West,5.8,,Clear,False,False,False,False,False,False,False,False,False,False,False,False,False,Day,Day,Day,Day
A-46510,Source2,3,2016-07-05 17:33:30,2016-07-05 18:18:30,34.027458,-118.27449,,,0.0,Accident on I-110 Southbound near Exit 20C Adams Blvd. On the median.,Harbor Fwy N,Los Angeles,Los Angeles,CA,90007,US,US/Pacific,KCQT,2016-07-05 17:47:00,72.0,,64.0,29.94,10.0,West,5.8,,Clear,False,False,False,False,False,False,False,False,False,False,False,False,False,Day,Day,Day,Day
A-46528,Source2,2,2016-07-05 18:30:23,2016-07-05 19:15:23,33.977242,-118.376854,,,0.0,Accident on Alvern St near Centinela Ave.,W Centinela Ave,Los Angeles,Los Angeles,CA,90045-2047,US,US/Pacific,KLAX,2016-07-05 18:53:00,68.0,,76.0,29.95,10.0,WSW,16.1,,Mostly Cloudy,False,False,False,False,False,False,False,False,True,False,False,True,False,Day,Day,Day,Day
A-46529,Source2,2,2016-07-05 18:28:05,2016-07-05 19:13:05,34.155421999999994,-118.2939,,,0.0,Accident on CA-134 Westbound near Exit 5A Riverside Dr.,CA-134 W,Los Angeles,Los Angeles,CA,90027,US,US/Pacific,KCQT,2016-07-05 18:47:00,70.0,,68.0,29.94,10.0,Variable,3.5,,Clear,False,False,False,False,False,False,False,False,False,False,False,False,False,Day,Day,Day,Day
A-46540,Source2,3,2016-07-05 18:35:23,2016-07-05 19:34:14,34.054516,-118.202995,,,0.0,Right hand shoulder blocked due to accident on I-10 Westbound near Exit 19C San Bernardino Fwy.,San Bernardino Fwy W,Los Angeles,Los Angeles,CA,90033,US,US/Pacific,KCQT,2016-07-05 18:47:00,70.0,,68.0,29.94,10.0,Variable,3.5,,Clear,False,False,True,False,False,False,False,False,True,False,False,True,False,Day,Day,Day,Day
A-46547,Source2,3,2016-07-05 19:19:39,2016-07-05 20:04:39,34.023064,-118.173004,,,0.0,Right hand shoulder blocked due to accident on I-710 Southbound near Exits 18 19 Olympic Blvd.,Long Beach Fwy S,Los Angeles,Los Angeles,CA,90022,US,US/Pacific,KCQT,2016-07-05 19:47:00,69.1,,70.0,29.94,10.0,Calm,,,Clear,False,False,False,False,False,False,False,False,False,False,False,False,False,Day,Day,Day,Day
A-46548,Source2,3,2016-07-05 19:18:39,2016-07-05 20:03:39,34.00885,-118.15858500000002,,,0.0,Right hand shoulder blocked due to accident on I-5 Northbound near Exit 129 Eastern Ave.,I-5 N,Los Angeles,Los Angeles,CA,90040,US,US/Pacific,KCQT,2016-07-05 19:47:00,69.1,,70.0,29.94,10.0,Calm,,,Clear,False,False,False,False,False,False,False,False,False,False,False,True,False,Day,Day,Day,Day
A-46554,Source2,3,2016-07-05 19:21:25,2016-07-05 20:06:25,34.021053,-118.195251,,,0.0,Right hand shoulder blocked due to accident on I-5 Northbound near Exits 132 132A Calzona St.,I-5 N,Los Angeles,Los Angeles,CA,90023,US,US/Pacific,KCQT,2016-07-05 19:47:00,69.1,,70.0,29.94,10.0,Calm,,,Clear,False,False,False,False,False,False,False,False,False,False,False,False,False,Day,Day,Day,Day
A-46555,Source2,3,2016-07-05 19:25:17,2016-07-05 20:10:17,34.020222,-118.190483,,,0.0,Right hand shoulder blocked due to accident on I-5 Northbound before Exits 131 131B Indiana St.,I-5 N,Los Angeles,Los Angeles,CA,90023,US,US/Pacific,KCQT,2016-07-05 19:47:00,69.1,,70.0,29.94,10.0,Calm,,,Clear,False,False,False,False,True,False,False,False,False,False,False,False,False,Day,Day,Day,Day
A-46558,Source2,2,2016-07-05 19:34:01,2016-07-05 20:19:01,34.155045,-118.310867,,,0.0,Right hand shoulder blocked due to accident on CA-134 Westbound before Exit 4 Forest Lawn Dr.,Forest Lawn Dr,Los Angeles,Los Angeles,CA,90027,US,US/Pacific,KCQT,2016-07-05 19:47:00,69.1,,70.0,29.94,10.0,Calm,,,Clear,False,False,False,False,False,False,False,False,False,False,False,False,False,Day,Day,Day,Day
A-46560,Source2,3,2016-07-05 19:40:16,2016-07-05 20:25:16,34.020222,-118.189171,,,0.0,Right hand shoulder blocked due to accident on I-5 Northbound near Exits 131 131B Indiana St.,I-5 N,Los Angeles,Los Angeles,CA,90023,US,US/Pacific,KCQT,2016-07-05 19:47:00,69.1,,70.0,29.94,10.0,Calm,,,Clear,False,False,False,False,False,False,False,False,False,False,False,False,False,Day,Day,Day,Day
A-46570,Source2,3,2016-07-05 19:47:43,2016-07-05 20:32:43,34.039093,-118.439758,,,0.0,Accident on I-405 Southbound near Exit 54 Sawtelle Blvd.,I-405 N,Los Angeles,Los Angeles,CA,90064,US,US/Pacific,KSMO,2016-07-05 19:51:00,66.9,,76.0,29.95,10.0,WSW,6.9,,Clear,False,False,False,False,False,False,False,False,False,False,False,False,False,Day,Day,Day,Day
A-46585,Source2,3,2016-07-05 20:13:15,2016-07-05 20:58:15,34.020222,-118.189171,,,0.0,Accident on I-5 Northbound near Exits 131 131B Indiana St.,I-5 N,Los Angeles,Los Angeles,CA,90023,US,US/Pacific,KCQT,2016-07-05 19:47:00,69.1,,70.0,29.94,10.0,Calm,,,Clear,False,False,False,False,False,False,False,False,False,False,False,False,False,Night,Day,Day,Day
A-46587,Source2,3,2016-07-05 20:26:26,2016-07-05 21:11:26,34.000633,-118.174973,,,0.0,Lane blocked on exit ramp due to accident on I-710 Southbound near Exits 17A 17B Atlantic Blvd.,Long Beach Fwy S,Los Angeles,Los Angeles,CA,90058,US,US/Pacific,KCQT,2016-07-05 20:47:00,66.0,,78.0,29.96,10.0,Variable,4.6,,Clear,False,False,False,False,True,False,False,False,False,False,False,False,False,Night,Day,Day,Day
A-46601,Source2,3,2016-07-05 20:42:11,2016-07-05 21:27:11,34.122634999999995,-118.478424,,,0.0,HOV lane blocked due to accident on I-405 Northbound near Exit 61 Skirball Center Dr.,Skirball Center Dr,Los Angeles,Los Angeles,CA,90077,US,US/Pacific,KSMO,2016-07-05 20:51:00,66.0,,81.0,29.96,10.0,WSW,8.1,,Partly Cloudy,False,False,False,False,True,False,False,False,False,False,False,False,False,Night,Night,Day,Day
A-46610,Source2,2,2016-07-05 21:18:50,2016-07-05 22:03:50,34.104397,-118.322472,,,0.0,#1 lane blocked due to accident on US-101 Westbound at Exit 8C Franklin Ave.,US-101 N,Los Angeles,Los Angeles,CA,90028,US,US/Pacific,KCQT,2016-07-05 21:09:00,66.0,,78.0,29.96,10.0,North,,,Mostly Cloudy,False,False,True,False,False,False,False,False,False,True,False,False,False,Night,Night,Night,Day
A-46614,Source2,3,2016-07-05 21:21:41,2016-07-05 22:06:41,34.014957,-118.170074,,,0.0,Right hand shoulder blocked due to accident on I-710 Southbound at Exits 18A 18B I-5.,Santa Ana Fwy S,Los Angeles,Los Angeles,CA,90040,US,US/Pacific,KCQT,2016-07-05 21:09:00,66.0,,78.0,29.96,10.0,North,,,Mostly Cloudy,False,False,False,False,False,False,False,False,False,False,False,False,False,Night,Night,Night,Day
A-46615,Source2,2,2016-07-05 21:19:21,2016-07-05 22:04:21,34.020138,-118.165092,,,0.0,Accident on Verona St at Fetterly Ave.,S Fetterly Ave,Los Angeles,Los Angeles,CA,90022-3009,US,US/Pacific,KCQT,2016-07-05 21:09:00,66.0,,78.0,29.96,10.0,North,,,Mostly Cloudy,False,False,False,False,False,False,False,False,False,False,False,False,False,Night,Night,Night,Day
A-46616,Source2,3,2016-07-05 21:21:16,2016-07-05 22:06:16,34.010239,-118.160057,,,0.0,Accident on I-5 Southbound at Exit 130A Telegraph Rd.,Santa Ana Fwy S,Los Angeles,Los Angeles,CA,90022,US,US/Pacific,KCQT,2016-07-05 21:09:00,66.0,,78.0,29.96,10.0,North,,,Mostly Cloudy,False,False,False,False,False,False,True,False,False,False,False,False,False,Night,Night,Night,Day
A-46624,Source2,3,2016-07-05 21:23:23,2016-07-05 22:08:23,34.034954,-118.33371,,,0.0,#1 lane blocked due to accident on I-10 Westbound at Exit 9 Crenshaw Blvd.,I-10 E,Los Angeles,Los Angeles,CA,90016,US,US/Pacific,KSMO,2016-07-05 21:51:00,64.9,,84.0,29.98,10.0,WSW,5.8,,Partly Cloudy,False,False,False,False,False,False,False,False,False,False,False,False,False,Night,Night,Night,Day
A-46639,Source2,3,2016-07-05 21:58:51,2016-07-05 22:43:51,34.051067,-118.213913,,,0.0,Left hand shoulder blocked due to accident on San Bernardino Fwy Eastbound at Exit 19 I-10.,I-5 N,Los Angeles,Los Angeles,CA,90033,US,US/Pacific,KCQT,2016-07-05 21:47:00,66.0,,78.0,29.96,10.0,Calm,,,Scattered Clouds,False,False,False,False,False,False,False,False,False,False,False,False,False,Night,Night,Night,Night
A-46658,Source2,2,2016-07-05 22:50:50,2016-07-05 23:35:50,34.155045,-118.310867,,,0.0,HOV lane blocked due to accident on CA-134 Eastbound at Exit 4 Forest Lawn Dr.,Forest Lawn Dr,Los Angeles,Los Angeles,CA,90027,US,US/Pacific,KCQT,2016-07-05 22:47:00,64.9,,81.0,29.97,10.0,Calm,,,Mostly Cloudy,False,False,False,False,False,False,False,False,False,False,False,False,False,Night,Night,Night,Night
A-46659,Source2,2,2016-07-05 22:46:57,2016-07-05 23:31:57,34.155354,-118.288116,,,0.0,Fast lane blocked due to accident on CA-134 Westbound at Exit 5B I-5.,CA-134 W,Los Angeles,Los Angeles,CA,90027,US,US/Pacific,KCQT,2016-07-05 22:47:00,64.9,,81.0,29.97,10.0,Calm,,,Mostly Cloudy,False,False,False,False,False,False,False,False,False,False,False,False,False,Night,Night,Night,Night
A-46668,Source2,3,2016-07-05 22:58:26,2016-07-05 23:43:26,34.116798,-118.269066,,,0.0,Accident on I-5 Northbound at Exits 140 140B Glendale Blvd.,I-5 N,Los Angeles,Los Angeles,CA,90027,US,US/Pacific,KCQT,2016-07-05 23:08:00,64.9,,81.0,29.98,10.0,West,3.5,,Scattered Clouds,False,False,False,False,True,False,False,False,False,False,False,False,False,Night,Night,Night,Night
A-46669,Source2,2,2016-07-05 23:04:25,2016-07-05 23:49:25,33.92374,-118.248352,,,0.0,Accident on 120th St at Antwerp Ave.,E 120th St,Los Angeles,Los Angeles,CA,90059-2450,US,US/Pacific,KHHR,2016-07-05 22:53:00,66.0,,78.0,29.98,10.0,WSW,9.2,,Overcast,False,False,False,False,False,False,False,False,False,False,False,False,False,Night,Night,Night,Night
A-46671,Source2,2,2016-07-05 22:55:46,2016-07-05 23:40:46,34.022175,-118.165726,,,0.0,Accident on CA-72 Whittier Blvd Eastbound at Kern Ave.,S Kern Ave,Los Angeles,Los Angeles,CA,90022-2526,US,US/Pacific,KCQT,2016-07-05 22:47:00,64.9,,81.0,29.97,10.0,Calm,,,Mostly Cloudy,False,False,False,False,False,False,False,False,False,False,False,True,False,Night,Night,Night,Night
A-46672,Source2,2,2016-07-05 23:08:35,2016-07-05 23:38:35,34.013866,-118.130272,,,0.0,Accident on Allston St at Garfield Ave.,Garfield Ave,Los Angeles,Los Angeles,CA,90022-4637,US,US/Pacific,KCQT,2016-07-05 23:08:00,64.9,,81.0,29.98,10.0,West,3.5,,Scattered Clouds,False,False,False,False,False,False,False,False,True,False,False,False,False,Night,Night,Night,Night
A-46675,Source2,2,2016-07-05 23:31:28,2016-07-06 00:16:28,34.103973,-118.190994,,,0.0,Accident on CA-110 Southbound at Exit 28B Avenue 57.,Via Marisol,Los Angeles,Los Angeles,CA,90042,US,US/Pacific,KCQT,2016-07-05 23:47:00,64.0,,84.0,29.98,10.0,Variable,3.5,,Clear,False,False,False,False,False,False,False,False,False,True,False,False,False,Night,Night,Night,Night
A-46683,Source2,2,2016-07-06 00:44:10,2016-07-06 02:14:10,34.028809,-118.154739,,,0.0,Accident on Atlantic Blvd Northbound at Eagle St.,S Atlantic Blvd,Los Angeles,Los Angeles,CA,90022-2617,US,US/Pacific,KCQT,2016-07-06 00:47:00,63.0,,87.0,29.97,9.0,Variable,3.5,,Partly Cloudy,False,False,False,False,False,False,False,False,False,False,False,False,False,Night,Night,Night,Night
A-46685,Source2,3,2016-07-06 02:53:47,2016-07-06 03:53:47,33.997566,-118.176826,,,0.0,Lane blocked due to accident on I-710 Northbound at Exits 17A 17B Atlantic Blvd.,S Atlantic Blvd,Los Angeles,Los Angeles,CA,90058,US,US/Pacific,KCQT,2016-07-06 02:47:00,64.0,,84.0,29.97,10.0,Calm,,,Overcast,False,False,False,False,False,False,False,False,False,False,False,False,False,Night,Night,Night,Night
A-46686,Source2,3,2016-07-06 04:42:15,2016-07-06 05:42:15,34.031040000000004,-118.390388,,,0.0,Lane blocked due to accident on I-10 Westbound at Exit 6 Robertson Pl.,National Blvd,Los Angeles,Los Angeles,CA,90034-3307,US,US/Pacific,KSMO,2016-07-06 04:51:00,64.9,,78.0,29.98,10.0,South,3.5,,Overcast,False,False,True,False,False,False,False,False,True,False,False,False,False,Night,Night,Night,Day
A-46687,Source2,3,2016-07-06 04:03:13,2016-07-06 05:03:13,34.020306,-118.192268,,,0.0,Lane blocked due to accident on I-5 Northbound at Exits 131 131B Indiana St.,S Indiana St,Los Angeles,Los Angeles,CA,90023-2344,US,US/Pacific,KCQT,2016-07-06 04:04:00,64.0,,84.0,29.97,10.0,Calm,,,Overcast,False,False,False,False,False,False,False,False,False,False,False,False,False,Night,Night,Night,Night
A-46688,Source2,2,2016-07-06 05:28:05,2016-07-06 06:13:05,34.031490000000005,-118.169121,,,0.0,Accident on Ford Blvd both ways after 4th St.,E 4th St,Los Angeles,Los Angeles,CA,90022-1801,US,US/Pacific,KCQT,2016-07-06 05:27:00,64.9,,81.0,29.98,10.0,Calm,,,Overcast,False,False,False,False,False,False,False,False,False,False,False,False,False,Night,Day,Day,Day
A-46692,Source2,3,2016-07-06 07:34:26,2016-07-06 08:04:26,33.995148,-118.144722,,,0.0,Right hand shoulder blocked due to accident on I-5 Northbound at Exit 128B Washington Blvd.,E Washington Blvd,Los Angeles,Los Angeles,CA,90040,US,US/Pacific,KCQT,2016-07-06 07:47:00,66.9,,73.0,30.0,9.0,Calm,,,Overcast,False,False,False,False,False,False,False,False,False,False,False,False,False,Day,Day,Day,Day
A-46700,Source2,3,2016-07-06 09:49:29,2016-07-06 10:19:29,33.989155,-118.280807,,,0.0,Accident on I-110 Southbound at Exit 18B Slauson Ave.,I-110 S,Los Angeles,Los Angeles,CA,90003,US,US/Pacific,KHHR,2016-07-06 09:53:00,69.1,,65.0,30.0,10.0,Variable,3.5,,Overcast,False,False,False,False,False,False,False,False,False,False,False,False,False,Day,Day,Day,Day
A-46703,Source2,2,2016-07-06 10:02:06,2016-07-06 10:50:03,34.154369,-118.287628,,,0.0,Accident on CA-134 Eastbound at Exit 5B I-5.,I-5 N,Los Angeles,Los Angeles,CA,90027,US,US/Pacific,KCQT,2016-07-06 09:47:00,70.0,,68.0,29.99,8.0,Calm,,,Overcast,False,False,False,False,False,False,False,False,False,False,False,False,False,Day,Day,Day,Day
A-46704,Source2,3,2016-07-06 10:36:36,2016-07-06 11:06:36,34.038456,-118.27401,,,0.0,Accident on I-110 Southbound at I-10.,CA-110 S,Los Angeles,Los Angeles,CA,90015,US,US/Pacific,KCQT,2016-07-06 10:47:00,73.9,,59.0,29.98,7.0,Variable,3.5,,Overcast,False,False,False,False,False,False,False,False,False,False,False,False,False,Day,Day,Day,Day
A-46705,Source2,3,2016-07-06 10:38:07,2016-07-06 11:08:07,33.927925,-118.254295,,,0.0,#1 lane blocked due to accident on I-105 Eastbound at Exit 9 Central Ave.,S Central Ave,Los Angeles,Los Angeles,CA,90059,US,US/Pacific,KHHR,2016-07-06 10:51:00,71.6,,57.0,30.0,10.0,Variable,5.8,,Scattered Clouds,False,False,False,False,False,False,False,False,False,False,False,False,False,Day,Day,Day,Day
A-46712,Source2,3,2016-07-06 11:00:46,2016-07-06 11:30:46,33.971848,-118.377823,,,0.0,Accident on I-405 Northbound before Exits 48 49A / La Tijera Blvd.,I-405 N,Los Angeles,Los Angeles,CA,90045,US,US/Pacific,KLAX,2016-07-06 10:53:00,70.0,,68.0,30.0,8.0,West,10.4,,Mostly Cloudy,False,False,False,False,False,False,False,False,False,False,False,False,False,Day,Day,Day,Day
A-46714,Source2,3,2016-07-06 10:45:59,2016-07-06 11:31:35,34.018902000000004,-118.173264,,,0.0,Accident on I-710 Southbound at Exits 18 19 Olympic Blvd.,Long Beach Fwy N,Los Angeles,Los Angeles,CA,90022,US,US/Pacific,KCQT,2016-07-06 10:47:00,73.9,,59.0,29.98,7.0,Variable,3.5,,Overcast,False,False,False,False,True,False,False,False,False,False,False,True,False,Day,Day,Day,Day
A-46728,Source2,3,2016-07-06 11:29:24,2016-07-06 11:59:24,34.037216,-118.284004,,,0.0,Accident on I-10 Eastbound at Exit 13A 20th St. On exit ramp.,S Hoover St,Los Angeles,Los Angeles,CA,90007,US,US/Pacific,KCQT,2016-07-06 11:20:00,75.9,,56.0,29.98,7.0,Calm,,,Scattered Clouds,False,False,False,False,False,False,False,False,False,False,False,False,False,Day,Day,Day,Day
A-46729,Source2,2,2016-07-06 11:28:35,2016-07-06 11:58:35,34.052338,-118.2593,,,0.0,Right hand shoulder blocked due to accident on CA-110 Northbound at Exit 23C-A Beaudry Ave.,W 6th St,Los Angeles,Los Angeles,CA,90071,US,US/Pacific,KCQT,2016-07-06 11:20:00,75.9,,56.0,29.98,7.0,Calm,,,Scattered Clouds,False,False,False,False,False,False,False,False,False,False,False,False,False,Day,Day,Day,Day
A-46738,Source2,3,2016-07-06 11:42:40,2016-07-06 12:12:40,34.028313,-118.449326,,,0.0,Lane blocked due to accident on I-10 Eastbound at Exits 2B 2C Bundy Dr.,I-10 W,Los Angeles,Los Angeles,CA,90064,US,US/Pacific,KSMO,2016-07-06 11:40:00,72.0,,64.0,30.0,10.0,WSW,9.2,,Partly Cloudy,False,False,False,False,False,False,False,False,False,False,False,False,False,Day,Day,Day,Day
A-46739,Source2,2,2016-07-06 11:40:34,2016-07-06 12:10:34,34.04797,-118.266563,,,0.0,Accident on CA-110 Southbound at Exit 22B James M Wood Blvd.,CA-110 S,Los Angeles,Los Angeles,CA,90017,US,US/Pacific,KCQT,2016-07-06 11:47:00,73.9,,59.0,29.97,7.0,Calm,,,Partly Cloudy,False,False,False,False,False,False,False,False,False,False,False,False,False,Day,Day,Day,Day
A-46743,Source2,3,2016-07-06 12:00:06,2016-07-06 12:30:06,34.039093,-118.439758,,,0.0,#4 lane blocked due to accident on I-405 Southbound at Exit 54 Sawtelle Blvd.,I-405 N,Los Angeles,Los Angeles,CA,90064,US,US/Pacific,KSMO,2016-07-06 11:51:00,72.0,,64.0,29.99,10.0,SW,8.1,,Partly Cloudy,False,False,False,False,False,False,False,False,False,False,False,False,False,Day,Day,Day,Day
A-46751,Source2,3,2016-07-06 12:38:15,2016-07-06 17:30:00,34.031715000000005,-118.416939,,,0.0,Entry ramp closed due to emergency repairs on I-10 Westbound at Exit 4 Overland Ave.,I-10 E,Los Angeles,Los Angeles,CA,90034,US,US/Pacific,KSMO,2016-07-06 12:51:00,72.0,,64.0,29.99,10.0,SW,9.2,,Clear,False,False,True,False,False,False,False,False,False,False,False,True,False,Day,Day,Day,Day
A-46778,Source2,2,2016-07-06 14:03:17,2016-07-06 14:48:17,33.998135,-118.369484,,,0.0,Accident on Stocker St near La Cienega Blvd.,Stocker St,Los Angeles,Los Angeles,CA,90056,US,US/Pacific,KLAX,2016-07-06 13:53:00,73.0,,59.0,29.98,10.0,WSW,11.5,,Partly Cloudy,False,False,False,False,False,False,False,False,False,False,False,True,False,Day,Day,Day,Day
A-46779,Source2,3,2016-07-06 14:05:41,2016-07-06 14:50:41,34.112282,-118.26561,,,0.0,Accident on I-5 Northbound near Exits 140 140B Glendale Blvd.,Glendale Blvd,Los Angeles,Los Angeles,CA,90039,US,US/Pacific,KCQT,2016-07-06 13:47:00,77.0,,54.0,29.96,10.0,Variable,3.5,,Clear,False,False,False,False,False,False,False,False,False,False,False,False,False,Day,Day,Day,Day
A-46782,Source2,3,2016-07-06 14:19:49,2016-07-06 15:04:49,34.072959999999995,-118.219391,,,0.0,Accident on I-5 Southbound near Exits 136 136A 136B Avenue 21.,Golden State Fwy S,Los Angeles,Los Angeles,CA,90031,US,US/Pacific,KCQT,2016-07-06 14:47:00,75.0,,57.0,29.95,10.0,Variable,3.5,,Clear,False,False,False,False,False,False,False,False,False,False,False,False,False,Day,Day,Day,Day
A-46783,Source2,3,2016-07-06 14:37:49,2016-07-06 15:22:49,34.055031,-118.211929,,,0.0,Slow lane blocked due to accident on I-5 I-10 Westbound near Exit 19A San Bernardino Fwy.,San Bernardino Fwy W,Los Angeles,Los Angeles,CA,90033,US,US/Pacific,KCQT,2016-07-06 14:47:00,75.0,,57.0,29.95,10.0,Variable,3.5,,Clear,False,False,False,False,False,False,False,False,False,False,False,False,False,Day,Day,Day,Day
A-46793,Source2,3,2016-07-06 15:23:27,2016-07-06 16:08:27,34.120468,-118.271271,,,0.0,Right hand shoulder blocked due to accident on I-5 Northbound near Exits 141 141A 141B Los Feliz Blvd.,Golden State Fwy S,Los Angeles,Los Angeles,CA,90027,US,US/Pacific,KCQT,2016-07-06 15:47:00,75.0,,57.0,29.95,10.0,Variable,3.5,,Clear,False,False,False,False,False,False,False,False,False,False,False,False,False,Day,Day,Day,Day
A-46794,Source2,2,2016-07-06 15:15:11,2016-07-06 16:00:11,34.062225,-118.249733,,,0.0,One lane blocked due to accident on CA-110 Southbound near Exit 24A US-101.,CA-110 S,Los Angeles,Los Angeles,CA,90012,US,US/Pacific,KCQT,2016-07-06 14:47:00,75.0,,57.0,29.95,10.0,Variable,3.5,,Clear,False,False,False,False,False,False,False,False,False,False,False,False,False,Day,Day,Day,Day
A-46799,Source2,3,2016-07-06 15:43:42,2016-07-06 16:28:42,34.039093,-118.439758,,,0.0,Right hand shoulder blocked due to accident on I-405 Southbound near Exit 54 Sawtelle Blvd.,I-405 N,Los Angeles,Los Angeles,CA,90064,US,US/Pacific,KSMO,2016-07-06 15:51:00,71.1,,66.0,29.96,10.0,WSW,10.4,,Clear,False,False,False,False,False,False,False,False,False,False,False,False,False,Day,Day,Day,Day
A-46800,Source2,2,2016-07-06 15:33:35,2016-07-06 16:33:35,33.996483000000005,-118.2827,,,0.0,Accident on 51st St near Figueroa St.,S Figueroa St,Los Angeles,Los Angeles,CA,90037-3345,US,US/Pacific,KCQT,2016-07-06 15:47:00,75.0,,57.0,29.95,10.0,Variable,3.5,,Clear,False,False,False,False,False,False,False,False,False,False,False,True,False,Day,Day,Day,Day
A-46801,Source2,2,2016-07-06 15:40:42,2016-07-06 16:25:42,33.91642,-118.273941,,,0.0,Accident on El Segundo Blvd near Main St.,S Main St,Los Angeles,Los Angeles,CA,90061-2329,US,US/Pacific,KHHR,2016-07-06 15:53:00,73.0,,59.0,29.96,10.0,WSW,12.7,,Clear,False,False,False,False,False,False,False,False,False,False,False,True,False,Day,Day,Day,Day
A-46807,Source2,3,2016-07-06 15:50:35,2016-07-06 16:35:35,34.036972,-118.438538,,,0.0,Accident on I-405 Northbound near Exits 53 53A 53B I-10.,I-405 N,Los Angeles,Los Angeles,CA,90064,US,US/Pacific,KSMO,2016-07-06 15:51:00,71.1,,66.0,29.96,10.0,WSW,10.4,,Clear,False,False,False,False,False,False,False,False,False,False,False,False,False,Day,Day,Day,Day
A-46809,Source2,2,2016-07-06 16:04:48,2016-07-06 16:49:48,34.081837,-118.22374,,,0.0,Accident on CA-110 Northbound near Exits 26A 26B I-5.,CA-110 N,Los Angeles,Los Angeles,CA,90031,US,US/Pacific,KCQT,2016-07-06 15:47:00,75.0,,57.0,29.95,10.0,Variable,3.5,,Clear,False,False,False,False,False,False,False,False,False,False,False,False,False,Day,Day,Day,Day
A-46816,Source2,2,2016-07-06 16:58:06,2016-07-06 17:58:06,34.068634,-118.257935,,,0.0,Shoulder blocked on exit ramp due to accident on US-101 Northbound near Exit 4A Palo Alto St.,US-101 N,Los Angeles,Los Angeles,CA,90026,US,US/Pacific,KCQT,2016-07-06 16:47:00,73.0,,61.0,29.94,10.0,Variable,3.5,,Clear,False,False,False,False,True,False,False,False,False,False,False,False,False,Day,Day,Day,Day
A-46817,Source2,2,2016-07-06 16:34:33,2016-07-06 17:19:33,33.995827,-118.25705,,,0.0,Accident on 52nd St in LA.,E 52nd St,Los Angeles,Los Angeles,CA,90011-4606,US,US/Pacific,KCQT,2016-07-06 16:47:00,73.0,,61.0,29.94,10.0,Variable,3.5,,Clear,False,False,False,False,False,False,False,False,False,False,False,False,False,Day,Day,Day,Day
A-46819,Source2,2,2016-07-06 16:54:21,2016-07-06 17:39:21,34.103973,-118.190994,,,0.0,Right hand shoulder blocked due to accident on CA-110 Northbound near Exit 28B Avenue 57.,Via Marisol,Los Angeles,Los Angeles,CA,90042,US,US/Pacific,KCQT,2016-07-06 16:47:00,73.0,,61.0,29.94,10.0,Variable,3.5,,Clear,False,False,False,False,False,False,False,False,False,True,False,False,False,Day,Day,Day,Day
A-46833,Source2,2,2016-07-06 17:18:36,2016-07-06 18:03:36,34.057777,-118.447754,,,0.0,Accident on Wilshire Blvd near Veteran Ave.,Wilshire Blvd,Los Angeles,Los Angeles,CA,90024-3623,US,US/Pacific,KSMO,2016-07-06 16:51:00,70.0,,68.0,29.95,10.0,West,10.4,,Clear,False,False,True,False,False,False,False,False,True,False,False,True,False,Day,Day,Day,Day
A-46835,Source2,3,2016-07-06 17:15:27,2016-07-06 18:00:27,34.025593,-118.206444,,,0.0,Right hand shoulder blocked due to accident on I-5 Southbound near Exit 133 US-101.,Santa Ana Fwy S,Los Angeles,Los Angeles,CA,90023,US,US/Pacific,KCQT,2016-07-06 16:47:00,73.0,,61.0,29.94,10.0,Variable,3.5,,Clear,False,False,False,False,False,False,False,False,False,False,False,False,False,Day,Day,Day,Day
A-46843,Source2,2,2016-07-06 17:37:27,2016-07-06 18:22:27,34.102898,-118.196304,,,0.0,Slow lane blocked due to accident on CA-110 Northbound near Exit 28A Avenue 52.,CA-110 N,Los Angeles,Los Angeles,CA,90031,US,US/Pacific,KCQT,2016-07-06 17:47:00,72.0,,66.0,29.93,10.0,West,4.6,,Clear,False,False,False,False,False,False,False,False,False,True,False,False,False,Day,Day,Day,Day
A-46851,Source2,3,2016-07-06 17:43:20,2016-07-06 18:28:20,34.031513000000004,-118.274467,,,0.0,Accident on I-110 Northbound near Exit 21 I-10.,Harbor Fwy N,Los Angeles,Los Angeles,CA,90007,US,US/Pacific,KCQT,2016-07-06 17:47:00,72.0,,66.0,29.93,10.0,West,4.6,,Clear,False,False,False,False,False,False,False,False,False,False,False,False,False,Day,Day,Day,Day
A-46852,Source2,2,2016-07-06 17:45:09,2016-07-06 18:30:09,34.077591,-118.229172,,,0.0,Accident on CA-110 Northbound near Exit 25 Academy Rd.,CA-110 N,Los Angeles,Los Angeles,CA,90012,US,US/Pacific,KCQT,2016-07-06 17:47:00,72.0,,66.0,29.93,10.0,West,4.6,,Clear,False,False,False,False,False,False,False,False,False,False,False,False,False,Day,Day,Day,Day
A-46865,Source2,3,2016-07-06 18:24:34,2016-07-06 19:09:34,34.055695,-118.451965,,,0.0,Right hand shoulder blocked due to accident on I-405 Southbound near Exits 55B 55C Wilshire Blvd.,I-405 N,Los Angeles,Los Angeles,CA,90025,US,US/Pacific,KSMO,2016-07-06 18:51:00,68.0,,73.0,29.94,10.0,SW,9.2,,Scattered Clouds,False,False,False,False,False,False,False,False,False,False,False,False,False,Day,Day,Day,Day
A-46866,Source2,3,2016-07-06 18:16:42,2016-07-06 19:01:42,34.039093,-118.439758,,,0.0,Right hand shoulder blocked due to accident on I-405 Southbound near Exit 54 Sawtelle Blvd.,I-405 N,Los Angeles,Los Angeles,CA,90064,US,US/Pacific,KSMO,2016-07-06 17:51:00,69.1,,70.0,29.94,10.0,SW,10.4,,Partly Cloudy,False,False,False,False,False,False,False,False,False,False,False,False,False,Day,Day,Day,Day
A-46875,Source2,2,2016-07-06 18:40:44,2016-07-06 19:25:44,33.941792,-118.370049,,,0.0,Accident on La Cienega Blvd near 104th St.,W 104th St,Los Angeles,Los Angeles,CA,90045-6102,US,US/Pacific,KLAX,2016-07-06 18:53:00,66.9,,76.0,29.94,10.0,West,13.8,,Mostly Cloudy,False,False,True,False,False,False,False,False,False,False,False,True,False,Day,Day,Day,Day
A-46878,Source2,3,2016-07-06 18:33:07,2016-07-06 19:18:07,34.120468,-118.271271,,,0.0,Accident on I-5 Southbound near Exits 141 141A 141B Los Feliz Blvd. On the median.,Golden State Fwy S,Los Angeles,Los Angeles,CA,90027,US,US/Pacific,KCQT,2016-07-06 18:47:00,70.0,,68.0,29.93,10.0,Variable,4.6,,Clear,False,False,False,False,False,False,False,False,False,False,False,False,False,Day,Day,Day,Day
A-46879,Source2,2,2016-07-06 18:41:36,2016-07-06 19:26:36,34.056175,-118.256119,,,0.0,Two lanes blocked due to accident on CA-110 Southbound near Exit 23C-A Beaudry Ave.,CA-110 S,Los Angeles,Los Angeles,CA,90012,US,US/Pacific,KCQT,2016-07-06 18:47:00,70.0,,68.0,29.93,10.0,Variable,4.6,,Clear,False,False,False,False,False,False,False,False,False,False,False,False,False,Day,Day,Day,Day
A-46898,Source2,3,2016-07-06 19:14:24,2016-07-06 19:59:24,33.987843,-118.137871,,,0.0,Shoulder blocked on exit ramp due to accident on I-5 Southbound near Exit 128A Bandini Blvd.,Santa Ana Fwy S,Los Angeles,Los Angeles,CA,90040,US,US/Pacific,KCQT,2016-07-06 18:47:00,70.0,,68.0,29.93,10.0,Variable,4.6,,Clear,False,False,False,False,False,False,False,False,False,False,False,False,False,Day,Day,Day,Day
A-46914,Source2,3,2016-07-06 19:41:04,2016-07-06 20:26:04,34.047024,-118.446587,,,0.0,One lane blocked due to accident on I-405 Southbound near Exit 55A Cotner Ave.,I-405 N,Los Angeles,Los Angeles,CA,90025,US,US/Pacific,KSMO,2016-07-06 19:51:00,66.0,,78.0,29.94,10.0,WSW,8.1,,Partly Cloudy,False,False,False,False,False,False,False,False,False,False,False,False,False,Day,Day,Day,Day
A-46940,Source2,3,2016-07-06 20:21:40,2016-07-06 21:06:40,33.928501000000004,-118.280426,,,0.0,Accident on I-105 Eastbound near Exits 7A 7B I-110.,I-105 E,Los Angeles,Los Angeles,CA,90061,US,US/Pacific,KHHR,2016-07-06 19:53:00,66.9,,76.0,29.94,10.0,West,8.1,,Scattered Clouds,False,False,False,False,True,False,True,False,True,False,False,False,False,Night,Day,Day,Day
A-46954,Source2,2,2016-07-06 20:31:42,2016-07-06 21:16:42,33.930965,-118.293213,,,0.0,Accident on Imperial Hwy near New Hampshire Ave.,W Imperial Hwy,Los Angeles,Los Angeles,CA,90044-1340,US,US/Pacific,KHHR,2016-07-06 20:53:00,66.9,,76.0,29.95,10.0,WNW,6.9,,Scattered Clouds,False,False,False,False,False,False,False,False,False,False,False,False,False,Night,Day,Day,Day
A-46955,Source2,2,2016-07-06 20:37:37,2016-07-06 21:22:37,33.929516,-118.239182,,,0.0,Right hand shoulder blocked due to accident on CA-90 Imperial Hwy near Wilmington Ave.,E Imperial Hwy,Los Angeles,Los Angeles,CA,90059,US,US/Pacific,KHHR,2016-07-06 20:53:00,66.9,,76.0,29.95,10.0,WNW,6.9,,Scattered Clouds,False,False,False,False,False,False,False,False,False,False,False,True,False,Night,Night,Day,Day
A-46965,Source2,3,2016-07-06 21:07:36,2016-07-06 21:52:36,33.927925,-118.254295,,,0.0,Accident on I-105 Eastbound at Exit 9 Central Ave.,S Central Ave,Los Angeles,Los Angeles,CA,90059,US,US/Pacific,KHHR,2016-07-06 20:53:00,66.9,,76.0,29.95,10.0,WNW,6.9,,Scattered Clouds,False,False,False,False,False,False,False,False,False,False,False,False,False,Night,Night,Day,Day
A-46974,Source2,3,2016-07-06 21:12:55,2016-07-06 21:57:55,34.095539,-118.244049,,,0.0,Accident on I-5 Southbound at Exit 138 Stadium Way.,Riverside Dr,Los Angeles,Los Angeles,CA,90031,US,US/Pacific,KCQT,2016-07-06 20:47:00,66.0,,78.0,29.94,10.0,Variable,3.5,,Clear,False,False,False,False,False,False,False,False,False,False,False,False,False,Night,Night,Night,Day
A-46982,Source2,3,2016-07-06 21:38:18,2016-07-06 22:23:18,34.029872999999995,-118.392464,,,0.0,Right hand shoulder blocked due to accident on I-10 Eastbound at Exit 6 Robertson Pl.,I-10 E,Los Angeles,Los Angeles,CA,90034,US,US/Pacific,KSMO,2016-07-06 21:51:00,64.9,,81.0,29.96,10.0,WSW,5.8,,Partly Cloudy,False,False,False,False,False,False,False,False,False,False,False,False,False,Night,Night,Night,Day
A-46993,Source2,2,2016-07-06 22:14:09,2016-07-06 22:59:09,34.034434999999995,-118.369888,,,0.0,Accident on Washington Blvd at Fairfax Ave.,W Washington Blvd,Los Angeles,Los Angeles,CA,90016-2429,US,US/Pacific,KSMO,2016-07-06 22:25:00,64.9,,81.0,29.97,10.0,WSW,5.8,,Mostly Cloudy,False,False,True,False,False,False,False,False,False,False,False,True,False,Night,Night,Night,Night
A-47003,Source2,2,2016-07-06 22:40:46,2016-07-06 23:25:46,34.155421999999994,-118.2939,,,0.0,Slow lane blocked and right hand shoulder blocked due to accident on CA-134 Westbound at Exit 5A Riverside Dr.,CA-134 W,Los Angeles,Los Angeles,CA,90027,US,US/Pacific,KCQT,2016-07-06 22:47:00,64.9,,81.0,29.96,10.0,West,3.5,,Clear,False,False,False,False,False,False,False,False,False,False,False,False,False,Night,Night,Night,Night
A-47004,Source2,3,2016-07-06 22:35:31,2016-07-06 23:20:31,34.127579,-118.27372,,,0.0,Right hand shoulder blocked due to accident on I-5 Southbound at Exits 141 141A 141B Los Feliz Blvd.,Golden State Fwy S,Los Angeles,Los Angeles,CA,90027,US,US/Pacific,KCQT,2016-07-06 22:47:00,64.9,,81.0,29.96,10.0,West,3.5,,Clear,False,False,False,False,False,False,False,False,False,False,False,False,False,Night,Night,Night,Night
A-47005,Source2,3,2016-07-06 22:30:16,2016-07-06 23:15:16,34.043037,-118.217239,,,0.0,Right hand shoulder blocked due to accident on I-5 I-10 Northbound at Exit 135A 4th St.,Golden State Fwy S,Los Angeles,Los Angeles,CA,90033,US,US/Pacific,KCQT,2016-07-06 22:47:00,64.9,,81.0,29.96,10.0,West,3.5,,Clear,False,False,False,False,False,False,False,False,False,False,False,False,False,Night,Night,Night,Night
A-47026,Source2,3,2016-07-07 01:10:42,2016-07-07 02:10:42,33.989155,-118.280807,,,0.0,Right hand shoulder blocked due to accident on I-110 Southbound at Exit 18B Slauson Ave.,I-110 S,Los Angeles,Los Angeles,CA,90003,US,US/Pacific,KHHR,2016-07-07 00:53:00,66.0,,78.0,29.95,10.0,Calm,,,Overcast,False,False,False,False,False,False,False,False,False,False,False,False,False,Night,Night,Night,Night
A-47034,Source2,3,2016-07-07 03:42:05,2016-07-07 04:42:05,34.038456,-118.27401,,,0.0,Lane blocked due to accident on I-10 Eastbound at Exits 12 13B I-110.,CA-110 S,Los Angeles,Los Angeles,CA,90015,US,US/Pacific,KCQT,2016-07-07 03:47:00,64.9,,81.0,29.93,9.0,Calm,,,Overcast,False,False,False,False,False,False,False,False,False,False,False,False,False,Night,Night,Night,Night
A-47036,Source2,2,2016-07-07 04:22:52,2016-07-07 05:22:52,34.054077,-118.237862,,,0.0,Two lanes blocked due to accident on US-101 Northbound at Exit 2C Alameda St.,N Alameda St,Los Angeles,Los Angeles,CA,90012,US,US/Pacific,KCQT,2016-07-07 04:27:00,66.0,,78.0,29.93,9.0,Calm,,,Overcast,False,False,True,False,False,False,False,False,False,False,False,False,False,Night,Night,Night,Day
A-47037,Source2,2,2016-07-07 04:22:13,2016-07-07 05:37:13,34.053345,-118.20063,,,0.0,Accident on Pomeroy Ave at Fickett St.,Pomeroy Ave,Los Angeles,Los Angeles,CA,90033-2034,US,US/Pacific,KCQT,2016-07-07 04:27:00,66.0,,78.0,29.93,9.0,Calm,,,Overcast,False,False,False,False,False,False,False,False,False,False,False,False,False,Night,Night,Night,Day
A-47041,Source2,3,2016-07-07 05:52:53,2016-07-07 06:22:53,33.974655,-118.280991,,,0.0,One lane blocked and right hand shoulder blocked due to accident on I-110 Southbound at Exit 17 Grand Ave.,I-110 S,Los Angeles,Los Angeles,CA,90003,US,US/Pacific,KHHR,2016-07-07 05:53:00,66.9,,73.0,29.94,10.0,North,3.5,,Overcast,False,False,False,False,False,False,False,False,False,False,False,True,False,Day,Day,Day,Day
A-47042,Source2,3,2016-07-07 06:18:42,2016-07-07 06:48:42,34.038456,-118.27401,,,0.0,Accident on I-10 Westbound at Exits 12 13B I-110.,CA-110 S,Los Angeles,Los Angeles,CA,90015,US,US/Pacific,KCQT,2016-07-07 06:47:00,66.9,,76.0,29.94,7.0,Calm,,,Overcast,False,False,False,False,False,False,False,False,False,False,False,False,False,Day,Day,Day,Day
A-47045,Source2,3,2016-07-07 06:55:21,2016-07-07 07:25:21,34.154884,-118.288795,,,0.0,Accident on I-5 Southbound at Exits 144 144A 144B CA-134.,Golden State Fwy S,Los Angeles,Los Angeles,CA,90027,US,US/Pacific,KCQT,2016-07-07 06:47:00,66.9,,76.0,29.94,7.0,Calm,,,Overcast,False,False,False,False,True,False,False,False,False,False,False,False,False,Day,Day,Day,Day
A-47062,Source2,3,2016-07-07 10:06:33,2016-07-07 10:36:33,33.99527,-118.145088,,,0.0,Right hand shoulder blocked due to accident on I-5 Southbound at Exit 128B Washington Blvd.,Santa Ana Fwy S,Los Angeles,Los Angeles,CA,90040,US,US/Pacific,KCQT,2016-07-07 10:09:00,73.9,,59.0,29.97,9.0,Calm,,,Scattered Clouds,False,False,False,False,False,False,False,False,False,False,False,False,False,Day,Day,Day,Day
A-47070,Source2,3,2016-07-07 10:41:00,2016-07-07 11:11:00,33.928524,-118.239166,,,0.0,Right hand shoulder blocked due to accident on I-105 Westbound at Exit 10 Wilmington Ave.,Wilmington Ave,Los Angeles,Los Angeles,CA,90059,US,US/Pacific,KHHR,2016-07-07 10:53:00,73.9,,53.0,29.98,10.0,North,,,Partly Cloudy,False,False,False,False,False,False,True,False,True,False,False,False,False,Day,Day,Day,Day
A-47072,Source2,2,2016-07-07 10:48:34,2016-07-07 11:18:34,34.129353,-118.34745,,,0.0,Right hand shoulder blocked due to accident on US-101 Northbound at Barham Blvd.,Buddy Holly Dr,Los Angeles,Los Angeles,CA,90068-1868,US,US/Pacific,KBUR,2016-07-07 10:53:00,72.0,,64.0,29.95,10.0,SSE,5.8,,Clear,False,False,False,False,False,False,False,False,False,False,False,False,False,Day,Day,Day,Day
A-47073,Source2,3,2016-07-07 10:47:48,2016-07-07 11:17:48,34.024319,-118.172562,,,0.0,Right hand shoulder blocked due to accident on I-710 Southbound at Whittier Blvd.,Long Beach Fwy S,Los Angeles,Los Angeles,CA,90022,US,US/Pacific,KCQT,2016-07-07 10:47:00,75.0,,55.0,29.96,9.0,Calm,,,Clear,False,False,False,False,False,False,False,False,False,False,False,False,False,Day,Day,Day,Day
A-47098,Source2,3,2016-07-07 12:31:37,2016-07-07 13:01:37,34.095539,-118.244049,,,0.0,Right hand shoulder blocked due to accident on I-5 Southbound at Exit 138 Stadium Way.,Riverside Dr,Los Angeles,Los Angeles,CA,90031,US,US/Pacific,KCQT,2016-07-07 12:47:00,79.0,,52.0,29.94,10.0,Calm,,,Clear,False,False,False,False,False,False,False,False,False,False,False,False,False,Day,Day,Day,Day
A-47103,Source2,3,2016-07-07 13:08:42,2016-07-07 13:53:42,34.036655,-118.375648,,,0.0,Accident on I-10 Westbound at Exit 7B Fairfax Ave. On the median.,Venice Blvd,Los Angeles,Los Angeles,CA,90034,US,US/Pacific,KSMO,2016-07-07 12:51:00,75.0,,57.0,29.96,10.0,SW,10.4,,Clear,False,False,True,False,False,False,False,False,False,False,False,False,False,Day,Day,Day,Day
A-47109,Source2,2,2016-07-07 13:35:58,2016-07-07 14:20:58,34.076012,-118.231575,,,0.0,Right hand shoulder blocked due to accident on CA-110 Southbound near Exit 25 Academy Rd.,Pasadena Fwy S,Los Angeles,Los Angeles,CA,90012,US,US/Pacific,KCQT,2016-07-07 13:47:00,79.0,,52.0,29.93,10.0,WSW,5.8,,Clear,False,False,False,False,False,False,False,False,False,False,False,False,False,Day,Day,Day,Day
A-47112,Source2,3,2016-07-07 13:03:19,2016-07-07 13:48:19,34.060116,-118.21501200000002,,,0.0,Right hand shoulder blocked due to accident on I-5 I-10 Southbound near Exit 135C San Bernardino Fwy.,N Mission Rd,Los Angeles,Los Angeles,CA,90033,US,US/Pacific,KCQT,2016-07-07 12:47:00,79.0,,52.0,29.94,10.0,Calm,,,Clear,False,False,False,False,False,False,False,False,False,False,False,False,False,Day,Day,Day,Day
A-47113,Source2,2,2016-07-07 13:24:58,2016-07-07 14:09:58,34.055367,-118.18376200000002,,,0.0,Accident on City Terrace Dr near Herbert Ave.,City Terrace Dr,Los Angeles,Los Angeles,CA,90063-2039,US,US/Pacific,KCQT,2016-07-07 13:47:00,79.0,,52.0,29.93,10.0,WSW,5.8,,Clear,False,False,False,False,False,False,False,False,True,True,False,False,False,Day,Day,Day,Day
A-47139,Source2,2,2016-07-07 14:58:19,2016-07-07 15:43:19,33.98856,-118.358559,,,0.0,Accident on La Brea Ave near Slauson Ave.,S La Brea Ave,Los Angeles,Los Angeles,CA,90056,US,US/Pacific,KLAX,2016-07-07 14:53:00,73.0,,64.0,29.95,10.0,West,15.0,,Clear,False,False,True,False,False,False,False,False,False,False,False,True,False,Day,Day,Day,Day
A-47143,Source2,2,2016-07-07 14:54:31,2016-07-07 15:39:31,34.076012,-118.231575,,,0.0,Accident on CA-110 Southbound near Exit 25 Academy Rd.,Pasadena Fwy S,Los Angeles,Los Angeles,CA,90012,US,US/Pacific,KCQT,2016-07-07 14:47:00,75.9,,58.0,29.93,10.0,Variable,4.6,,Clear,False,False,False,False,False,False,False,False,False,False,False,False,False,Day,Day,Day,Day
A-47152,Source2,2,2016-07-07 15:17:29,2016-07-07 16:02:29,34.023922,-118.186226,,,0.0,Accident on Whittier Blvd near Eastman Ave.,S Eastman Ave,Los Angeles,Los Angeles,CA,90023-2409,US,US/Pacific,KCQT,2016-07-07 14:47:00,75.9,,58.0,29.93,10.0,Variable,4.6,,Clear,False,False,False,False,False,False,False,False,False,False,False,False,False,Day,Day,Day,Day
A-47160,Source2,2,2016-07-07 15:44:07,2016-07-07 16:29:07,34.016556,-118.17588,,,0.0,Accident on Marianna Ave near Union Pacific Ave.,Union Pacific Ave,Los Angeles,Los Angeles,CA,90023-4136,US,US/Pacific,KCQT,2016-07-07 15:47:00,75.0,,60.0,29.92,10.0,Variable,5.8,,Clear,False,False,False,False,False,False,False,False,False,False,False,False,False,Day,Day,Day,Day
A-47165,Source2,2,2016-07-07 16:02:10,2016-07-07 16:47:10,34.071232,-118.235085,,,0.0,Right hand shoulder blocked due to accident on CA-110 Northbound at Exits 24B 24C 24D Stadium Way.,CA-110 N,Los Angeles,Los Angeles,CA,90012,US,US/Pacific,KCQT,2016-07-07 15:47:00,75.0,,60.0,29.92,10.0,Variable,5.8,,Clear,False,False,False,False,False,False,False,False,False,False,False,False,False,Day,Day,Day,Day
A-47166,Source2,3,2016-07-07 15:52:06,2016-07-07 16:38:39,33.995148,-118.144722,,,0.0,Slow lane blocked due to accident on I-5 Northbound near Exit 128B Washington Blvd.,E Washington Blvd,Los Angeles,Los Angeles,CA,90040,US,US/Pacific,KCQT,2016-07-07 15:47:00,75.0,,60.0,29.92,10.0,Variable,5.8,,Clear,False,False,False,False,False,False,False,False,False,False,False,False,False,Day,Day,Day,Day
A-47176,Source2,2,2016-07-07 16:35:00,2016-07-07 17:20:00,34.098583000000005,-118.314903,,,0.0,Shoulder blocked on entry ramp due to accident on US-101 Southbound near Exits 8A 8B Van Ness Ave.,Hollywood Fwy S,Los Angeles,Los Angeles,CA,90028,US,US/Pacific,KCQT,2016-07-07 16:47:00,75.0,,62.0,29.91,10.0,Variable,3.5,,Clear,False,False,False,False,False,False,False,False,False,False,False,False,False,Day,Day,Day,Day
A-47185,Source2,2,2016-07-07 16:57:18,2016-07-07 17:42:18,33.960155,-118.25399,,,0.0,Accident on CA-42 Firestone Blvd near Hooper Ave.,Firestone Blvd,Los Angeles,Los Angeles,CA,90001-3736,US,US/Pacific,KCQT,2016-07-07 16:47:00,75.0,,62.0,29.91,10.0,Variable,3.5,,Clear,False,False,True,False,False,False,False,False,False,False,False,True,False,Day,Day,Day,Day
A-47186,Source2,2,2016-07-07 16:57:51,2016-07-07 17:57:51,33.974751,-118.247681,,,0.0,Accident on Compton Ave near Florence Ave.,Compton Ave,Los Angeles,Los Angeles,CA,90001-2529,US,US/Pacific,KCQT,2016-07-07 16:47:00,75.0,,62.0,29.91,10.0,Variable,3.5,,Clear,False,False,True,False,False,False,False,False,True,False,False,True,False,Day,Day,Day,Day
A-47194,Source2,2,2016-07-07 17:16:06,2016-07-07 18:16:06,34.057705,-118.300896,,,0.0,Accident on 8th St near Irolo St.,W 8th St,Los Angeles,Los Angeles,CA,90005-2433,US,US/Pacific,KCQT,2016-07-07 16:47:00,75.0,,62.0,29.91,10.0,Variable,3.5,,Clear,False,False,False,False,False,False,False,False,True,False,False,True,False,Day,Day,Day,Day
A-47198,Source2,3,2016-07-07 17:22:33,2016-07-07 18:07:33,34.037997999999995,-118.276451,,,0.0,Right hand shoulder blocked due to accident on I-10 Eastbound near Exits 12 13B I-110.,I-10 E,Los Angeles,Los Angeles,CA,90015,US,US/Pacific,KCQT,2016-07-07 17:47:00,75.0,,62.0,29.91,10.0,West,5.8,,Clear,False,False,False,False,True,False,False,False,False,False,False,False,False,Day,Day,Day,Day
A-47201,Source2,3,2016-07-07 17:26:56,2016-07-07 18:26:56,34.011105,-118.281265,,,0.0,Right hand shoulder blocked due to accident on I-110 Southbound near Exit 20A Martin Luther King Jr Blvd.,I-110 S,Los Angeles,Los Angeles,CA,90037,US,US/Pacific,KCQT,2016-07-07 17:47:00,75.0,,62.0,29.91,10.0,West,5.8,,Clear,False,False,False,False,False,False,False,False,False,False,False,False,False,Day,Day,Day,Day
A-47202,Source2,3,2016-07-07 17:44:17,2016-07-07 18:44:17,34.022869,-118.17308,,,0.0,Two lanes blocked due to accident on I-710 Southbound near Exits 18 19 Olympic Blvd.,Long Beach Fwy S,Los Angeles,Los Angeles,CA,90022,US,US/Pacific,KCQT,2016-07-07 17:47:00,75.0,,62.0,29.91,10.0,West,5.8,,Clear,False,False,False,False,False,False,False,False,False,False,False,False,False,Day,Day,Day,Day
A-47213,Source2,2,2016-07-07 17:57:55,2016-07-07 18:42:55,34.041431,-118.273483,,,0.0,Accident on CA-110 Southbound at I-10.,CA-110 S,Los Angeles,Los Angeles,CA,90015,US,US/Pacific,KCQT,2016-07-07 17:47:00,75.0,,62.0,29.91,10.0,West,5.8,,Clear,False,False,False,False,False,False,False,False,False,False,False,False,False,Day,Day,Day,Day
A-47217,Source2,3,2016-07-07 18:26:10,2016-07-07 19:11:10,34.036861,-118.295006,,,0.0,Shoulder blocked on entry ramp due to accident on I-10 Eastbound near Exit 11 Vermont Ave.,I-10 E,Los Angeles,Los Angeles,CA,90007,US,US/Pacific,KCQT,2016-07-07 18:47:00,72.0,,68.0,29.9,10.0,Variable,3.5,,Clear,False,False,False,False,True,False,False,False,False,False,False,False,False,Day,Day,Day,Day
A-47219,Source2,3,2016-07-07 18:25:32,2016-07-07 19:10:32,34.036209,-118.274452,,,0.0,Right hand shoulder blocked due to accident on I-110 Southbound near Exit 21 I-10.,CA-110 S,Los Angeles,Los Angeles,CA,90015,US,US/Pacific,KCQT,2016-07-07 18:47:00,72.0,,68.0,29.9,10.0,Variable,3.5,,Clear,False,False,False,False,False,False,False,False,False,False,False,False,False,Day,Day,Day,Day
A-47224,Source2,3,2016-07-07 18:46:12,2016-07-07 19:31:12,34.109566,-118.481064,,,0.0,Accident on I-405 Northbound in LA. On the median.,San Diego Fwy S,Los Angeles,Los Angeles,CA,90077,US,US/Pacific,KSMO,2016-07-07 18:51:00,69.1,,73.0,29.91,10.0,SSW,8.1,,Clear,False,False,False,False,False,False,False,False,False,False,False,False,False,Day,Day,Day,Day
A-47233,Source2,2,2016-07-07 18:51:21,2016-07-07 19:36:21,33.974758,-118.25206,,,0.0,Accident on Florence Ave near Hooper Ave.,Hooper Ave,Los Angeles,Los Angeles,CA,90001-1901,US,US/Pacific,KCQT,2016-07-07 18:47:00,72.0,,68.0,29.9,10.0,Variable,3.5,,Clear,False,False,True,False,False,False,False,False,True,False,False,True,False,Day,Day,Day,Day
A-47242,Source2,2,2016-07-07 19:31:23,2016-07-07 20:16:23,34.035004,-118.171646,,,0.0,One lane blocked due to accident on CA-60 Eastbound near Exit 3B I-710.,Pomona Fwy E,Los Angeles,Los Angeles,CA,90022,US,US/Pacific,KCQT,2016-07-07 19:47:00,69.1,,73.0,29.91,10.0,West,3.5,,Clear,False,False,False,False,False,False,False,False,False,False,False,False,False,Day,Day,Day,Day
A-47244,Source2,3,2016-07-07 19:41:42,2016-07-07 20:26:42,34.029945,-118.442192,,,0.0,Right hand shoulder blocked due to accident on I-10 Eastbound near Exits 3A 3B I-405.,Santa Monica Fwy E,Los Angeles,Los Angeles,CA,90064,US,US/Pacific,KSMO,2016-07-07 19:51:00,66.9,,79.0,29.92,10.0,SW,8.1,,Scattered Clouds,False,False,False,False,False,False,False,False,False,False,False,False,False,Day,Day,Day,Day
A-47245,Source2,3,2016-07-07 19:38:39,2016-07-07 20:23:39,34.039093,-118.439758,,,0.0,One lane blocked due to accident on I-405 Southbound near Exit 54 Sawtelle Blvd.,I-405 N,Los Angeles,Los Angeles,CA,90064,US,US/Pacific,KSMO,2016-07-07 19:51:00,66.9,,79.0,29.92,10.0,SW,8.1,,Scattered Clouds,False,False,False,False,False,False,False,False,False,False,False,False,False,Day,Day,Day,Day
A-47247,Source2,3,2016-07-07 19:41:12,2016-07-07 20:26:12,33.927925,-118.254295,,,0.0,One lane blocked and right hand shoulder blocked due to accident on I-105 Eastbound near Exit 9 Central Ave.,S Central Ave,Los Angeles,Los Angeles,CA,90059,US,US/Pacific,KHHR,2016-07-07 19:53:00,68.0,,78.0,29.92,10.0,WSW,11.5,,Partly Cloudy,False,False,False,False,False,False,False,False,False,False,False,False,False,Day,Day,Day,Day
A-47255,Source2,2,2016-07-07 19:50:11,2016-07-07 20:35:11,34.01894,-118.233177,,,0.0,Accident on Washington Blvd in LA.,E Washington Blvd,Los Angeles,Los Angeles,CA,90058,US,US/Pacific,KCQT,2016-07-07 19:47:00,69.1,,73.0,29.91,10.0,West,3.5,,Clear,False,False,False,False,False,False,False,False,True,False,False,False,False,Day,Day,Day,Day
A-47265,Source2,3,2016-07-07 20:18:30,2016-07-07 21:03:30,34.027122,-118.43013,,,0.0,HOV lane blocked due to accident on I-405 Northbound near Exits 53 53A 53B I-10.,I-405 N,Los Angeles,Los Angeles,CA,90064,US,US/Pacific,KSMO,2016-07-07 19:51:00,66.9,,79.0,29.92,10.0,SW,8.1,,Scattered Clouds,False,False,False,False,False,False,False,False,False,False,False,False,False,Night,Day,Day,Day
A-47266,Source2,2,2016-07-07 20:01:50,2016-07-07 20:46:50,34.029545,-118.218758,,,0.0,One lane blocked due to accident on CA-60 Westbound near Exits 1A 1C I-5.,S Soto St,Los Angeles,Los Angeles,CA,90023,US,US/Pacific,KCQT,2016-07-07 19:47:00,69.1,,73.0,29.91,10.0,West,3.5,,Clear,False,False,False,False,False,False,False,False,False,False,False,False,False,Day,Day,Day,Day
A-47275,Source2,3,2016-07-07 20:25:46,2016-07-07 21:10:46,33.989155,-118.280807,,,0.0,Right hand shoulder blocked due to accident on I-110 Southbound at Exit 18B Slauson Ave.,I-110 S,Los Angeles,Los Angeles,CA,90003,US,US/Pacific,KHHR,2016-07-07 20:15:00,68.0,,78.0,29.93,10.0,West,11.5,,Mostly Cloudy,False,False,False,False,False,False,False,False,False,False,False,False,False,Night,Day,Day,Day
A-47276,Source2,2,2016-07-07 20:25:17,2016-07-07 21:10:17,34.011467,-118.130844,,,0.0,Accident on Garfield Ave near Olympic Blvd.,Garfield Ave,Los Angeles,Los Angeles,CA,90022-4616,US,US/Pacific,KCQT,2016-07-07 20:47:00,66.0,,81.0,29.93,10.0,Variable,3.5,,Clear,False,False,False,False,False,False,False,False,False,False,False,True,False,Night,Day,Day,Day
A-47277,Source2,3,2016-07-07 20:28:23,2016-07-07 21:13:23,34.031322,-118.433723,,,0.0,One lane blocked due to accident on I-405 Southbound near Exits 53 53A 53B I-10.,I-10 W,Los Angeles,Los Angeles,CA,90064,US,US/Pacific,KSMO,2016-07-07 20:51:00,66.0,,81.0,29.93,10.0,SW,8.1,,Clear,False,False,False,False,False,False,False,False,False,False,False,False,False,Night,Day,Day,Day
A-47287,Source2,2,2016-07-07 20:39:27,2016-07-07 21:39:27,34.086483,-118.232056,,,0.0,Accident on Elmgrove St near I-5.,Riverside Dr,Los Angeles,Los Angeles,CA,90031-1245,US,US/Pacific,KCQT,2016-07-07 20:47:00,66.0,,81.0,29.93,10.0,Variable,3.5,,Clear,False,False,True,False,False,False,False,False,True,False,False,False,False,Night,Night,Day,Day
A-47288,Source2,3,2016-07-07 20:47:10,2016-07-07 21:32:10,34.032604,-118.220779,,,0.0,Right hand shoulder blocked due to accident on I-5 I-10 Southbound near Exits 134A 134B 134C US-101.,I-5 S,Los Angeles,Los Angeles,CA,90023,US,US/Pacific,KCQT,2016-07-07 20:47:00,66.0,,81.0,29.93,10.0,Variable,3.5,,Clear,False,False,False,False,True,False,False,False,False,False,False,False,False,Night,Night,Day,Day
A-47289,Source2,2,2016-07-07 20:52:21,2016-07-07 21:37:21,34.107681,-118.186089,,,0.0,Slow lane blocked due to accident on CA-110 Northbound near Exit 29 Avenue 60.,CA-110 N,Los Angeles,Los Angeles,CA,90042,US,US/Pacific,KCQT,2016-07-07 20:47:00,66.0,,81.0,29.93,10.0,Variable,3.5,,Clear,False,False,False,False,False,False,False,False,False,False,False,False,False,Night,Night,Day,Day
A-47340,Source2,3,2016-07-07 22:16:13,2016-07-07 23:01:13,33.928162,-118.238976,,,0.0,Right hand shoulder blocked due to accident on I-105 Eastbound at Exit 10 Wilmington Ave.,I-105 E,Los Angeles,Los Angeles,CA,90059,US,US/Pacific,KHHR,2016-07-07 21:53:00,66.0,,81.0,29.95,10.0,WSW,6.9,,Partly Cloudy,False,False,False,False,False,False,False,False,False,False,False,False,False,Night,Night,Night,Night
A-47343,Source2,2,2016-07-07 22:37:52,2016-07-07 23:22:52,34.026215,-118.144196,,,0.0,Accident on Gerhart Ave in Monterey Park.,S Gerhart Ave,Los Angeles,Los Angeles,CA,90022-2825,US,US/Pacific,KCQT,2016-07-07 22:47:00,64.9,,81.0,29.96,10.0,West,3.5,,Clear,False,False,False,False,False,False,False,False,False,False,False,True,False,Night,Night,Night,Night
A-47351,Source2,3,2016-07-08 00:08:57,2016-07-08 00:38:57,34.014534000000005,-118.281204,,,0.0,Accident on I-110 Southbound at Exits 20A 20B Hope St.,I-110 S,Los Angeles,Los Angeles,CA,90037,US,US/Pacific,KCQT,2016-07-08 00:47:00,64.0,,87.0,29.95,9.0,Calm,,,Clear,False,False,False,False,True,False,False,False,False,False,False,False,False,Night,Night,Night,Night
A-47352,Source2,2,2016-07-08 00:31:04,2016-07-08 01:01:04,34.069817,-118.261299,,,0.0,One lane blocked due to accident on US-101 Southbound at Exit 4A Palo Alto St.,US-101 N,Los Angeles,Los Angeles,CA,90026,US,US/Pacific,KCQT,2016-07-08 00:47:00,64.0,,87.0,29.95,9.0,Calm,,,Clear,False,False,False,False,False,False,False,False,False,False,False,False,False,Night,Night,Night,Night
A-47353,Source2,3,2016-07-08 00:36:11,2016-07-08 01:06:11,34.073067,-118.219162,,,0.0,Two lanes blocked due to accident on I-5 Northbound at Exits 136 136A 136B Avenue 21.,N Broadway,Los Angeles,Los Angeles,CA,90031-2529,US,US/Pacific,KCQT,2016-07-08 00:47:00,64.0,,87.0,29.95,9.0,Calm,,,Clear,False,False,False,False,False,False,False,False,False,False,False,True,False,Night,Night,Night,Night
A-47356,Source2,3,2016-07-08 01:46:23,2016-07-08 02:46:23,34.039093,-118.439758,,,0.0,Right hand shoulder blocked due to accident on I-405 Southbound at Exit 54 Sawtelle Blvd.,I-405 N,Los Angeles,Los Angeles,CA,90064,US,US/Pacific,KSMO,2016-07-08 01:51:00,64.9,,81.0,29.96,10.0,Calm,,,Mostly Cloudy,False,False,False,False,False,False,False,False,False,False,False,False,False,Night,Night,Night,Night
A-47357,Source2,3,2016-07-08 01:51:22,2016-07-08 02:51:22,34.027458,-118.27449,,,0.0,Lane blocked due to accident on I-110 Southbound at Exit 20C Adams Blvd.,Harbor Fwy N,Los Angeles,Los Angeles,CA,90007,US,US/Pacific,KCQT,2016-07-08 01:47:00,63.0,,87.0,29.95,8.0,Calm,,,Clear,False,False,False,False,False,False,False,False,False,False,False,False,False,Night,Night,Night,Night
A-47358,Source2,2,2016-07-08 01:44:51,2016-07-08 02:44:51,34.054878,-118.257164,,,0.0,Lane blocked due to accident on CA-110 Northbound before Exit 23C-A Beaudry Ave.,W 4th St,Los Angeles,Los Angeles,CA,90017,US,US/Pacific,KCQT,2016-07-08 01:47:00,63.0,,87.0,29.95,8.0,Calm,,,Clear,False,False,False,False,False,False,False,False,False,False,False,False,False,Night,Night,Night,Night
A-47362,Source2,2,2016-07-08 03:02:58,2016-07-08 04:02:58,34.029659,-118.21553,,,0.0,Lane blocked due to accident on CA-60 Westbound at Exits 1A 1C I-5.,US-101 N,Los Angeles,Los Angeles,CA,90023,US,US/Pacific,KCQT,2016-07-08 02:47:00,63.0,,87.0,29.95,10.0,Calm,,,Overcast,False,False,False,False,False,False,False,False,False,False,False,False,False,Night,Night,Night,Night
A-47363,Source2,2,2016-07-08 03:48:21,2016-07-08 04:48:21,34.075081,-118.274307,,,0.0,Lane blocked on exit ramp due to accident on US-101 Northbound at Exit 5A London St.,Hollywood Fwy S,Los Angeles,Los Angeles,CA,90026,US,US/Pacific,KCQT,2016-07-08 03:47:00,64.0,,87.0,29.95,8.0,Calm,,,Overcast,False,False,False,False,False,False,False,False,False,True,False,False,False,Night,Night,Night,Night
A-47368,Source2,3,2016-07-08 04:56:11,2016-07-08 05:56:11,34.152588,-118.283318,,,0.0,Lane blocked due to accident on I-5 Northbound at Exits 144 144A 144B CA-134.,I-5 N,Los Angeles,Los Angeles,CA,90027,US,US/Pacific,KCQT,2016-07-08 04:47:00,64.9,,84.0,29.95,8.0,Calm,,,Overcast,False,False,False,False,False,False,False,False,False,False,False,False,False,Night,Night,Day,Day
A-47376,Source2,2,2016-07-08 07:22:58,2016-07-08 07:52:58,34.069817,-118.261299,,,0.0,Slow lane blocked due to accident on US-101 Northbound before Glendale Blvd.,US-101 N,Los Angeles,Los Angeles,CA,90026,US,US/Pacific,KCQT,2016-07-08 07:39:00,66.9,,79.0,29.98,5.0,Calm,,,Haze,False,False,False,False,False,False,False,False,False,False,False,False,False,Day,Day,Day,Day
A-47380,Source2,3,2016-07-08 08:45:54,2016-07-08 09:15:54,34.031322,-118.433723,,,0.0,Lane blocked on exit ramp due to accident on I-405 Northbound at I-10.,I-10 W,Los Angeles,Los Angeles,CA,90064,US,US/Pacific,KSMO,2016-07-08 08:41:00,68.0,,73.0,30.01,7.0,East,3.5,,Overcast,False,False,False,False,False,False,False,False,False,False,False,False,False,Day,Day,Day,Day
A-47394,Source2,3,2016-07-08 10:47:53,2016-07-08 11:17:53,34.096596000000005,-118.476944,,,0.0,Right hand shoulder blocked due to accident on I-405 Southbound after Exit 59 Sepulveda Blvd.,I-405 N,Los Angeles,Los Angeles,CA,90049,US,US/Pacific,KSMO,2016-07-08 10:46:00,71.6,,69.0,30.0,8.0,South,5.8,,Scattered Clouds,False,False,False,False,False,False,False,False,False,False,False,False,False,Day,Day,Day,Day
A-47395,Source2,2,2016-07-08 10:38:41,2016-07-08 11:08:41,33.998135,-118.369484,,,0.0,Accident on Stocker St at La Cienega Blvd.,Stocker St,Los Angeles,Los Angeles,CA,90056,US,US/Pacific,KLAX,2016-07-08 10:53:00,73.9,,62.0,30.0,7.0,West,8.1,,Partly Cloudy,False,False,False,False,False,False,False,False,False,False,False,True,False,Day,Day,Day,Day
A-47398,Source2,2,2016-07-08 10:55:01,2016-07-08 11:25:01,33.953262,-118.232857,,,0.0,Accident on 92nd St at Juniper St.,E 92nd St,Los Angeles,Los Angeles,CA,90002-2602,US,US/Pacific,KHHR,2016-07-08 10:53:00,73.0,,59.0,30.0,10.0,Variable,4.6,,Clear,False,False,False,False,False,False,False,False,False,False,False,False,False,Day,Day,Day,Day
A-47406,Source2,2,2016-07-08 11:31:08,2016-07-08 12:17:01,34.016533,-118.19223,,,0.0,Accident on Union Pacific Ave at Indiana St.,Union Pacific Ave,Los Angeles,Los Angeles,CA,90023-3230,US,US/Pacific,KCQT,2016-07-08 11:47:00,79.0,,54.0,29.97,10.0,Calm,,,Clear,False,False,False,False,False,False,False,False,False,False,False,True,False,Day,Day,Day,Day
A-47407,Source2,3,2016-07-08 11:59:32,2016-07-08 12:29:32,33.975052000000005,-118.12487,,,0.0,Accident on I-5 Southbound after Gage Ave.,E Slauson Ave,Los Angeles,Los Angeles,CA,90040,US,US/Pacific,KCQT,2016-07-08 11:47:00,79.0,,54.0,29.97,10.0,Calm,,,Clear,False,False,False,False,False,False,False,False,False,False,False,False,False,Day,Day,Day,Day
A-47415,Source2,3,2016-07-08 12:20:39,2016-07-08 12:50:39,34.037040999999995,-118.291573,,,0.0,Right hand shoulder blocked due to accident on I-10 Eastbound at Exit 11 Vermont Ave.,S Vermont Ave,Los Angeles,Los Angeles,CA,90007-1256,US,US/Pacific,KCQT,2016-07-08 12:47:00,82.0,,49.0,29.96,10.0,North,,,Clear,False,False,False,False,False,False,False,False,False,False,False,False,False,Day,Day,Day,Day
A-47421,Source2,3,2016-07-08 12:46:17,2016-07-08 13:16:17,33.987499,-118.13755,,,0.0,#1 lane blocked due to accident on I-5 Northbound at Garfield Ave.,Garfield Ave,Los Angeles,Los Angeles,CA,90040,US,US/Pacific,KCQT,2016-07-08 12:47:00,82.0,,49.0,29.96,10.0,North,,,Clear,False,False,False,False,False,False,False,False,False,False,False,False,False,Day,Day,Day,Day
A-47428,Source2,2,2016-07-08 13:29:09,2016-07-08 14:14:09,34.074913,-118.273315,,,0.0,Right hand shoulder blocked due to accident on US-101 Northbound near Exit 5A London St.,CA-2 W,Los Angeles,Los Angeles,CA,90026,US,US/Pacific,KCQT,2016-07-08 13:47:00,78.1,,58.0,29.95,10.0,Variable,3.5,,Clear,False,False,False,False,False,False,False,False,False,False,False,True,False,Day,Day,Day,Day
A-47429,Source2,2,2016-07-08 13:22:39,2016-07-08 14:07:39,34.054878,-118.257164,,,0.0,Right lane blocked due to accident on CA-110 Northbound near Exit 23C-A Beaudry Ave.,W 4th St,Los Angeles,Los Angeles,CA,90017,US,US/Pacific,KCQT,2016-07-08 13:47:00,78.1,,58.0,29.95,10.0,Variable,3.5,,Clear,False,False,False,False,False,False,False,False,False,False,False,False,False,Day,Day,Day,Day
A-47430,Source2,3,2016-07-08 13:27:22,2016-07-08 14:12:22,34.036465,-118.220535,,,0.0,One lane blocked due to accident on I-5 I-10 Southbound at Exits 134A 134B 134C US-101.,Whittier Blvd,Los Angeles,Los Angeles,CA,90023-1250,US,US/Pacific,KCQT,2016-07-08 13:47:00,78.1,,58.0,29.95,10.0,Variable,3.5,,Clear,False,False,True,False,False,False,False,False,False,False,False,False,False,Day,Day,Day,Day
A-47439,Source2,3,2016-07-08 14:06:11,2016-07-08 14:51:11,34.024857,-118.42836,,,0.0,Two lanes blocked due to accident on I-405 Northbound near Exits 53 53A 53B I-10.,I-405 N,Los Angeles,Los Angeles,CA,90034,US,US/Pacific,KSMO,2016-07-08 13:51:00,73.0,,66.0,29.97,10.0,WSW,9.2,,Clear,False,False,False,False,False,False,False,False,False,False,False,False,False,Day,Day,Day,Day
A-47440,Source2,2,2016-07-08 13:59:39,2016-07-08 14:44:39,34.155415000000005,-118.289116,,,0.0,Right hand shoulder blocked due to accident on CA-134 Westbound near Exit 5B I-5.,CA-134 W,Los Angeles,Los Angeles,CA,90027,US,US/Pacific,KCQT,2016-07-08 13:47:00,78.1,,58.0,29.95,10.0,Variable,3.5,,Clear,False,False,False,False,False,False,False,False,False,False,False,False,False,Day,Day,Day,Day
A-47443,Source2,2,2016-07-08 14:13:56,2016-07-08 14:58:56,34.120346000000005,-118.338997,,,0.0,Shoulder blocked on exit ramp due to accident on US-101 Southbound near Exit 9C Cahuenga Blvd.,Hollywood Fwy S,Los Angeles,Los Angeles,CA,90068,US,US/Pacific,KBUR,2016-07-08 13:53:00,84.0,,41.0,29.91,10.0,South,11.5,,Clear,False,False,False,False,False,False,False,False,False,False,False,False,False,Day,Day,Day,Day
A-47451,Source2,3,2016-07-08 15:18:33,2016-07-08 16:03:33,34.034149,-118.350067,,,0.0,Right hand shoulder blocked due to accident on I-10 Westbound near Exit 8 La Brea Ave.,S La Brea Ave,Los Angeles,Los Angeles,CA,90016,US,US/Pacific,KSMO,2016-07-08 14:51:00,73.0,,68.0,29.96,10.0,SW,10.4,,Partly Cloudy,False,False,False,False,True,False,False,False,False,False,False,False,False,Day,Day,Day,Day
A-47471,Source2,2,2016-07-08 16:11:40,2016-07-08 16:56:40,34.019981,-118.23954,,,0.0,Accident on Washington Blvd near Alameda St.,S Alameda St,Los Angeles,Los Angeles,CA,90058,US,US/Pacific,KCQT,2016-07-08 15:47:00,75.9,,62.0,29.94,10.0,Variable,3.5,,Clear,False,False,False,False,False,False,False,False,False,False,False,True,False,Day,Day,Day,Day
A-47472,Source2,3,2016-07-08 16:05:20,2016-07-08 16:50:20,34.049640999999994,-118.214172,,,0.0,One lane blocked due to accident on I-5 I-10 Southbound near Exit 135B Cesar E Chavez Ave.,Golden State Fwy S,Los Angeles,Los Angeles,CA,90033,US,US/Pacific,KCQT,2016-07-08 15:47:00,75.9,,62.0,29.94,10.0,Variable,3.5,,Clear,False,False,False,False,False,False,False,False,False,False,False,False,False,Day,Day,Day,Day
A-47485,Source2,3,2016-07-08 17:00:47,2016-07-08 17:45:47,34.019669,-118.18003799999998,,,0.0,Right hand shoulder blocked due to accident on I-5 Northbound near Exit 131A Telegraph Rd.,S Downey Rd,Los Angeles,Los Angeles,CA,90023,US,US/Pacific,KCQT,2016-07-08 16:47:00,73.9,,66.0,29.93,10.0,West,6.9,,Clear,False,False,False,False,True,False,False,False,False,False,False,False,False,Day,Day,Day,Day
A-47490,Source2,2,2016-07-08 17:14:04,2016-07-08 18:14:04,34.029835,-118.21492,,,0.0,Right hand shoulder blocked due to accident on CA-60 Westbound near Exits 1A 1C I-5.,I-5 N,Los Angeles,Los Angeles,CA,90023,US,US/Pacific,KCQT,2016-07-08 16:47:00,73.9,,66.0,29.93,10.0,West,6.9,,Clear,False,False,False,False,False,False,False,False,False,False,False,False,False,Day,Day,Day,Day
A-47492,Source2,3,2016-07-08 17:24:35,2016-07-08 18:09:35,34.020191,-118.182831,,,0.0,Right hand shoulder blocked due to accident on I-5 Northbound near Exit 131A Telegraph Rd.,I-5 N,Los Angeles,Los Angeles,CA,90023,US,US/Pacific,KCQT,2016-07-08 17:47:00,75.0,,64.0,29.92,10.0,Variable,4.6,,Clear,False,False,False,False,False,False,False,False,False,False,False,False,False,Day,Day,Day,Day
A-47505,Source2,2,2016-07-08 17:46:54,2016-07-08 18:31:54,34.018749,-118.170242,,,0.0,Accident on Olympic Blvd near McBride Ave.,S McBride Ave,Los Angeles,Los Angeles,CA,90022-2929,US,US/Pacific,KCQT,2016-07-08 17:47:00,75.0,,64.0,29.92,10.0,Variable,4.6,,Clear,False,False,False,False,False,False,False,False,False,False,False,True,False,Day,Day,Day,Day
A-47517,Source2,2,2016-07-08 18:02:45,2016-07-08 18:47:45,34.080921000000004,-118.294739,,,0.0,Lane blocked on exit ramp due to accident on US-101 Southbound near Exit 6A Vermont Ave.,CA-2 E,Los Angeles,Los Angeles,CA,90004,US,US/Pacific,KCQT,2016-07-08 17:47:00,75.0,,64.0,29.92,10.0,Variable,4.6,,Clear,False,False,False,False,False,False,False,False,False,False,False,False,False,Day,Day,Day,Day
A-47518,Source2,3,2016-07-08 18:14:28,2016-07-08 18:59:28,34.154884,-118.288795,,,0.0,Right hand shoulder blocked due to accident on I-5 Southbound near Exits 144 144A 144B CA-134.,Golden State Fwy S,Los Angeles,Los Angeles,CA,90027,US,US/Pacific,KCQT,2016-07-08 17:47:00,75.0,,64.0,29.92,10.0,Variable,4.6,,Clear,False,False,False,False,True,False,False,False,False,False,False,False,False,Day,Day,Day,Day
A-47522,Source2,2,2016-07-08 18:17:12,2016-07-08 19:02:12,34.150417,-118.280708,,,0.0,Accident on CA-134 Eastbound near Exit 5B I-5. On the median.,Golden State Fwy S,Los Angeles,Los Angeles,CA,90027,US,US/Pacific,KCQT,2016-07-08 18:47:00,73.0,,66.0,29.93,10.0,West,8.1,,Clear,False,False,False,False,False,False,False,False,False,False,False,False,False,Day,Day,Day,Day
A-47523,Source2,3,2016-07-08 18:09:16,2016-07-08 18:54:16,34.083096000000005,-118.227676,,,0.0,Two lanes blocked due to accident on I-5 Northbound near Exit 137A CA-110.,I-5 N,Los Angeles,Los Angeles,CA,90031,US,US/Pacific,KCQT,2016-07-08 17:47:00,75.0,,64.0,29.92,10.0,Variable,4.6,,Clear,False,False,False,False,False,False,False,False,False,False,False,False,False,Day,Day,Day,Day
A-47524,Source2,2,2016-07-08 18:03:16,2016-07-08 18:48:16,34.055428000000006,-118.214241,,,0.0,Shoulder blocked on entry ramp due to accident on I-5 I-10 Southbound near Exit 135C San Bernardino Fwy.,I-5 S,Los Angeles,Los Angeles,CA,90033,US,US/Pacific,KCQT,2016-07-08 17:47:00,75.0,,64.0,29.92,10.0,Variable,4.6,,Clear,False,False,False,False,False,False,False,False,False,False,False,False,False,Day,Day,Day,Day
A-47525,Source2,3,2016-07-08 18:17:42,2016-07-08 19:02:42,34.033359999999995,-118.170273,,,0.0,Accident on I-710 Southbound near Exits 20A 20B 20C CA-60. On the median.,E 3rd St,Los Angeles,Los Angeles,CA,90022,US,US/Pacific,KCQT,2016-07-08 18:47:00,73.0,,66.0,29.93,10.0,West,8.1,,Clear,False,False,False,False,False,False,False,False,False,False,False,False,False,Day,Day,Day,Day
A-47526,Source2,3,2016-07-08 18:28:22,2016-07-08 19:13:22,34.03553400000001,-118.169891,,,0.0,Right hand shoulder blocked due to accident on I-710 Southbound near Exits 20A 20B 20C CA-60.,Pomona Fwy E,Los Angeles,Los Angeles,CA,90022,US,US/Pacific,KCQT,2016-07-08 18:47:00,73.0,,66.0,29.93,10.0,West,8.1,,Clear,False,False,False,False,False,False,False,False,False,False,False,False,False,Day,Day,Day,Day
A-47539,Source2,2,2016-07-08 18:32:04,2016-07-08 19:17:04,34.152218,-118.282593,,,0.0,Right hand shoulder blocked due to accident on CA-134 Eastbound near Exit 5B I-5.,CA-134 E,Los Angeles,Los Angeles,CA,90027,US,US/Pacific,KCQT,2016-07-08 18:47:00,73.0,,66.0,29.93,10.0,West,8.1,,Clear,False,False,False,False,False,False,False,False,False,False,False,False,False,Day,Day,Day,Day
A-47544,Source2,3,2016-07-08 18:37:54,2016-07-08 19:22:54,33.993713,-118.143578,,,0.0,Shoulder blocked on entry ramp due to accident on I-5 Southbound at Exit 128B Washington Blvd.,Santa Ana Fwy S,Los Angeles,Los Angeles,CA,90040,US,US/Pacific,KCQT,2016-07-08 18:47:00,73.0,,66.0,29.93,10.0,West,8.1,,Clear,False,False,False,False,False,False,False,False,False,False,False,False,False,Day,Day,Day,Day
A-47551,Source2,2,2016-07-08 19:17:32,2016-07-08 20:02:32,34.023952,-118.192284,,,0.0,Accident on Indiana St near Whittier Blvd.,S Indiana St,Los Angeles,Los Angeles,CA,90023-2323,US,US/Pacific,KCQT,2016-07-08 18:47:00,73.0,,66.0,29.93,10.0,West,8.1,,Clear,False,False,False,False,False,False,False,False,False,False,False,True,False,Day,Day,Day,Day
A-47554,Source2,2,2016-07-08 19:22:45,2016-07-08 20:07:45,33.919266,-118.300385,,,0.0,Accident on 125th St near Normandie Ave.,S Normandie Ave,Los Angeles,Los Angeles,CA,90044-1036,US,US/Pacific,KHHR,2016-07-08 18:53:00,70.0,,73.0,29.94,10.0,WNW,8.1,,Clear,False,False,False,False,False,False,False,False,False,True,False,False,False,Day,Day,Day,Day
A-47560,Source2,3,2016-07-08 19:28:46,2016-07-08 20:13:46,34.031658,-118.274475,,,0.0,Right hand shoulder blocked due to accident on I-110 Northbound near Exit 21 I-10.,Harbor Fwy N,Los Angeles,Los Angeles,CA,90007,US,US/Pacific,KCQT,2016-07-08 19:47:00,70.0,,71.0,29.93,10.0,West,5.8,,Clear,False,False,False,False,False,False,False,False,False,False,False,False,False,Day,Day,Day,Day
A-47561,Source2,2,2016-07-08 19:34:42,2016-07-08 20:19:42,34.068687,-118.26323700000002,,,0.0,Accident on Temple St near Union Ave.,N Union Ave,Los Angeles,Los Angeles,CA,90026-5412,US,US/Pacific,KCQT,2016-07-08 19:47:00,70.0,,71.0,29.93,10.0,West,5.8,,Clear,False,False,False,False,False,False,False,False,True,False,False,False,False,Day,Day,Day,Day
A-47562,Source2,2,2016-07-08 19:35:38,2016-07-08 20:20:38,34.062588,-118.248718,,,0.0,Right hand shoulder blocked due to accident on US-101 Northbound near Exits 3 3A 3B CA-110.,CA-110 N,Los Angeles,Los Angeles,CA,90012,US,US/Pacific,KCQT,2016-07-08 19:47:00,70.0,,71.0,29.93,10.0,West,5.8,,Clear,False,False,False,False,False,False,False,False,False,False,False,False,False,Day,Day,Day,Day
A-47582,Source2,3,2016-07-08 19:47:32,2016-07-08 20:32:32,34.055695,-118.451965,,,0.0,Accident on I-405 Southbound near Exits 55B 55C Wilshire Blvd.,I-405 N,Los Angeles,Los Angeles,CA,90025,US,US/Pacific,KSMO,2016-07-08 19:51:00,68.0,,78.0,29.94,10.0,SSW,6.9,,Clear,False,False,False,False,False,False,False,False,False,False,False,False,False,Day,Day,Day,Day
A-47583,Source2,3,2016-07-08 19:46:45,2016-07-08 20:31:45,34.027538,-118.43013,,,0.0,Right hand shoulder blocked due to accident on I-405 Northbound near Exits 53 53A 53B I-10.,I-405 N,Los Angeles,Los Angeles,CA,90064,US,US/Pacific,KSMO,2016-07-08 19:51:00,68.0,,78.0,29.94,10.0,SSW,6.9,,Clear,False,False,False,False,True,False,False,False,False,False,False,False,False,Day,Day,Day,Day
A-47584,Source2,2,2016-07-08 19:50:31,2016-07-08 20:20:31,34.077187,-118.28133400000002,,,0.0,One lane blocked due to accident on US-101 Northbound near Exit 5B Silver Lake Blvd.,CA-2 W,Los Angeles,Los Angeles,CA,90026,US,US/Pacific,KCQT,2016-07-08 19:47:00,70.0,,71.0,29.93,10.0,West,5.8,,Clear,False,False,False,False,False,False,False,False,False,False,False,False,False,Day,Day,Day,Day
A-47585,Source2,3,2016-07-08 20:01:22,2016-07-08 20:46:22,34.037354,-118.219757,,,0.0,Slow lane blocked due to accident on I-5 I-10 Northbound near Exits 134A 134B 134C US-101.,I-5 N,Los Angeles,Los Angeles,CA,90023,US,US/Pacific,KCQT,2016-07-08 19:47:00,70.0,,71.0,29.93,10.0,West,5.8,,Clear,False,False,False,False,False,False,False,False,False,False,False,False,False,Day,Day,Day,Day
A-47598,Source2,3,2016-07-08 20:01:53,2016-07-08 21:01:53,34.113232,-118.266403,,,0.0,Accident on I-5 Northbound at Exits 140 140B Glendale Blvd.,I-5 N,Los Angeles,Los Angeles,CA,90027,US,US/Pacific,KCQT,2016-07-08 19:47:00,70.0,,71.0,29.93,10.0,West,5.8,,Clear,False,False,False,False,False,False,False,False,False,False,False,False,False,Day,Day,Day,Day
A-47604,Source2,2,2016-07-08 20:23:27,2016-07-08 21:08:27,34.087326000000004,-118.474663,,,0.0,Accident on Sepulveda Blvd Northbound at Bel Ter.,N Sepulveda Blvd,Los Angeles,Los Angeles,CA,90049-2151,US,US/Pacific,KSMO,2016-07-08 20:51:00,66.0,,84.0,29.95,10.0,SSW,4.6,,Clear,False,False,False,False,False,False,False,False,False,False,False,False,False,Night,Day,Day,Day
A-47606,Source2,2,2016-07-08 20:23:45,2016-07-08 21:38:45,33.928566,-118.289154,,,0.0,Accident on I-105 Eastbound near Exits 7A 7B I-110.,I-105 E,Los Angeles,Los Angeles,CA,90044,US,US/Pacific,KHHR,2016-07-08 19:53:00,66.9,,81.0,29.94,10.0,West,8.1,,Clear,False,False,False,False,False,False,True,False,False,False,False,False,False,Night,Day,Day,Day
A-47634,Source2,2,2016-07-08 21:43:34,2016-07-08 22:13:34,34.093231,-118.206215,,,0.0,Accident on CA-110 Northbound at Exit 27 Avenue 43.,E Avenue 43,Los Angeles,Los Angeles,CA,90031,US,US/Pacific,KCQT,2016-07-08 21:47:00,64.9,,84.0,29.97,10.0,Calm,,,Clear,False,False,False,False,False,False,False,False,False,False,False,False,False,Night,Night,Night,Day
A-47635,Source2,2,2016-07-08 21:51:26,2016-07-08 22:21:26,34.010796,-118.158852,,,0.0,Accident on Atlantic Blvd at Telegraph Rd.,S Atlantic Blvd,Los Angeles,Los Angeles,CA,90022,US,US/Pacific,KCQT,2016-07-08 21:47:00,64.9,,84.0,29.97,10.0,Calm,,,Clear,False,False,False,False,False,False,False,False,False,False,False,True,False,Night,Night,Night,Night
A-47648,Source2,3,2016-07-08 22:22:59,2016-07-08 22:52:59,34.012234,-118.418549,,,0.0,Accident on I-405 Southbound at Exits 53 53A 53B I-10.,San Diego Fwy S,Los Angeles,Los Angeles,CA,90066,US,US/Pacific,KSMO,2016-07-08 22:27:00,66.0,,84.0,29.98,10.0,SSE,3.5,,Mostly Cloudy,False,False,False,False,False,False,False,False,False,False,False,False,False,Night,Night,Night,Night
A-47654,Source2,2,2016-07-08 22:59:14,2016-07-08 23:29:14,34.020927,-118.192276,,,0.0,Accident on Indiana St at 7th St.,S Indiana St,Los Angeles,Los Angeles,CA,90023-2325,US,US/Pacific,KCQT,2016-07-08 22:47:00,64.9,,87.0,29.97,10.0,Calm,,,Clear,False,False,False,False,False,False,False,False,False,False,False,False,False,Night,Night,Night,Night
A-47657,Source2,2,2016-07-08 23:31:43,2016-07-09 00:16:43,34.106753999999995,-118.18734,,,0.0,Accident on CA-110 at Exit 29 Avenue 60.,Pasadena Fwy S,Los Angeles,Los Angeles,CA,90042,US,US/Pacific,KCQT,2016-07-08 23:47:00,64.9,,87.0,29.98,10.0,Calm,,,Clear,False,False,False,False,False,False,False,False,False,False,False,False,False,Night,Night,Night,Night
A-47658,Source2,2,2016-07-08 23:52:22,2016-07-09 00:37:22,34.111134,-118.180359,,,0.0,Accident on CA-110 Southbound at Exit 30A Marmion Way.,CA-110 N,Los Angeles,Los Angeles,CA,90042,US,US/Pacific,KCQT,2016-07-08 23:47:00,64.9,,87.0,29.98,10.0,Calm,,,Clear,False,False,False,False,False,False,False,False,False,False,False,False,False,Night,Night,Night,Night
A-47661,Source2,2,2016-07-09 00:24:27,2016-07-09 01:09:27,34.155045,-118.310867,,,0.0,Accident on CA-134 Westbound at Exit 4 Forest Lawn Dr.,Forest Lawn Dr,Los Angeles,Los Angeles,CA,90027,US,US/Pacific,KCQT,2016-07-09 00:47:00,64.9,,84.0,29.98,10.0,Calm,,,Clear,False,False,False,False,False,False,False,False,False,False,False,False,False,Night,Night,Night,Night
A-47668,Source2,3,2016-07-09 00:51:35,2016-07-09 01:36:35,34.037040999999995,-118.291573,,,0.0,Accident on I-10 Eastbound at Exit 11 Vermont Ave.,S Vermont Ave,Los Angeles,Los Angeles,CA,90007-1256,US,US/Pacific,KCQT,2016-07-09 00:47:00,64.9,,84.0,29.98,10.0,Calm,,,Clear,False,False,False,False,False,False,False,False,False,False,False,False,False,Night,Night,Night,Night
A-47669,Source2,2,2016-07-09 00:34:43,2016-07-09 01:19:43,34.068745,-118.236961,,,0.0,Accident on CA-110 Southbound at Exits 24B 24C 24D Stadium Way.,Pasadena Fwy S,Los Angeles,Los Angeles,CA,90012,US,US/Pacific,KCQT,2016-07-09 00:47:00,64.9,,84.0,29.98,10.0,Calm,,,Clear,False,False,False,False,False,False,False,False,False,False,False,False,False,Night,Night,Night,Night
A-47671,Source2,2,2016-07-09 00:56:33,2016-07-09 02:11:33,34.03595,-118.169861,,,0.0,Three lanes blocked and slow traffic due to accident on CA-60 Westbound at Exit 3B I-710.,Long Beach Fwy N,Los Angeles,Los Angeles,CA,90022,US,US/Pacific,KCQT,2016-07-09 00:47:00,64.9,,84.0,29.98,10.0,Calm,,,Clear,False,False,False,False,False,False,False,False,False,False,False,False,False,Night,Night,Night,Night
A-47676,Source2,3,2016-07-09 03:06:42,2016-07-09 03:51:42,34.088916999999995,-118.475456,,,0.0,#1 lane blocked due to accident on I-405 Southbound at Getty Center Dr.,San Diego Fwy S,Los Angeles,Los Angeles,CA,90049,US,US/Pacific,KSMO,2016-07-09 02:51:00,64.9,,84.0,29.98,10.0,Calm,,,Clear,False,False,False,False,False,False,False,False,False,False,False,False,False,Night,Night,Night,Night
A-47678,Source2,3,2016-07-09 03:07:32,2016-07-09 03:52:32,34.020306,-118.192268,,,0.0,#3 lane blocked due to accident on I-5 Northbound at Exits 131 131B Indiana St.,S Indiana St,Los Angeles,Los Angeles,CA,90023-2344,US,US/Pacific,KCQT,2016-07-09 02:47:00,64.0,,87.0,29.97,10.0,Calm,,,Clear,False,False,False,False,False,False,False,False,False,False,False,False,False,Night,Night,Night,Night
A-47686,Source2,2,2016-07-09 06:24:44,2016-07-09 07:09:44,33.989616,-118.363503,,,0.0,Accident on Fairfax Ave at Goldleaf Cir.,S Fairfax Ave,Los Angeles,Los Angeles,CA,90056-1264,US,US/Pacific,KLAX,2016-07-09 06:53:00,66.0,,84.0,30.02,7.0,WNW,5.8,,Mostly Cloudy,False,False,False,False,False,False,False,False,False,False,False,False,False,Day,Day,Day,Day
A-47690,Source2,2,2016-07-09 06:32:45,2016-07-09 07:02:45,34.121445,-118.229858,,,0.0,Slow lane blocked and right hand shoulder blocked due to accident on CA-2 Southbound at Exit 15 Verdugo Rd.,Glendale Fwy S,Los Angeles,Los Angeles,CA,90065,US,US/Pacific,KCQT,2016-07-09 06:47:00,64.9,,84.0,30.01,9.0,Calm,,,Partly Cloudy,False,False,False,False,False,False,False,False,False,False,False,False,False,Day,Day,Day,Day
A-47691,Source2,3,2016-07-09 08:10:39,2016-07-09 09:10:39,34.027458,-118.27449,,,0.0,Middle lane blocked due to accident on I-110 Northbound at Exit 20C Adams Blvd.,Harbor Fwy N,Los Angeles,Los Angeles,CA,90007,US,US/Pacific,KCQT,2016-07-09 07:47:00,66.9,,81.0,30.01,7.0,Calm,,,Mostly Cloudy,False,False,False,False,False,False,False,False,False,False,False,False,False,Day,Day,Day,Day
A-47696,Source2,3,2016-07-09 11:16:36,2016-07-09 12:16:36,34.07291,-118.466553,,,0.0,Accident on I-405 Southbound at Exits 57 57A Church Ln.,I-405 N,Los Angeles,Los Angeles,CA,90049,US,US/Pacific,KSMO,2016-07-09 10:51:00,73.0,,68.0,30.03,10.0,SW,6.9,,Clear,False,False,False,False,False,False,False,False,False,False,False,False,False,Day,Day,Day,Day
A-47699,Source2,3,2016-07-09 13:04:20,2016-07-09 14:04:20,34.055431,-118.214241,,,0.0,Accident on I-5 I-10 Eastbound at Exit 19A San Bernardino Fwy.,I-5 S,Los Angeles,Los Angeles,CA,90033,US,US/Pacific,KCQT,2016-07-09 12:47:00,84.0,,47.0,29.99,10.0,Variable,3.5,,Clear,False,False,False,False,False,False,False,False,False,False,False,False,False,Day,Day,Day,Day
A-47700,Source2,2,2016-07-09 13:21:31,2016-07-09 14:21:31,34.033306,-118.185799,,,0.0,Right hand shoulder blocked due to accident on 3rd St near Eastman Ave.,E 3rd St,Los Angeles,Los Angeles,CA,90063-2404,US,US/Pacific,KCQT,2016-07-09 13:47:00,77.0,,62.0,30.0,10.0,Variable,3.5,,Clear,False,False,False,False,False,False,False,False,False,False,False,False,False,Day,Day,Day,Day
A-47707,Source2,2,2016-07-09 14:54:01,2016-07-09 15:54:01,34.103172,-118.249969,,,0.0,Accident on CA-2 Southbound at Exit 13 I-5.,CA-2 S,Los Angeles,Los Angeles,CA,90039,US,US/Pacific,KCQT,2016-07-09 14:47:00,78.1,,60.0,29.99,10.0,Variable,3.5,,Clear,False,False,False,False,False,False,False,False,False,False,False,False,False,Day,Day,Day,Day
A-47709,Source2,3,2016-07-09 14:54:42,2016-07-09 15:54:42,34.060116,-118.21501200000002,,,0.0,At least 1 lane blocked due to accident on I-5 I-10 Southbound at Exit 135C San Bernardino Fwy.,N Mission Rd,Los Angeles,Los Angeles,CA,90033,US,US/Pacific,KCQT,2016-07-09 14:47:00,78.1,,60.0,29.99,10.0,Variable,3.5,,Clear,False,False,False,False,False,False,False,False,False,False,False,False,False,Day,Day,Day,Day
A-47719,Source2,2,2016-07-09 17:21:20,2016-07-09 18:06:20,34.091564,-118.258385,,,0.0,Accident on CA-2 Glendale Blvd Southbound near CA-2 Glendale Blvd.,CA-2 S,Los Angeles,Los Angeles,CA,90039,US,US/Pacific,KCQT,2016-07-09 17:47:00,77.0,,60.0,29.94,10.0,Variable,5.8,,Clear,False,False,False,False,False,False,False,False,False,False,False,False,False,Day,Day,Day,Day
A-47726,Source2,3,2016-07-09 20:42:43,2016-07-09 21:12:43,34.065338,-118.243378,,,0.0,Delays due to multi-vehicle accident on CA-110 Northbound at W College St.,Pasadena Fwy S,Los Angeles,Los Angeles,CA,90012,US,US/Pacific,KCQT,2016-07-09 20:47:00,69.1,,75.0,29.95,10.0,Calm,,,Clear,False,False,False,False,False,False,False,False,False,False,False,False,False,Night,Night,Day,Day
A-47741,Source2,2,2016-07-10 02:06:30,2016-07-10 03:06:30,33.938206,-118.304672,,,0.0,Accident on 108th St at Denker Ave.,S Denker Ave,Los Angeles,Los Angeles,CA,90047-4939,US,US/Pacific,KHHR,2016-07-10 01:53:00,66.9,,84.0,29.97,10.0,Calm,,,Clear,False,False,False,False,False,False,False,False,False,False,False,False,False,Night,Night,Night,Night
A-47742,Source2,2,2016-07-10 02:07:53,2016-07-10 03:07:53,34.071938,-118.266922,,,0.0,Slow traffic and right hand shoulder blocked due to accident on US-101 Southbound at Exit 4B CA-2 Alvarado St.,N Alvarado St,Los Angeles,Los Angeles,CA,90026,US,US/Pacific,KCQT,2016-07-10 01:47:00,66.9,,84.0,29.96,10.0,Calm,,,Clear,False,False,False,False,False,False,False,False,True,False,False,False,False,Night,Night,Night,Night
A-47743,Source2,2,2016-07-10 02:23:45,2016-07-10 03:23:45,34.059158000000004,-118.245399,,,0.0,Accident on US-101 Northbound at Exits 3 3A 3B CA-110.,US-101 N,Los Angeles,Los Angeles,CA,90012,US,US/Pacific,KCQT,2016-07-10 02:47:00,66.0,,87.0,29.96,10.0,West,3.5,,Clear,False,False,False,False,True,False,False,False,False,False,False,False,False,Night,Night,Night,Night
A-47744,Source2,2,2016-07-10 02:15:02,2016-07-10 03:15:02,34.054077,-118.237862,,,0.0,Slow traffic and #1 lane blocked due to accident on US-101 Northbound at Exit 2C Alameda St.,N Alameda St,Los Angeles,Los Angeles,CA,90012,US,US/Pacific,KCQT,2016-07-10 01:47:00,66.9,,84.0,29.96,10.0,Calm,,,Clear,False,False,True,False,False,False,False,False,False,False,False,False,False,Night,Night,Night,Night
A-47747,Source2,3,2016-07-10 02:44:00,2016-07-10 03:29:00,34.037144,-118.300369,,,0.0,Accident on I-10 Westbound at Exit 12 Normandie Ave.,I-10 W,Los Angeles,Los Angeles,CA,90007,US,US/Pacific,KCQT,2016-07-10 02:47:00,66.0,,87.0,29.96,10.0,West,3.5,,Clear,False,False,False,False,False,False,False,False,False,False,False,False,False,Night,Night,Night,Night
A-47751,Source2,2,2016-07-10 03:08:52,2016-07-10 03:53:52,34.14666,-118.226379,,,0.0,Accident on CA-134 Eastbound at Exits 9A 9B CA-2.,CA-134 E,Los Angeles,Los Angeles,CA,90041,US,US/Pacific,KCQT,2016-07-10 03:22:00,66.0,,87.0,29.97,10.0,Calm,,,Mostly Cloudy,False,False,False,False,False,False,False,False,False,False,False,False,False,Night,Night,Night,Night
A-47754,Source2,2,2016-07-10 03:28:04,2016-07-10 04:43:04,34.107834000000004,-118.33078,,,0.0,Accident on US-101 Northbound at Exits 9A 9B Cahuenga Blvd.,US-101 S,Los Angeles,Los Angeles,CA,90068,US,US/Pacific,KBUR,2016-07-10 03:53:00,66.9,,79.0,29.94,10.0,ESE,3.5,,Clear,False,False,False,False,True,False,False,False,False,True,False,False,False,Night,Night,Night,Night
A-47756,Source2,2,2016-07-10 05:11:55,2016-07-10 06:11:55,34.079376,-118.291702,,,0.0,Right hand shoulder blocked due to accident on US-101 Southbound at Exit 6A Vermont Ave.,N Vermont Ave,Los Angeles,Los Angeles,CA,90004,US,US/Pacific,KCQT,2016-07-10 04:47:00,66.9,,84.0,29.96,10.0,Calm,,,Overcast,False,False,False,False,False,False,False,False,True,False,False,False,False,Night,Night,Day,Day
A-47761,Source2,3,2016-07-10 05:32:39,2016-07-10 06:47:39,34.095539,-118.244049,,,0.0,Right hand shoulder blocked due to accident on I-5 Southbound at Exit 138 Stadium Way.,Riverside Dr,Los Angeles,Los Angeles,CA,90031,US,US/Pacific,KCQT,2016-07-10 05:47:00,66.9,,84.0,29.96,7.0,SSE,4.6,,Overcast,False,False,False,False,False,False,False,False,False,False,False,False,False,Night,Day,Day,Day
A-47763,Source2,3,2016-07-10 06:18:06,2016-07-10 06:48:06,34.010239,-118.160057,,,0.0,Middle lane blocked due to accident on I-5 Southbound at Triggs St.,Santa Ana Fwy S,Los Angeles,Los Angeles,CA,90022,US,US/Pacific,KCQT,2016-07-10 06:47:00,66.9,,81.0,29.97,6.0,Calm,,,Haze,False,False,False,False,False,False,True,False,False,False,False,False,False,Day,Day,Day,Day
A-47765,Source2,3,2016-07-10 06:53:23,2016-07-10 07:23:23,33.928162,-118.238976,,,0.0,Right hand shoulder blocked due to accident on I-105 Eastbound at Exit 10 Wilmington Ave.,I-105 E,Los Angeles,Los Angeles,CA,90059,US,US/Pacific,KHHR,2016-07-10 06:53:00,68.0,,78.0,29.99,10.0,East,4.6,,Overcast,False,False,False,False,False,False,False,False,False,False,False,False,False,Day,Day,Day,Day
A-47766,Source2,2,2016-07-10 07:58:21,2016-07-10 08:43:21,33.93821,-118.303001,,,0.0,Accident on 108th St at Denker Ave.,W 108th St,Los Angeles,Los Angeles,CA,90047-4906,US,US/Pacific,KHHR,2016-07-10 07:53:00,68.0,,78.0,29.98,10.0,ESE,3.5,,Overcast,False,False,False,False,False,False,False,False,False,False,False,False,False,Day,Day,Day,Day
A-47767,Source2,3,2016-07-10 07:57:06,2016-07-10 08:57:06,34.060539,-118.215202,,,0.0,Two lanes blocked and slow traffic due to accident on I-5 I-10 Southbound at Exit 135C San Bernardino Fwy.,Golden State Fwy S,Los Angeles,Los Angeles,CA,90031,US,US/Pacific,KCQT,2016-07-10 07:47:00,68.0,,81.0,29.97,7.0,Calm,,,Overcast,False,False,False,False,False,False,False,False,False,False,False,False,False,Day,Day,Day,Day
A-47771,Source2,3,2016-07-10 09:32:16,2016-07-10 10:32:16,34.10561,-118.254356,,,0.0,Accident on I-5 Southbound at Exits 138 139 139A 139B CA-2.,I-5 S,Los Angeles,Los Angeles,CA,90039,US,US/Pacific,KCQT,2016-07-10 09:19:00,73.0,,68.0,29.97,9.0,Calm,,,Scattered Clouds,False,False,False,False,True,False,False,False,False,False,False,False,False,Day,Day,Day,Day
A-47775,Source2,2,2016-07-10 11:01:46,2016-07-10 12:01:46,34.045120000000004,-118.271172,,,0.0,#1 #2 #3 lane blocked due to accident on CA-110 Northbound at Exits 21 22A Blaine St.,CA-110 S,Los Angeles,Los Angeles,CA,90015,US,US/Pacific,KCQT,2016-07-10 10:47:00,79.0,,58.0,29.95,10.0,Variable,3.5,,Clear,False,False,False,False,True,False,False,False,False,False,False,False,False,Day,Day,Day,Day
A-47776,Source2,3,2016-07-10 11:31:29,2016-07-10 12:31:29,34.03014,-118.257339,,,0.0,Accident on I-10 Eastbound at Exit 14A 18th St.,I-10 E,Los Angeles,Los Angeles,CA,90015,US,US/Pacific,KCQT,2016-07-10 11:47:00,81.0,,54.0,29.93,10.0,Variable,3.5,,Clear,False,False,False,False,True,False,False,False,False,False,False,False,False,Day,Day,Day,Day
A-47777,Source2,2,2016-07-10 11:50:47,2016-07-10 12:50:47,34.079376,-118.291702,,,0.0,Right hand shoulder blocked due to accident on US-101 Southbound at Exit 6A Vermont Ave.,N Vermont Ave,Los Angeles,Los Angeles,CA,90004,US,US/Pacific,KCQT,2016-07-10 11:47:00,81.0,,54.0,29.93,10.0,Variable,3.5,,Clear,False,False,False,False,False,False,False,False,True,False,False,False,False,Day,Day,Day,Day
A-47779,Source2,2,2016-07-10 12:32:34,2016-07-10 13:32:34,34.044338,-118.27182,,,0.0,Accident on CA-110 Southbound at Exits 21 22A Blaine St.,W 12th St,Los Angeles,Los Angeles,CA,90015,US,US/Pacific,KCQT,2016-07-10 12:47:00,79.0,,56.0,29.91,10.0,Calm,,,Clear,False,False,False,False,False,False,False,False,False,False,False,False,False,Day,Day,Day,Day
A-47780,Source2,2,2016-07-10 13:05:27,2016-07-10 14:05:27,33.93383,-118.31016499999998,,,0.0,Accident on 111th St at Manhattan Pl.,W 111th St,Los Angeles,Los Angeles,CA,90047,US,US/Pacific,KHHR,2016-07-10 12:53:00,75.0,,62.0,29.94,10.0,WSW,9.2,,Clear,False,False,False,False,False,False,False,False,False,False,False,False,False,Day,Day,Day,Day
A-47782,Source2,3,2016-07-10 13:56:25,2016-07-10 14:56:25,33.928501000000004,-118.280426,,,0.0,Accident on I-110 Southbound after Exits 14A 14B I-105.,I-105 E,Los Angeles,Los Angeles,CA,90061,US,US/Pacific,KHHR,2016-07-10 13:53:00,77.0,,58.0,29.91,10.0,West,12.7,,Clear,False,False,False,False,True,False,True,False,True,False,False,False,False,Day,Day,Day,Day
A-47792,Source2,2,2016-07-10 16:29:26,2016-07-10 16:59:26,33.980415,-118.24118,,,0.0,Accident on 65th St near Holmes Ave.,Holmes Ave,Los Angeles,Los Angeles,CA,90001-2148,US,US/Pacific,KCQT,2016-07-10 16:47:00,75.9,,58.0,29.84,10.0,West,6.9,,Clear,False,False,False,False,False,False,False,False,False,False,False,False,False,Day,Day,Day,Day
A-47797,Source2,2,2016-07-10 17:46:13,2016-07-10 18:16:13,34.059071,-118.245293,,,0.0,Accident on CA-110 Northbound at Exit 24A US-101.,US-101 N,Los Angeles,Los Angeles,CA,90012,US,US/Pacific,KCQT,2016-07-10 17:47:00,75.9,,54.0,29.84,10.0,West,4.6,,Clear,False,False,False,False,True,False,False,False,False,False,False,False,False,Day,Day,Day,Day
A-47800,Source2,2,2016-07-10 18:19:55,2016-07-10 19:04:55,33.938835,-118.300293,,,0.0,Accident on 107th St at Normandie Ave.,S Normandie Ave,Los Angeles,Los Angeles,CA,90044-1616,US,US/Pacific,KHHR,2016-07-10 17:53:00,73.0,,64.0,29.85,10.0,West,10.4,,Clear,False,False,True,False,False,False,False,False,False,False,False,False,False,Day,Day,Day,Day
A-47801,Source2,3,2016-07-10 18:50:38,2016-07-10 19:20:38,34.096596000000005,-118.476944,,,0.0,RIGHT lane blocked due to accident on I-405 Southbound at Exit 59 Sepulveda Blvd.,I-405 N,Los Angeles,Los Angeles,CA,90049,US,US/Pacific,KSMO,2016-07-10 18:51:00,71.1,,68.0,29.85,10.0,SSW,8.1,,Clear,False,False,False,False,False,False,False,False,False,False,False,False,False,Day,Day,Day,Day
A-47803,Source2,2,2016-07-10 18:49:50,2016-07-10 19:19:50,34.107681,-118.186089,,,0.0,Accident on CA-110 Northbound at Exit 29 Avenue 60.,CA-110 N,Los Angeles,Los Angeles,CA,90042,US,US/Pacific,KCQT,2016-07-10 18:47:00,73.9,,57.0,29.84,10.0,Calm,,,Clear,False,False,False,False,False,False,False,False,False,False,False,False,False,Day,Day,Day,Day
A-47806,Source2,2,2016-07-10 19:55:44,2016-07-10 20:25:44,34.023289,-118.171051,,,0.0,Accident on Ford Blvd at CA-72 Whittier Blvd.,Whittier Blvd,Los Angeles,Los Angeles,CA,90022-1535,US,US/Pacific,KCQT,2016-07-10 19:47:00,72.0,,61.0,29.84,10.0,WNW,3.5,,Clear,False,False,False,False,False,False,False,False,False,False,False,False,False,Day,Day,Day,Day
A-47812,Source2,2,2016-07-11 00:16:03,2016-07-11 00:46:03,33.989323,-118.247742,,,0.0,Accident on Slauson Ave Eastbound at Compton Ave.,E Slauson Ave,Los Angeles,Los Angeles,CA,90011-5045,US,US/Pacific,KCQT,2016-07-11 00:47:00,66.0,,81.0,29.85,9.0,Calm,,,Clear,False,False,False,False,False,False,False,False,False,False,False,True,False,Night,Night,Night,Night
A-47814,Source2,3,2016-07-11 00:14:01,2016-07-11 00:44:01,34.01593,-118.173027,,,0.0,Accident on I-710 Northbound at Exits 18A 18B I-5.,Long Beach Fwy S,Los Angeles,Los Angeles,CA,90040,US,US/Pacific,KCQT,2016-07-11 00:47:00,66.0,,81.0,29.85,9.0,Calm,,,Clear,False,False,False,False,False,False,False,False,False,False,False,False,False,Night,Night,Night,Night
A-47819,Source2,2,2016-07-11 01:33:00,2016-07-11 02:33:00,34.054684,-118.257599,,,0.0,Lane blocked due to accident on CA-110 Southbound at Exit 23C-A Beaudry Ave.,CA-110 S,Los Angeles,Los Angeles,CA,90017,US,US/Pacific,KCQT,2016-07-11 01:47:00,66.0,,81.0,29.85,10.0,Calm,,,Clear,False,False,False,False,True,False,False,False,False,False,False,False,False,Night,Night,Night,Night
A-47821,Source2,2,2016-07-11 02:15:05,2016-07-11 03:15:05,34.101688,-118.316711,,,0.0,Lane blocked due to accident on US-101 Northbound at Exits 8A 8B Van Ness Ave.,Hollywood Blvd,Los Angeles,Los Angeles,CA,90028,US,US/Pacific,KCQT,2016-07-11 01:47:00,66.0,,81.0,29.85,10.0,Calm,,,Clear,False,False,False,False,False,False,False,False,True,False,False,False,False,Night,Night,Night,Night
A-47826,Source2,3,2016-07-11 04:29:15,2016-07-11 05:29:15,33.960133,-118.280518,,,0.0,Accident and vehicles spun around on I-110 Southbound at Exit 16 CA-42 Manchester Ave.,W Manchester Ave,Los Angeles,Los Angeles,CA,90003,US,US/Pacific,KHHR,2016-07-11 04:53:00,66.0,,81.0,29.87,10.0,SE,3.5,,Clear,False,False,True,False,False,False,False,False,True,True,False,False,False,Night,Night,Night,Day
A-47828,Source2,3,2016-07-11 04:55:46,2016-07-11 05:55:46,34.026478000000004,-118.234978,,,0.0,Lane blocked due to accident on I-10 Eastbound at Olympic Blvd.,E Olympic Blvd,Los Angeles,Los Angeles,CA,90021,US,US/Pacific,KCQT,2016-07-11 04:47:00,66.0,,84.0,29.86,10.0,Calm,,,Clear,False,False,False,False,False,False,False,False,False,False,False,False,False,Night,Night,Day,Day
A-47838,Source2,2,2016-07-11 06:00:05,2016-07-11 06:45:05,33.970802,-118.278297,,,0.0,Accident on Broadway both ways at 76th St.,S Broadway,Los Angeles,Los Angeles,CA,90003-2035,US,US/Pacific,KHHR,2016-07-11 05:53:00,66.9,,76.0,29.88,10.0,East,5.8,,Clear,False,False,True,False,False,False,False,False,False,False,False,True,False,Day,Day,Day,Day
A-47844,Source2,3,2016-07-11 05:08:15,2016-07-11 08:53:15,34.033356,-118.170227,,,0.0,Entry ramp closed due to earlier accident on I-710 Southbound at 3rd St.,E 3rd St,Los Angeles,Los Angeles,CA,90022,US,US/Pacific,KCQT,2016-07-11 05:20:00,66.0,,84.0,29.87,10.0,Calm,,,Mostly Cloudy,False,False,False,False,False,False,False,False,False,False,False,False,False,Night,Night,Day,Day
A-47854,Source2,3,2016-07-11 09:24:26,2016-07-11 09:54:26,34.050564,-118.214096,,,0.0,Slow traffic and connecting roadway blocked due to accident and fuel spillage on I-5 I-10 Westbound at US-101 N.,Golden State Fwy S,Los Angeles,Los Angeles,CA,90033,US,US/Pacific,KCQT,2016-07-11 09:47:00,72.0,,66.0,29.89,10.0,Calm,,,Mostly Cloudy,False,False,False,False,False,False,False,False,False,False,False,False,False,Day,Day,Day,Day
A-47859,Source2,3,2016-07-11 09:24:26,2016-07-11 10:39:26,34.050564,-118.214096,,,0.0,Slow traffic and connecting roadway blocked due to accident and fuel spillage on I-5 I-10 Westbound at I-5 S.,Golden State Fwy S,Los Angeles,Los Angeles,CA,90033,US,US/Pacific,KCQT,2016-07-11 09:47:00,72.0,,66.0,29.89,10.0,Calm,,,Mostly Cloudy,False,False,False,False,False,False,False,False,False,False,False,False,False,Day,Day,Day,Day
A-47875,Source2,2,2016-07-11 10:39:12,2016-07-11 11:24:12,34.101688,-118.316711,,,0.0,Gore point obstructed due to accident on US-101 Southbound at Exits 8A 8B Van Ness Ave.,Hollywood Blvd,Los Angeles,Los Angeles,CA,90028,US,US/Pacific,KCQT,2016-07-11 10:47:00,77.0,,58.0,29.88,10.0,Variable,4.6,,Clear,False,False,False,False,False,False,False,False,True,False,False,False,False,Day,Day,Day,Day
A-47894,Source2,2,2016-07-11 11:11:37,2016-07-11 11:47:00,33.998135,-118.369484,,,0.0,Accident and fuel spillage on La Cienega Blvd both ways at Stocker St.,Stocker St,Los Angeles,Los Angeles,CA,90056,US,US/Pacific,KLAX,2016-07-11 10:53:00,75.9,,56.0,29.9,8.0,Variable,6.9,,Partly Cloudy,False,False,False,False,False,False,False,False,False,False,False,True,False,Day,Day,Day,Day
A-47910,Source2,3,2016-07-11 12:18:20,2016-07-11 13:00:00,33.928940000000004,-118.280708,,,0.0,Accident on I-105 Westbound at Exits 7A 7B I-110.,I-105 W,Los Angeles,Los Angeles,CA,90061,US,US/Pacific,KHHR,2016-07-11 11:53:00,77.0,,52.0,29.89,10.0,Variable,4.6,,Clear,False,False,False,False,False,False,False,False,False,False,False,False,False,Day,Day,Day,Day
A-47912,Source2,2,2016-07-11 12:20:01,2016-07-11 13:03:00,34.094757,-118.205978,,,0.0,Right hand shoulder blocked due to accident on CA-110 Southbound at Exit 27 Avenue 43.,Pasadena Fwy S,Los Angeles,Los Angeles,CA,90031,US,US/Pacific,KCQT,2016-07-11 12:47:00,81.0,,50.0,29.86,10.0,Variable,3.5,,Clear,False,False,False,False,True,False,False,False,False,False,False,False,False,Day,Day,Day,Day
A-47918,Source2,3,2016-07-11 12:46:46,2016-07-11 13:28:00,34.034149,-118.350067,,,0.0,Right hand shoulder blocked due to accident on I-10 Westbound at Exit 8 La Brea Ave.,S La Brea Ave,Los Angeles,Los Angeles,CA,90016,US,US/Pacific,KSMO,2016-07-11 12:51:00,73.9,,64.0,29.89,10.0,SW,10.4,,Clear,False,False,False,False,True,False,False,False,False,False,False,False,False,Day,Day,Day,Day
A-47925,Source2,3,2016-07-11 13:06:07,2016-07-11 13:51:07,34.034954,-118.33371,,,0.0,One lane blocked due to accident on I-10 Eastbound near Exit 9 Crenshaw Blvd.,I-10 E,Los Angeles,Los Angeles,CA,90016,US,US/Pacific,KSMO,2016-07-11 12:51:00,73.9,,64.0,29.89,10.0,SW,10.4,,Clear,False,False,False,False,False,False,False,False,False,False,False,False,False,Day,Day,Day,Day
A-47926,Source2,2,2016-07-11 13:09:53,2016-07-11 13:54:53,33.95187,-118.291893,,,0.0,Accident on Vermont Ave near 93rd St.,S Vermont Ave,Los Angeles,Los Angeles,CA,90044-3323,US,US/Pacific,KHHR,2016-07-11 12:53:00,79.0,,52.0,29.88,10.0,West,11.5,,Clear,False,False,False,False,False,False,False,False,False,False,False,False,False,Day,Day,Day,Day
A-47932,Source2,3,2016-07-11 13:31:56,2016-07-11 14:16:56,34.031689,-118.418961,,,0.0,Right hand shoulder blocked due to accident on I-10 Eastbound near Exit 4 Overland Ave.,I-10 E,Los Angeles,Los Angeles,CA,90064,US,US/Pacific,KSMO,2016-07-11 13:51:00,73.9,,62.0,29.88,10.0,SW,11.5,,Clear,False,False,False,False,False,False,False,False,False,False,False,False,False,Day,Day,Day,Day
A-47934,Source2,2,2016-07-11 13:40:38,2016-07-11 14:25:38,34.033287,-118.169144,,,0.0,Accident on 3rd St near Ford Blvd.,S Ford Blvd,Los Angeles,Los Angeles,CA,90022-1805,US,US/Pacific,KCQT,2016-07-11 13:47:00,80.1,,52.0,29.85,10.0,Variable,5.8,,Clear,False,False,True,False,False,False,True,False,False,False,False,True,False,Day,Day,Day,Day
A-47946,Source2,3,2016-07-11 14:36:54,2016-07-11 15:21:54,34.111996000000005,-118.265465,,,0.0,Accident on I-5 Southbound near Exits 140 140B Glendale Blvd. On the median.,Glendale Blvd,Los Angeles,Los Angeles,CA,90039,US,US/Pacific,KCQT,2016-07-11 14:47:00,77.0,,56.0,29.84,10.0,Variable,4.6,,Clear,False,False,False,False,False,False,False,False,True,False,False,True,False,Day,Day,Day,Day
A-47947,Source2,3,2016-07-11 14:39:29,2016-07-11 15:24:29,34.015575,-118.172272,,,0.0,Right hand shoulder blocked due to accident on I-710 Northbound near Exits 18A 18B I-5.,Long Beach Fwy N,Los Angeles,Los Angeles,CA,90040,US,US/Pacific,KCQT,2016-07-11 14:47:00,77.0,,56.0,29.84,10.0,Variable,4.6,,Clear,False,False,False,False,False,False,False,False,False,False,False,False,False,Day,Day,Day,Day
A-47950,Source2,3,2016-07-11 14:49:06,2016-07-11 15:34:06,33.974655,-118.280609,,,0.0,Accident on I-110 Northbound near Exit 17 Grand Ave.,W Florence Ave,Los Angeles,Los Angeles,CA,90003-1850,US,US/Pacific,KHHR,2016-07-11 14:53:00,77.0,,54.0,29.86,2.0,WSW,11.5,,Haze,False,False,False,False,False,False,False,False,False,False,False,False,False,Day,Day,Day,Day
A-47953,Source2,3,2016-07-11 15:14:02,2016-07-11 15:59:02,33.971848,-118.377823,,,0.0,Accident on I-405 Northbound near Exits 48 49A La Tijera Blvd.,I-405 N,Los Angeles,Los Angeles,CA,90045,US,US/Pacific,KLAX,2016-07-11 14:53:00,75.0,,57.0,29.86,10.0,West,13.8,,Clear,False,False,False,False,False,False,False,False,False,False,False,False,False,Day,Day,Day,Day
A-47961,Source2,3,2016-07-11 15:30:32,2016-07-11 16:15:32,34.105339,-118.254089,,,0.0,Accident on I-5 Northbound near Exits 138 139 139A 139B CA-2. On the median.,Golden State Fwy S,Los Angeles,Los Angeles,CA,90039,US,US/Pacific,KCQT,2016-07-11 15:47:00,78.1,,54.0,29.83,10.0,North,,,Clear,False,False,False,False,False,False,False,False,False,False,False,False,False,Day,Day,Day,Day
A-47962,Source2,2,2016-07-11 15:31:28,2016-07-11 16:16:28,34.0872,-118.234116,,,0.0,One lane blocked and right hand shoulder blocked due to accident on I-5 Northbound near Exit 137B CA-110.,I-5 N,Los Angeles,Los Angeles,CA,90031,US,US/Pacific,KCQT,2016-07-11 15:47:00,78.1,,54.0,29.83,10.0,North,,,Clear,False,False,False,False,False,False,False,False,False,False,False,False,False,Day,Day,Day,Day
A-47966,Source2,2,2016-07-11 15:52:27,2016-07-11 16:37:27,33.957024,-118.230896,,,0.0,Accident on Alameda St near 88th St.,S Alameda St,Los Angeles,Los Angeles,CA,90002-1543,US,US/Pacific,KHHR,2016-07-11 15:53:00,75.9,,56.0,29.84,10.0,West,11.5,,Clear,False,False,False,False,False,False,False,False,False,False,False,False,False,Day,Day,Day,Day
A-47976,Source2,3,2016-07-11 16:45:30,2016-07-11 17:30:30,34.054516,-118.202995,,,0.0,One lane blocked due to accident on I-10 Westbound near Exit 19C San Bernardino Fwy.,San Bernardino Fwy W,Los Angeles,Los Angeles,CA,90033,US,US/Pacific,KCQT,2016-07-11 16:47:00,77.0,,56.0,29.82,10.0,Calm,,,Clear,False,False,True,False,False,False,False,False,True,False,False,True,False,Day,Day,Day,Day
A-47982,Source2,3,2016-07-11 16:56:49,2016-07-11 17:41:49,34.017162,-118.175362,,,0.0,One lane blocked due to accident on I-5 Southbound near Exits 130B 130C I-710.,Santa Ana Fwy S,Los Angeles,Los Angeles,CA,90023,US,US/Pacific,KCQT,2016-07-11 16:47:00,77.0,,56.0,29.82,10.0,Calm,,,Clear,False,False,False,False,False,False,False,False,False,False,False,False,False,Day,Day,Day,Day
A-47995,Source2,2,2016-07-11 17:45:09,2016-07-11 18:30:09,34.040039,-118.28521,,,0.0,Accident on Washington Blvd near Arapahoe St.,W Washington Blvd,Los Angeles,Los Angeles,CA,90007-1234,US,US/Pacific,KCQT,2016-07-11 17:47:00,78.1,,58.0,29.81,10.0,West,4.6,,Clear,False,False,False,False,False,False,False,False,False,False,False,False,False,Day,Day,Day,Day
A-47999,Source2,3,2016-07-11 18:00:06,2016-07-11 18:45:06,34.055695,-118.451965,,,0.0,HOV lane blocked due to accident on I-405 Southbound near Exits 55B 55C Wilshire Blvd.,I-405 N,Los Angeles,Los Angeles,CA,90025,US,US/Pacific,KSMO,2016-07-11 17:51:00,73.9,,68.0,29.83,10.0,WSW,9.2,,Clear,False,False,False,False,False,False,False,False,False,False,False,False,False,Day,Day,Day,Day
A-48004,Source2,3,2016-07-11 18:12:28,2016-07-11 18:57:28,34.054516,-118.202995,,,0.0,Right hand shoulder blocked due to accident on I-10 Westbound near Exit 19C San Bernardino Fwy.,San Bernardino Fwy W,Los Angeles,Los Angeles,CA,90033,US,US/Pacific,KCQT,2016-07-11 17:47:00,78.1,,58.0,29.81,10.0,West,4.6,,Clear,False,False,True,False,False,False,False,False,True,False,False,True,False,Day,Day,Day,Day
A-48016,Source2,3,2016-07-11 18:36:01,2016-07-11 19:21:01,33.928242,-118.254272,,,0.0,Right hand shoulder blocked due to accident on I-105 Westbound near Exit 9 Central Ave.,I-105 W,Los Angeles,Los Angeles,CA,90059,US,US/Pacific,KHHR,2016-07-11 18:53:00,73.0,,68.0,29.84,10.0,WSW,10.4,,Clear,False,False,False,False,False,False,False,False,False,False,False,False,False,Day,Day,Day,Day
A-48030,Source2,2,2016-07-11 19:17:03,2016-07-11 20:02:03,34.128654,-118.34703799999998,,,0.0,Right hand shoulder blocked due to accident on US-101 Southbound near Exits 11 11B Cahuenga Blvd.,Barham Blvd,Los Angeles,Los Angeles,CA,90068,US,US/Pacific,KBUR,2016-07-11 18:53:00,78.1,,48.0,29.79,10.0,South,12.7,,Clear,False,False,False,False,True,False,False,False,False,False,False,True,False,Day,Day,Day,Day
A-48032,Source2,3,2016-07-11 19:12:59,2016-07-11 19:57:59,34.037997999999995,-118.276451,,,0.0,Accident on I-10 Eastbound near Exits 12 13B I-110. On the median.,I-10 E,Los Angeles,Los Angeles,CA,90015,US,US/Pacific,KCQT,2016-07-11 18:47:00,75.0,,62.0,29.82,10.0,Variable,3.5,,Clear,False,False,False,False,True,False,False,False,False,False,False,False,False,Day,Day,Day,Day
A-48050,Source2,2,2016-07-11 19:50:31,2016-07-11 20:35:31,34.04797,-118.266563,,,0.0,Accident on CA-110 Southbound near Exit 22B James M Wood Blvd.,CA-110 S,Los Angeles,Los Angeles,CA,90017,US,US/Pacific,KCQT,2016-07-11 19:47:00,73.0,,64.0,29.83,10.0,West,5.8,,Clear,False,False,False,False,False,False,False,False,False,False,False,False,False,Day,Day,Day,Day
A-48056,Source2,2,2016-07-11 19:57:58,2016-07-11 20:42:58,34.069817,-118.261299,,,0.0,Right hand shoulder blocked due to accident on US-101 Southbound near Exit 4A Palo Alto St.,US-101 N,Los Angeles,Los Angeles,CA,90026,US,US/Pacific,KCQT,2016-07-11 19:47:00,73.0,,64.0,29.83,10.0,West,5.8,,Clear,False,False,False,False,False,False,False,False,False,False,False,False,False,Day,Day,Day,Day
A-48066,Source2,2,2016-07-11 20:28:55,2016-07-11 21:13:55,33.987823,-118.369835,,,0.0,Accident on La Cienega Blvd near Slauson Ave.,W Slauson Ave,Los Angeles,Los Angeles,CA,90056-1652,US,US/Pacific,KLAX,2016-07-11 20:53:00,68.0,,78.0,29.86,9.0,West,10.4,,Clear,False,False,True,False,False,False,False,False,False,False,False,True,False,Night,Day,Day,Day
A-48068,Source2,3,2016-07-11 20:28:29,2016-07-11 21:13:29,34.010239,-118.160057,,,0.0,Right hand shoulder blocked due to accident on I-5 Southbound near Exit 130A Telegraph Rd.,Santa Ana Fwy S,Los Angeles,Los Angeles,CA,90022,US,US/Pacific,KCQT,2016-07-11 20:47:00,71.1,,68.0,29.85,10.0,Calm,,,Clear,False,False,False,False,False,False,True,False,False,False,False,False,False,Night,Day,Day,Day
A-48077,Source2,3,2016-07-11 20:44:42,2016-07-11 21:29:42,33.928940000000004,-118.280708,,,0.0,Right hand shoulder blocked due to accident on I-105 Westbound near Exits 7A 7B I-110.,I-105 W,Los Angeles,Los Angeles,CA,90061,US,US/Pacific,KHHR,2016-07-11 20:53:00,69.1,,78.0,29.86,10.0,WNW,4.6,,Clear,False,False,False,False,False,False,False,False,False,False,False,False,False,Night,Night,Day,Day
A-48078,Source2,2,2016-07-11 20:32:49,2016-07-11 21:17:49,33.909145,-118.265305,,,0.0,Right lane blocked due to accident on Avalon Blvd near 135th St.,E 135th St,Los Angeles,Los Angeles,CA,90059-3547,US,US/Pacific,KHHR,2016-07-11 20:53:00,69.1,,78.0,29.86,10.0,WNW,4.6,,Clear,False,False,False,False,False,False,False,False,False,False,False,False,False,Night,Day,Day,Day
A-48083,Source2,3,2016-07-11 20:49:41,2016-07-11 21:34:41,34.017162,-118.175362,,,0.0,Right hand shoulder blocked due to accident on I-5 Southbound near Exits 130B 130C I-710.,Santa Ana Fwy S,Los Angeles,Los Angeles,CA,90023,US,US/Pacific,KCQT,2016-07-11 20:47:00,71.1,,68.0,29.85,10.0,Calm,,,Clear,False,False,False,False,False,False,False,False,False,False,False,False,False,Night,Night,Day,Day
A-48084,Source2,2,2016-07-11 20:48:57,2016-07-11 21:33:57,34.011387,-118.1605,,,0.0,Accident on Woods Ave near Telegraph Rd.,Telegraph Rd,Los Angeles,Los Angeles,CA,90022-4923,US,US/Pacific,KCQT,2016-07-11 20:47:00,71.1,,68.0,29.85,10.0,Calm,,,Clear,False,False,False,False,False,False,False,False,False,False,False,True,False,Night,Night,Day,Day
A-48096,Source2,2,2016-07-11 21:12:52,2016-07-11 21:57:52,34.01289000000001,-118.17894,,,0.0,Accident on Sunol Dr near Dunham St.,Dunham St,Los Angeles,Los Angeles,CA,90023-4113,US,US/Pacific,KCQT,2016-07-11 20:47:00,71.1,,68.0,29.85,10.0,Calm,,,Clear,False,False,False,False,False,False,False,False,False,False,False,False,False,Night,Night,Night,Day
A-48102,Source2,2,2016-07-11 21:30:48,2016-07-11 22:15:48,34.069817,-118.261299,,,0.0,Accident on US-101 Southbound at Glendale Blvd.,US-101 N,Los Angeles,Los Angeles,CA,90026,US,US/Pacific,KCQT,2016-07-11 21:47:00,69.1,,73.0,29.87,10.0,Calm,,,Clear,False,False,False,False,False,False,False,False,False,False,False,False,False,Night,Night,Night,Day
A-48115,Source2,2,2016-07-11 21:55:59,2016-07-11 22:40:59,34.020171999999995,-118.156212,,,0.0,Accident on CA-72 Whittier Blvd near Amalia Ave.,Amalia Ave,Los Angeles,Los Angeles,CA,90022-3201,US,US/Pacific,KCQT,2016-07-11 21:47:00,69.1,,73.0,29.87,10.0,Calm,,,Clear,False,False,False,False,False,False,False,False,False,False,False,False,False,Night,Night,Night,Night
A-48117,Source2,3,2016-07-11 22:13:36,2016-07-11 22:58:36,33.928940000000004,-118.280708,,,0.0,Lane blocked due to accident on I-105 Westbound at Exits 7A 7B I-110.,I-105 W,Los Angeles,Los Angeles,CA,90061,US,US/Pacific,KHHR,2016-07-11 21:53:00,69.1,,75.0,29.88,10.0,West,5.8,,Clear,False,False,False,False,False,False,False,False,False,False,False,False,False,Night,Night,Night,Night
A-48119,Source2,2,2016-07-11 22:11:35,2016-07-11 22:56:35,34.031998,-118.192307,,,0.0,Accident on CA-60 Westbound at Exit 2 Indiana St.,S Indiana St,Los Angeles,Los Angeles,CA,90063-3909,US,US/Pacific,KCQT,2016-07-11 21:47:00,69.1,,73.0,29.87,10.0,Calm,,,Clear,False,False,False,False,False,False,False,False,False,False,False,False,False,Night,Night,Night,Night
A-48123,Source2,2,2016-07-11 22:22:55,2016-07-11 23:07:55,34.036354,-118.178627,,,0.0,Accident on Sunol Dr at 1st St.,N Sunol Dr,Los Angeles,Los Angeles,CA,90063-1429,US,US/Pacific,KCQT,2016-07-11 22:47:00,68.0,,73.0,29.88,10.0,Calm,,,Clear,False,False,False,False,False,False,False,False,False,False,False,True,False,Night,Night,Night,Night
A-48126,Source2,3,2016-07-11 22:32:16,2016-07-11 23:34:31,34.018909,-118.172363,,,0.0,Accident on Olympic Blvd Eastbound at S Ford Blvd.,E Olympic Blvd,Los Angeles,Los Angeles,CA,90022-2939,US,US/Pacific,KCQT,2016-07-11 22:47:00,68.0,,73.0,29.88,10.0,Calm,,,Clear,False,False,False,False,False,False,False,False,False,False,False,True,False,Night,Night,Night,Night
A-48129,Source2,2,2016-07-11 23:09:58,2016-07-12 00:09:58,33.930958000000004,-118.300308,,,0.0,Accident on Imperial Hwy at Normandie Ave.,S Normandie Ave,Los Angeles,Los Angeles,CA,90047,US,US/Pacific,KHHR,2016-07-11 22:53:00,68.0,,78.0,29.89,10.0,WSW,5.8,,Clear,False,False,False,False,False,False,False,False,True,False,False,True,False,Night,Night,Night,Night
A-48134,Source2,3,2016-07-12 00:23:25,2016-07-12 01:08:25,34.027458,-118.27449,,,0.0,Accident on I-110 Northbound at Exit 20C Adams Blvd.,Harbor Fwy N,Los Angeles,Los Angeles,CA,90007,US,US/Pacific,KCQT,2016-07-12 00:47:00,66.0,,75.0,29.89,10.0,Calm,,,Clear,False,False,False,False,False,False,False,False,False,False,False,False,False,Night,Night,Night,Night
A-48142,Source2,3,2016-07-12 02:31:55,2016-07-12 03:31:55,34.034149,-118.350067,,,0.0,Lane blocked due to accident on I-10 Eastbound at Exit 8 La Brea Ave.,S La Brea Ave,Los Angeles,Los Angeles,CA,90016,US,US/Pacific,KSMO,2016-07-12 02:51:00,66.9,,81.0,29.9,10.0,Calm,,,Overcast,False,False,False,False,True,False,False,False,False,False,False,False,False,Night,Night,Night,Night
A-48143,Source2,3,2016-07-12 02:34:49,2016-07-12 03:34:49,34.027458,-118.27449,,,0.0,Right hand shoulder blocked due to accident on I-110 Northbound at Exit 20C Adams Blvd.,Harbor Fwy N,Los Angeles,Los Angeles,CA,90007,US,US/Pacific,KCQT,2016-07-12 02:47:00,66.9,,81.0,29.89,9.0,Calm,,,Overcast,False,False,False,False,False,False,False,False,False,False,False,False,False,Night,Night,Night,Night
A-48144,Source2,3,2016-07-12 02:32:29,2016-07-12 03:32:29,34.120468,-118.271271,,,0.0,Lane blocked due to accident on I-5 Southbound at Exits 141 141A 141B Los Feliz Blvd.,Golden State Fwy S,Los Angeles,Los Angeles,CA,90027,US,US/Pacific,KCQT,2016-07-12 02:47:00,66.9,,81.0,29.89,9.0,Calm,,,Overcast,False,False,False,False,False,False,False,False,False,False,False,False,False,Night,Night,Night,Night
A-48146,Source2,2,2016-07-12 03:18:55,2016-07-12 04:18:55,34.053501000000004,-118.231377,,,0.0,Two lanes blocked due to accident on US-101 Northbound at Exits 2A 2B Commercial St.,US-101 N,Los Angeles,Los Angeles,CA,90012,US,US/Pacific,KCQT,2016-07-12 03:47:00,66.9,,81.0,29.88,9.0,Calm,,,Overcast,False,False,False,False,False,False,False,False,False,False,False,False,False,Night,Night,Night,Night
A-48147,Source2,3,2016-07-12 03:46:47,2016-07-12 05:31:47,34.036751,-118.317757,,,0.0,Right hand shoulder blocked due to accident on I-10 Westbound at Exits 10 11 Arlington Ave.,Arlington Ave,Los Angeles,Los Angeles,CA,90018,US,US/Pacific,KCQT,2016-07-12 03:47:00,66.9,,81.0,29.88,9.0,Calm,,,Overcast,False,False,False,False,True,False,False,False,False,False,False,False,False,Night,Night,Night,Night
A-48149,Source2,2,2016-07-12 05:00:00,2016-07-12 08:59:00,34.07711,-118.281677,,,0.0,Entry ramp closed due to barrier repairs on US-101 Northbound at Exit 5B Silver Lake Blvd.,Hollywood Fwy S,Los Angeles,Los Angeles,CA,90026,US,US/Pacific,KCQT,2016-07-12 04:47:00,68.0,,76.0,29.88,10.0,Variable,3.5,,Overcast,False,False,False,False,False,False,False,False,False,False,False,False,False,Night,Night,Day,Day
A-48150,Source2,2,2016-07-12 05:00:00,2016-07-12 08:59:00,34.071938,-118.266922,,,0.0,Entry ramp closed due to barrier repairs on US-101 Northbound at Exit 4B CA-2 Alvarado St.,N Alvarado St,Los Angeles,Los Angeles,CA,90026,US,US/Pacific,KCQT,2016-07-12 04:47:00,68.0,,76.0,29.88,10.0,Variable,3.5,,Overcast,False,False,False,False,False,False,False,False,True,False,False,False,False,Night,Night,Day,Day
A-48151,Source2,2,2016-07-12 05:00:00,2016-07-12 08:59:00,34.069817,-118.261299,,,0.0,Entry ramp closed due to barrier repairs on US-101 Northbound at Exit 4A Palo Alto St.,US-101 N,Los Angeles,Los Angeles,CA,90026,US,US/Pacific,KCQT,2016-07-12 04:47:00,68.0,,76.0,29.88,10.0,Variable,3.5,,Overcast,False,False,False,False,False,False,False,False,False,False,False,False,False,Night,Night,Day,Day
A-48154,Source2,3,2016-07-12 05:48:19,2016-07-12 06:24:00,33.998714,-118.17627,,,0.0,Right hand shoulder blocked due to accident on I-710 Southbound at Exits 17A 17B Atlantic Blvd.,Long Beach Fwy S,Los Angeles,Los Angeles,CA,90058,US,US/Pacific,KCQT,2016-07-12 05:47:00,69.1,,73.0,29.9,10.0,SE,4.6,,Overcast,False,False,False,False,False,False,False,False,False,False,False,False,False,Night,Day,Day,Day
A-48167,Source2,3,2016-07-12 09:08:32,2016-07-12 09:43:00,33.99527,-118.145088,,,0.0,Right hand shoulder blocked due to accident on I-5 Southbound at Exit 128B Washington Blvd.,Santa Ana Fwy S,Los Angeles,Los Angeles,CA,90040,US,US/Pacific,KCQT,2016-07-12 08:47:00,71.1,,66.0,29.94,10.0,Variable,3.5,,Overcast,False,False,False,False,False,False,False,False,False,False,False,False,False,Day,Day,Day,Day
A-48173,Source2,2,2016-07-12 10:15:02,2016-07-12 10:57:00,34.029499,-118.21244,,,0.0,Accident on CA-60 Westbound at Exits 1A 1C I-5.,Pomona Fwy W,Los Angeles,Los Angeles,CA,90023,US,US/Pacific,KCQT,2016-07-12 09:47:00,73.0,,59.0,29.93,9.0,Calm,,,Partly Cloudy,False,False,False,False,True,False,False,False,False,False,False,False,False,Day,Day,Day,Day
A-48186,Source2,2,2016-07-12 11:06:46,2016-07-12 11:36:46,34.15477,-118.288635,,,0.0,#1 &amp; #2 lane blocked due to accident on CA-134 Southbound at Exit 5B I-5.,Golden State Fwy S,Los Angeles,Los Angeles,CA,90027,US,US/Pacific,KCQT,2016-07-12 11:22:00,73.9,,64.0,29.93,10.0,Calm,,,Mostly Cloudy,False,False,False,False,True,False,False,False,False,False,False,False,False,Day,Day,Day,Day
A-48188,Source2,2,2016-07-12 10:55:04,2016-07-12 11:40:04,34.022625,-118.156616,,,0.0,Accident on Hubbard St at Atlantic Blvd.,S Atlantic Blvd,Los Angeles,Los Angeles,CA,90022-3212,US,US/Pacific,KCQT,2016-07-12 10:47:00,77.0,,54.0,29.93,5.0,Calm,,,Haze,False,False,False,False,False,False,False,False,False,False,False,True,False,Day,Day,Day,Day
A-48194,Source2,2,2016-07-12 11:30:09,2016-07-12 12:15:09,34.036121,-118.339157,,,0.0,Accident on West Blvd both ways at 23rd St.,West Blvd,Los Angeles,Los Angeles,CA,90016-1726,US,US/Pacific,KSMO,2016-07-12 11:51:00,73.0,,64.0,29.94,10.0,SW,11.5,,Clear,False,False,False,False,False,False,False,False,False,False,False,False,False,Day,Day,Day,Day
A-48209,Source2,2,2016-07-12 12:04:04,2016-07-12 12:49:04,34.054077,-118.237862,,,0.0,Right hand shoulder blocked due to accident on US-101 Northbound at Exit 2C Alameda St.,N Alameda St,Los Angeles,Los Angeles,CA,90012,US,US/Pacific,KCQT,2016-07-12 11:47:00,75.9,,62.0,29.93,10.0,Variable,3.5,,Scattered Clouds,False,False,True,False,False,False,False,False,False,False,False,False,False,Day,Day,Day,Day
A-48210,Source2,2,2016-07-12 12:02:32,2016-07-12 12:39:00,34.033253,-118.144806,,,0.0,#1 #2 #3 &amp; #4 lane blocked and slow traffic due to recovery work and accident on CA-60 Westbound before Exits 4 6A Atlantic Blvd.,Pomona Fwy W,Los Angeles,Los Angeles,CA,90022,US,US/Pacific,KCQT,2016-07-12 11:47:00,75.9,,62.0,29.93,10.0,Variable,3.5,,Scattered Clouds,False,False,False,False,True,False,False,False,False,False,False,False,False,Day,Day,Day,Day
A-48213,Source2,3,2016-07-12 12:34:26,2016-07-12 13:04:26,34.029872999999995,-118.392464,,,0.0,Right hand shoulder blocked due to accident on I-10 Eastbound at Exit 6 Robertson Pl.,I-10 E,Los Angeles,Los Angeles,CA,90034,US,US/Pacific,KSMO,2016-07-12 12:51:00,72.0,,68.0,29.94,10.0,WSW,10.4,,Clear,False,False,False,False,False,False,False,False,False,False,False,False,False,Day,Day,Day,Day
A-48221,Source2,3,2016-07-12 12:46:58,2016-07-12 13:16:58,34.029003,-118.396835,,,0.0,Accident on I-10 Eastbound after Exit 5 Manning Ave.,Bagley Ave,Los Angeles,Los Angeles,CA,90034,US,US/Pacific,KSMO,2016-07-12 12:51:00,72.0,,68.0,29.94,10.0,WSW,10.4,,Clear,False,False,False,False,True,False,False,False,False,False,False,False,False,Day,Day,Day,Day
A-48222,Source2,2,2016-07-12 12:56:40,2016-07-12 13:41:40,33.945427,-118.29171,,,0.0,Accident on Century Blvd both ways at Vermont Ave.,S Vermont Ave,Los Angeles,Los Angeles,CA,90044,US,US/Pacific,KHHR,2016-07-12 12:53:00,73.0,,64.0,29.94,10.0,SW,9.2,,Scattered Clouds,False,False,True,False,False,False,False,False,False,False,False,True,False,Day,Day,Day,Day
A-48224,Source2,3,2016-07-12 12:44:54,2016-07-12 13:29:54,34.029835,-118.21492,,,0.0,Fast lane blocked due to accident on I-5 Southbound at Exits 134A 134B CA-60.,I-5 N,Los Angeles,Los Angeles,CA,90023,US,US/Pacific,KCQT,2016-07-12 12:47:00,79.0,,56.0,29.91,10.0,Calm,,,Clear,False,False,False,False,False,False,False,False,False,False,False,False,False,Day,Day,Day,Day
A-48236,Source2,3,2016-07-12 13:26:21,2016-07-12 13:56:21,34.052414,-118.213959,,,0.0,Accident on I-5 I-10 Southbound at Exit 135C San Bernardino Fwy.,I-5 N,Los Angeles,Los Angeles,CA,90033,US,US/Pacific,KCQT,2016-07-12 13:47:00,77.0,,60.0,29.9,10.0,Variable,6.9,,Clear,False,False,False,False,False,False,False,False,False,False,False,False,False,Day,Day,Day,Day
A-48242,Source2,3,2016-07-12 14:07:56,2016-07-12 14:37:56,34.113335,-118.24427,,,0.0,Right lane blocked due to accident on CA-2 Northbound at Exit 14 San Fernando Rd.,N San Fernando Rd,Los Angeles,Los Angeles,CA,90065,US,US/Pacific,KCQT,2016-07-12 13:47:00,77.0,,60.0,29.9,10.0,Variable,6.9,,Clear,False,False,False,False,False,False,False,False,False,False,False,True,False,Day,Day,Day,Day
A-48254,Source2,3,2016-07-12 14:10:27,2016-07-12 14:55:27,34.00885,-118.15858500000002,,,0.0,One lane blocked due to accident on I-5 Northbound at Exit 129 Eastern Ave.,I-5 N,Los Angeles,Los Angeles,CA,90040,US,US/Pacific,KCQT,2016-07-12 13:47:00,77.0,,60.0,29.9,10.0,Variable,6.9,,Clear,False,False,False,False,False,False,False,False,False,False,False,True,False,Day,Day,Day,Day
A-48256,Source2,2,2016-07-12 14:31:29,2016-07-12 15:01:29,34.058311,-118.244316,,,0.0,Accident on US-101 Northbound at Exits 2C 3A Broadway.,US-101 N,Los Angeles,Los Angeles,CA,90012,US,US/Pacific,KCQT,2016-07-12 14:47:00,75.0,,62.0,29.89,10.0,Variable,3.5,,Clear,False,False,False,False,True,False,False,False,False,False,False,False,False,Day,Day,Day,Day
A-48257,Source2,3,2016-07-12 14:36:32,2016-07-12 15:06:32,34.033363,-118.170227,,,0.0,One lane blocked due to accident on I-710 Southbound at Exits 20A 20B 20C CA-60.,E 3rd St,Los Angeles,Los Angeles,CA,90022,US,US/Pacific,KCQT,2016-07-12 14:47:00,75.0,,62.0,29.89,10.0,Variable,3.5,,Clear,False,False,False,False,False,False,False,False,False,False,False,False,False,Day,Day,Day,Day
A-48264,Source2,2,2016-07-12 15:00:59,2016-07-12 15:30:59,34.061896999999995,-118.249138,,,0.0,Right lane blocked due to accident on CA-110 Westbound at W Temple St.,CA-110 N,Los Angeles,Los Angeles,CA,90012,US,US/Pacific,KCQT,2016-07-12 14:47:00,75.0,,62.0,29.89,10.0,Variable,3.5,,Clear,False,False,False,False,False,False,False,False,False,False,False,False,False,Day,Day,Day,Day
A-48272,Source2,2,2016-07-12 15:18:36,2016-07-12 15:48:36,33.960148,-118.244179,,,0.0,One lane blocked due to accident on CA-42 Firestone Blvd at Maie Ave.,Firestone Blvd,Los Angeles,Los Angeles,CA,90002,US,US/Pacific,KHHR,2016-07-12 14:53:00,75.0,,60.0,29.91,10.0,West,10.4,,Clear,False,False,True,False,False,False,False,False,False,False,False,True,False,Day,Day,Day,Day
A-48284,Source2,2,2016-07-12 16:17:43,2016-07-12 16:47:43,34.028294,-118.189285,,,0.0,Accident on Ditman Ave at 6th St.,S Ditman Ave,Los Angeles,Los Angeles,CA,90063-3929,US,US/Pacific,KCQT,2016-07-12 16:47:00,75.0,,62.0,29.88,10.0,Variable,3.5,,Clear,False,False,False,False,False,False,False,False,False,False,False,False,False,Day,Day,Day,Day
A-48290,Source2,2,2016-07-12 16:30:10,2016-07-12 17:00:10,34.046799,-118.34005,,,0.0,Accident on Lomita St at Venice Blvd.,Venice Blvd,Los Angeles,Los Angeles,CA,90019-5832,US,US/Pacific,KCQT,2016-07-12 16:47:00,75.0,,62.0,29.88,10.0,Variable,3.5,,Clear,False,False,False,False,False,False,False,False,False,False,False,False,False,Day,Day,Day,Day
A-48294,Source2,3,2016-07-12 16:44:40,2016-07-12 17:29:40,34.08569,-118.21636200000002,,,0.0,One lane blocked due to accident on CA-110 Northbound at Exits 26A 26B I-5.,CA-110 N,Los Angeles,Los Angeles,CA,90065,US,US/Pacific,KCQT,2016-07-12 16:47:00,75.0,,62.0,29.88,10.0,Variable,3.5,,Clear,False,False,False,False,False,False,False,False,False,False,False,False,False,Day,Day,Day,Day
A-48296,Source2,3,2016-07-12 16:57:58,2016-07-12 17:27:58,34.05891,-118.177666,,,0.0,One lane blocked due to accident on I-10 Eastbound at Exits 20B 21 Eastern Ave.,I-10 W,Los Angeles,Los Angeles,CA,90063,US,US/Pacific,KCQT,2016-07-12 16:47:00,75.0,,62.0,29.88,10.0,Variable,3.5,,Clear,False,False,False,False,False,False,False,False,False,False,False,False,False,Day,Day,Day,Day
A-48303,Source2,3,2016-07-12 17:22:21,2016-07-12 17:52:21,34.039093,-118.439758,,,0.0,One lane blocked due to accident on I-405 Southbound at Exit 54 Sawtelle Blvd.,I-405 N,Los Angeles,Los Angeles,CA,90064,US,US/Pacific,KSMO,2016-07-12 17:51:00,73.0,,66.0,29.88,10.0,WSW,8.1,,Clear,False,False,False,False,False,False,False,False,False,False,False,False,False,Day,Day,Day,Day
A-48304,Source2,3,2016-07-12 17:36:02,2016-07-12 18:21:02,34.035049,-118.335251,,,0.0,Accident on I-10 Westbound at Exit 9 Crenshaw Blvd. Emergency vehicles at scene.,I-10 W,Los Angeles,Los Angeles,CA,90016,US,US/Pacific,KSMO,2016-07-12 17:51:00,73.0,,66.0,29.88,10.0,WSW,8.1,,Clear,False,False,False,False,False,False,False,False,False,False,False,False,False,Day,Day,Day,Day
A-48305,Source2,2,2016-07-12 18:00:09,2016-07-12 18:30:09,34.069817,-118.261299,,,0.0,Accident on US-101 Northbound at Exit 4A Palo Alto St.,US-101 N,Los Angeles,Los Angeles,CA,90026,US,US/Pacific,KCQT,2016-07-12 17:47:00,73.9,,62.0,29.86,10.0,Variable,3.5,,Clear,False,False,False,False,False,False,False,False,False,False,False,False,False,Day,Day,Day,Day
A-48311,Source2,3,2016-07-12 18:13:19,2016-07-12 18:43:19,34.038456,-118.27401,,,0.0,One lane blocked due to accident on I-110 Southbound at Exit 21 I-10.,CA-110 S,Los Angeles,Los Angeles,CA,90015,US,US/Pacific,KCQT,2016-07-12 17:47:00,73.9,,62.0,29.86,10.0,Variable,3.5,,Clear,False,False,False,False,False,False,False,False,False,False,False,False,False,Day,Day,Day,Day
A-48312,Source2,3,2016-07-12 18:08:41,2016-07-12 18:53:41,34.034023,-118.265884,,,0.0,Accident on I-10 Westbound at Exit 13 17th St.,I-10 W,Los Angeles,Los Angeles,CA,90015,US,US/Pacific,KCQT,2016-07-12 17:47:00,73.9,,62.0,29.86,10.0,Variable,3.5,,Clear,False,False,False,False,False,False,False,False,False,False,False,False,False,Day,Day,Day,Day
A-48313,Source2,3,2016-07-12 18:26:16,2016-07-12 18:56:16,34.081837,-118.22374,,,0.0,Lane blocked due to accident on CA-110 Northbound at Exits 26A 26B I-5.,CA-110 N,Los Angeles,Los Angeles,CA,90031,US,US/Pacific,KCQT,2016-07-12 18:47:00,73.9,,62.0,29.86,10.0,West,5.8,,Clear,False,False,False,False,False,False,False,False,False,False,False,False,False,Day,Day,Day,Day
A-48315,Source2,3,2016-07-12 18:02:49,2016-07-12 18:47:49,34.054672,-118.202919,,,0.0,Right lane blocked due to accident on I-10 Eastbound at Exit 19C San Bernardino Fwy.,N Soto St,Los Angeles,Los Angeles,CA,90033,US,US/Pacific,KCQT,2016-07-12 17:47:00,73.9,,62.0,29.86,10.0,Variable,3.5,,Clear,False,False,True,False,False,False,False,False,True,False,False,True,False,Day,Day,Day,Day
A-48316,Source2,3,2016-07-12 18:24:30,2016-07-12 18:54:30,34.03553400000001,-118.169891,,,0.0,One lane blocked due to accident on CA-60 Eastbound at Exit 3B I-710.,Pomona Fwy E,Los Angeles,Los Angeles,CA,90022,US,US/Pacific,KCQT,2016-07-12 18:47:00,73.9,,62.0,29.86,10.0,West,5.8,,Clear,False,False,False,False,False,False,False,False,False,False,False,False,False,Day,Day,Day,Day
A-48322,Source2,2,2016-07-12 18:30:05,2016-07-12 19:00:05,34.023937,-118.180077,,,0.0,Accident on Whittier Blvd at Downey Rd.,S Downey Rd,Los Angeles,Los Angeles,CA,90023-1930,US,US/Pacific,KCQT,2016-07-12 18:47:00,73.9,,62.0,29.86,10.0,West,5.8,,Clear,False,False,False,False,False,False,False,False,False,False,False,True,False,Day,Day,Day,Day
A-48332,Source2,2,2016-07-12 19:21:30,2016-07-12 20:06:30,33.995743,-118.369102,,,0.0,One lane blocked due to accident on La Cienega Blvd Southbound at Stocker St.,S La Cienega Blvd,Los Angeles,Los Angeles,CA,90056-1142,US,US/Pacific,KLAX,2016-07-12 18:53:00,70.0,,76.0,29.88,10.0,West,12.7,,Partly Cloudy,False,False,False,False,False,False,False,False,False,False,False,False,False,Day,Day,Day,Day
A-48333,Source2,2,2016-07-12 19:34:00,2016-07-12 20:04:00,34.155045,-118.310867,,,0.0,One lane blocked due to accident on CA-134 Eastbound at Exit 4 Forest Lawn Dr.,Forest Lawn Dr,Los Angeles,Los Angeles,CA,90027,US,US/Pacific,KCQT,2016-07-12 19:47:00,70.0,,71.0,29.87,10.0,Calm,,,Clear,False,False,False,False,False,False,False,False,False,False,False,False,False,Day,Day,Day,Day
A-48335,Source2,3,2016-07-12 19:41:28,2016-07-12 20:11:28,34.140846,-118.277763,,,0.0,Accident on I-5 Northbound at Exit 142 Colorado Street Freeway Ext.,Golden State Fwy S,Los Angeles,Los Angeles,CA,90027,US,US/Pacific,KCQT,2016-07-12 19:47:00,70.0,,71.0,29.87,10.0,Calm,,,Clear,False,False,False,False,False,False,False,False,False,False,False,False,False,Day,Day,Day,Day
A-48336,Source2,2,2016-07-12 19:40:53,2016-07-12 20:10:53,33.977165,-118.244072,,,0.0,Accident on 69th St at Converse Ave.,Converse Ave,Los Angeles,Los Angeles,CA,90001-2025,US,US/Pacific,KCQT,2016-07-12 19:47:00,70.0,,71.0,29.87,10.0,Calm,,,Clear,False,False,False,False,False,False,False,False,False,False,False,False,False,Day,Day,Day,Day
A-48337,Source2,3,2016-07-12 19:26:33,2016-07-12 20:11:33,34.095539,-118.244049,,,0.0,Right lane blocked due to accident on I-5 Northbound at Exit 138 Stadium Way.,Riverside Dr,Los Angeles,Los Angeles,CA,90031,US,US/Pacific,KCQT,2016-07-12 19:47:00,70.0,,71.0,29.87,10.0,Calm,,,Clear,False,False,False,False,False,False,False,False,False,False,False,False,False,Day,Day,Day,Day
A-48340,Source2,2,2016-07-12 19:28:48,2016-07-12 19:58:48,34.019787,-118.192268,,,0.0,Accident on Beswick St Southbound at I-5.,S Indiana St,Los Angeles,Los Angeles,CA,90023-3216,US,US/Pacific,KCQT,2016-07-12 19:47:00,70.0,,71.0,29.87,10.0,Calm,,,Clear,False,False,False,False,False,False,False,False,False,True,False,False,False,Day,Day,Day,Day
A-48341,Source2,2,2016-07-12 19:32:38,2016-07-12 20:02:38,34.032455,-118.166946,,,0.0,Middle lane blocked due to accident on McDonnell Ave at Gratian St.,S McDonnell Ave,Los Angeles,Los Angeles,CA,90022-1834,US,US/Pacific,KCQT,2016-07-12 19:47:00,70.0,,71.0,29.87,10.0,Calm,,,Clear,False,False,False,False,False,False,False,False,False,False,False,False,False,Day,Day,Day,Day
A-48361,Source2,2,2016-07-12 20:28:11,2016-07-12 20:58:11,34.071938,-118.266922,,,0.0,Right lane blocked due to accident on US-101 Northbound at Exit 4B CA-2 Alvarado St.,N Alvarado St,Los Angeles,Los Angeles,CA,90026,US,US/Pacific,KCQT,2016-07-12 20:47:00,68.0,,76.0,29.89,10.0,Variable,3.5,,Clear,False,False,False,False,False,False,False,False,True,False,False,False,False,Night,Day,Day,Day
A-48362,Source2,2,2016-07-12 20:36:47,2016-07-12 21:06:47,33.95332,-118.25164,,,0.0,Accident on 92nd St at Zamora Ave.,E 92nd St,Los Angeles,Los Angeles,CA,90002-2207,US,US/Pacific,KHHR,2016-07-12 20:53:00,68.0,,81.0,29.9,10.0,WSW,6.9,,Clear,False,False,True,False,False,False,False,False,False,False,False,False,False,Night,Night,Day,Day
A-48363,Source2,3,2016-07-12 20:23:33,2016-07-12 20:53:33,34.033615000000005,-118.220016,,,0.0,Accident on I-5 I-10 Northbound at Exits 134A 134B 134C US-101.,E 7th St,Los Angeles,Los Angeles,CA,90023,US,US/Pacific,KCQT,2016-07-12 20:47:00,68.0,,76.0,29.89,10.0,Variable,3.5,,Clear,False,False,False,False,False,False,False,False,False,False,False,False,False,Night,Day,Day,Day
A-48373,Source2,2,2016-07-12 20:41:19,2016-07-12 21:11:19,34.054955,-118.180931,,,0.0,Accident on Woolwine Dr near Bonnie Beach Pl.,N Bonnie Beach Pl,Los Angeles,Los Angeles,CA,90063-1627,US,US/Pacific,KCQT,2016-07-12 20:47:00,68.0,,76.0,29.89,10.0,Variable,3.5,,Clear,False,False,False,False,False,False,False,False,False,False,False,False,False,Night,Night,Day,Day
A-48386,Source2,2,2016-07-12 22:24:46,2016-07-12 22:54:46,34.070251,-118.26801299999998,,,0.0,Accident on Alvarado St Northbound at Temple St. Expect delays.,W Temple St,Los Angeles,Los Angeles,CA,90026-4916,US,US/Pacific,KCQT,2016-07-12 22:47:00,66.0,,84.0,29.91,10.0,Calm,,,Clear,False,False,False,False,False,False,False,False,True,False,False,True,False,Night,Night,Night,Night
A-48391,Source2,2,2016-07-12 22:34:43,2016-07-12 23:04:43,34.030701,-118.151192,,,0.0,Accident on Beverly Blvd Eastbound at Hillview Ave.,E Beverly Blvd,Los Angeles,Los Angeles,CA,90022-2020,US,US/Pacific,KCQT,2016-07-12 22:47:00,66.0,,84.0,29.91,10.0,Calm,,,Clear,False,False,False,False,False,False,False,False,False,False,False,True,False,Night,Night,Night,Night
A-48397,Source2,3,2016-07-12 23:46:04,2016-07-13 00:16:04,34.031322,-118.433723,,,0.0,Accident on I-10 Eastbound at Exits 3A 3B I-405. Expect delays.,I-10 W,Los Angeles,Los Angeles,CA,90064,US,US/Pacific,KSMO,2016-07-12 23:51:00,66.0,,84.0,29.92,10.0,SW,3.5,,Partly Cloudy,False,False,False,False,False,False,False,False,False,False,False,False,False,Night,Night,Night,Night
A-48412,Source2,3,2016-07-13 03:24:37,2016-07-13 04:24:37,34.022331,-118.198166,,,0.0,Lane blocked due to accident on I-5 Northbound at Exits 132 132A Calzona St.,I-5 N,Los Angeles,Los Angeles,CA,90023,US,US/Pacific,KCQT,2016-07-13 03:30:00,64.0,,90.0,29.93,9.0,Calm,,,Mostly Cloudy,False,False,False,False,False,False,False,False,False,False,False,False,False,Night,Night,Night,Night
A-48414,Source2,2,2016-07-13 04:34:56,2016-07-13 09:00:00,34.069817,-118.261299,,,0.0,Entry ramp closed due to barrier repairs on US-101 Northbound at Exit 4A Palo Alto St.,US-101 N,Los Angeles,Los Angeles,CA,90026,US,US/Pacific,KCQT,2016-07-13 04:47:00,64.9,,87.0,29.92,8.0,Calm,,,Overcast,False,False,False,False,False,False,False,False,False,False,False,False,False,Night,Night,Night,Day
A-48415,Source2,2,2016-07-13 05:12:04,2016-07-13 05:49:00,33.998135,-118.369484,,,0.0,Left hand shoulder blocked due to accident on La Cienega Blvd Southbound near Stocker St.,Stocker St,Los Angeles,Los Angeles,CA,90056,US,US/Pacific,KLAX,2016-07-13 04:53:00,66.9,,81.0,29.93,8.0,East,3.5,,Overcast,False,False,False,False,False,False,False,False,False,False,False,True,False,Night,Night,Day,Day
A-48416,Source2,3,2016-07-13 05:12:50,2016-07-13 05:57:50,34.037216,-118.284004,,,0.0,Right hand shoulder blocked due to accident on I-10 at Exit 13A 20th St.,S Hoover St,Los Angeles,Los Angeles,CA,90007,US,US/Pacific,KCQT,2016-07-13 04:47:00,64.9,,87.0,29.92,8.0,Calm,,,Overcast,False,False,False,False,False,False,False,False,False,False,False,False,False,Night,Night,Day,Day
A-48420,Source2,2,2016-07-13 06:58:40,2016-07-13 07:36:00,34.075523,-118.453491,,,0.0,Accident on De Neve Dr both ways between Charles E Young Dr and Bellagio Dr.,De Neve Dr,Los Angeles,Los Angeles,CA,90024-8308,US,US/Pacific,KSMO,2016-07-13 06:51:00,66.9,,79.0,29.97,6.0,Variable,3.5,,Haze,False,False,False,False,False,False,False,False,False,True,False,False,False,Day,Day,Day,Day
A-48421,Source2,2,2016-07-13 06:59:14,2016-07-13 07:38:00,33.989197,-118.24115,,,0.0,Accident on Holmes Ave both ways at Slauson Ave.,Holmes Ave,Los Angeles,Los Angeles,CA,90058-3815,US,US/Pacific,KCQT,2016-07-13 06:47:00,66.9,,81.0,29.96,5.0,Calm,,,Haze,False,False,True,False,False,False,True,False,False,False,False,True,False,Day,Day,Day,Day
A-48422,Source2,3,2016-07-13 07:37:23,2016-07-13 08:07:23,33.974331,-118.1241,,,0.0,Lane blocked on exit ramp due to accident on I-5 Northbound at Exit 126B Gage Ave.,I-5 N,Los Angeles,Los Angeles,CA,90040,US,US/Pacific,KCQT,2016-07-13 07:22:00,68.0,,78.0,29.96,5.0,SSE,3.5,,Haze,False,False,False,False,False,False,False,False,False,False,False,False,False,Day,Day,Day,Day
A-48424,Source2,2,2016-07-13 08:26:58,2016-07-13 09:24:00,34.104397,-118.322472,,,0.0,Two lanes blocked due to accident on US-101 Northbound after Exit 8C Franklin Ave.,US-101 N,Los Angeles,Los Angeles,CA,90028,US,US/Pacific,KCQT,2016-07-13 08:40:00,71.1,,70.0,29.97,6.0,Calm,,,Haze,False,False,True,False,False,False,False,False,False,True,False,False,False,Day,Day,Day,Day
A-48432,Source2,3,2016-07-13 09:55:46,2016-07-13 10:33:00,34.016045,-118.172096,,,0.0,Accident on I-5 Northbound at Exits 130B 130C I-710.,I-5 N,Los Angeles,Los Angeles,CA,90040,US,US/Pacific,KCQT,2016-07-13 09:47:00,75.0,,62.0,29.97,7.0,Variable,3.5,,Clear,False,False,False,False,False,False,False,False,False,False,False,False,False,Day,Day,Day,Day
A-48433,Source2,2,2016-07-13 09:53:14,2016-07-13 10:30:00,34.026665,-118.164368,,,0.0,Accident on Kern Ave both ways from Eagle St to 6th St.,E 6th St,Los Angeles,Los Angeles,CA,90022-2502,US,US/Pacific,KCQT,2016-07-13 09:47:00,75.0,,62.0,29.97,7.0,Variable,3.5,,Clear,False,False,False,False,False,False,False,False,False,False,False,False,False,Day,Day,Day,Day
A-48438,Source2,2,2016-07-13 09:57:01,2016-07-13 10:42:01,34.029194,-118.21623999999998,,,0.0,Shoulder blocked on exit ramp due to accident on CA-60 Westbound at I-5 NB.,Pomona Fwy E,Los Angeles,Los Angeles,CA,90023,US,US/Pacific,KCQT,2016-07-13 09:47:00,75.0,,62.0,29.97,7.0,Variable,3.5,,Clear,False,False,False,False,False,False,False,False,False,False,False,False,False,Day,Day,Day,Day
A-48439,Source2,2,2016-07-13 09:56:20,2016-07-13 10:40:00,34.029118,-118.213692,,,0.0,One lane blocked due to recovery work and accident on US-101 Northbound at Exit 133 I-5.,Pomona Fwy E,Los Angeles,Los Angeles,CA,90023,US,US/Pacific,KCQT,2016-07-13 09:47:00,75.0,,62.0,29.97,7.0,Variable,3.5,,Clear,False,False,False,False,False,False,False,False,False,False,False,False,False,Day,Day,Day,Day
A-48451,Source2,2,2016-07-13 10:45:27,2016-07-13 11:30:27,34.024406,-118.165047,,,0.0,Accident on Kern Ave both ways at Hubbard St.,Hubbard St,Los Angeles,Los Angeles,CA,90022-2521,US,US/Pacific,KCQT,2016-07-13 09:47:00,75.0,,62.0,29.97,7.0,Variable,3.5,,Clear,False,False,False,False,False,False,False,False,False,True,False,False,False,Day,Day,Day,Day
A-48472,Source2,3,2016-07-13 11:52:42,2016-07-13 12:31:00,34.082169,-118.224617,,,0.0,Right hand shoulder blocked due to multi-vehicle accident on I-5 Northbound at Exit 137A CA-110.,N Figueroa St,Los Angeles,Los Angeles,CA,90065,US,US/Pacific,KCQT,2016-07-13 11:47:00,81.0,,52.0,29.95,9.0,North,,,Clear,False,False,False,False,False,False,False,False,False,False,False,False,False,Day,Day,Day,Day
A-48473,Source2,3,2016-07-13 11:51:42,2016-07-13 12:28:00,34.073067,-118.219162,,,0.0,#1 &amp; #2 lane blocked due to accident on I-5 Northbound at Exits 136 136A 136B Avenue 21.,N Broadway,Los Angeles,Los Angeles,CA,90031-2529,US,US/Pacific,KCQT,2016-07-13 11:47:00,81.0,,52.0,29.95,9.0,North,,,Clear,False,False,False,False,False,False,False,False,False,False,False,True,False,Day,Day,Day,Day
A-48534,Source2,3,2016-07-13 16:17:33,2016-07-13 16:47:33,34.030846000000004,-118.391144,,,0.0,Right hand shoulder blocked due to accident on I-10 Westbound at Exit 6 Robertson Pl.,S Robertson Blvd,Los Angeles,Los Angeles,CA,90034,US,US/Pacific,KSMO,2016-07-13 15:51:00,75.0,,69.0,29.95,9.0,SSW,12.7,,Clear,False,False,True,False,False,False,False,False,False,False,False,False,False,Day,Day,Day,Day
A-48541,Source2,2,2016-07-13 16:27:01,2016-07-13 16:57:01,34.052357,-118.276566,,,0.0,Accident on Bonnie Brae St at James M Wood Blvd.,S Bonnie Brae St,Los Angeles,Los Angeles,CA,90057-4205,US,US/Pacific,KCQT,2016-07-13 16:47:00,77.0,,62.0,29.92,9.0,Variable,3.5,,Clear,False,False,False,False,False,False,False,False,False,True,False,False,False,Day,Day,Day,Day
A-48547,Source2,3,2016-07-13 16:49:43,2016-07-13 17:19:43,34.122634999999995,-118.478424,,,0.0,Accident on I-405 Southbound at Exit 61 Skirball Center Dr.,Skirball Center Dr,Los Angeles,Los Angeles,CA,90077,US,US/Pacific,KSMO,2016-07-13 16:51:00,73.9,,68.0,29.94,9.0,West,11.5,,Clear,False,False,False,False,True,False,False,False,False,False,False,False,False,Day,Day,Day,Day
A-48548,Source2,3,2016-07-13 16:50:42,2016-07-13 17:20:42,34.096596000000005,-118.476944,,,0.0,Accident on I-405 Southbound at Exit 59 Sepulveda Blvd.,I-405 N,Los Angeles,Los Angeles,CA,90049,US,US/Pacific,KSMO,2016-07-13 16:51:00,73.9,,68.0,29.94,9.0,West,11.5,,Clear,False,False,False,False,False,False,False,False,False,False,False,False,False,Day,Day,Day,Day
A-48549,Source2,3,2016-07-13 16:57:05,2016-07-13 17:27:05,34.020496,-118.194107,,,0.0,Right hand shoulder blocked due to accident on I-5 Southbound at Exits 132 132A Calzona St.,Santa Ana Fwy S,Los Angeles,Los Angeles,CA,90023,US,US/Pacific,KCQT,2016-07-13 16:47:00,77.0,,62.0,29.92,9.0,Variable,3.5,,Clear,False,False,False,False,False,False,False,False,False,False,False,False,False,Day,Day,Day,Day
A-48553,Source2,3,2016-07-13 17:26:58,2016-07-13 17:56:58,34.025005,-118.428619,,,0.0,Accident on I-405 Southbound at Exits 53 53A 53B I-10.,San Diego Fwy N,Los Angeles,Los Angeles,CA,90034,US,US/Pacific,KSMO,2016-07-13 17:51:00,72.0,,73.0,29.93,10.0,SW,11.5,,Clear,False,False,False,False,False,False,False,False,False,False,False,False,False,Day,Day,Day,Day
A-48555,Source2,3,2016-07-13 17:14:22,2016-07-13 17:44:22,34.14114,-118.27787,,,0.0,Accident on I-5 Southbound at Exit 142 Colorado Street Freeway Ext.,Golden State Fwy S,Los Angeles,Los Angeles,CA,90027,US,US/Pacific,KCQT,2016-07-13 16:47:00,77.0,,62.0,29.92,9.0,Variable,3.5,,Clear,False,False,False,False,False,False,False,False,False,False,False,False,False,Day,Day,Day,Day
A-48559,Source2,2,2016-07-13 18:21:32,2016-07-13 18:51:32,34.128654,-118.34703799999998,,,0.0,Accident on US-101 Northbound at Exits 11 11B Cahuenga Blvd.,Barham Blvd,Los Angeles,Los Angeles,CA,90068,US,US/Pacific,KBUR,2016-07-13 17:53:00,82.9,,41.0,29.88,10.0,South,9.2,,Clear,False,False,False,False,True,False,False,False,False,False,False,True,False,Day,Day,Day,Day
A-48561,Source2,2,2016-07-13 17:42:58,2016-07-13 18:57:58,34.023918,-118.173958,,,0.0,Accident on Eastern Ave at CA-72 Whittier Blvd.,Whittier Blvd,Los Angeles,Los Angeles,CA,90022-1530,US,US/Pacific,KCQT,2016-07-13 17:47:00,75.9,,64.0,29.91,10.0,Variable,3.5,,Clear,False,False,False,False,False,False,False,False,False,False,False,True,False,Day,Day,Day,Day
A-48562,Source2,3,2016-07-13 18:09:00,2016-07-13 18:54:39,34.06134,-118.171043,,,0.0,Accident on I-10 Eastbound at Exit 21 I-710.,I-10 E,Los Angeles,Los Angeles,CA,90063,US,US/Pacific,KCQT,2016-07-13 17:47:00,75.9,,64.0,29.91,10.0,Variable,3.5,,Clear,False,False,False,False,False,False,False,False,False,False,False,False,False,Day,Day,Day,Day
A-48575,Source2,3,2016-07-13 18:39:20,2016-07-13 19:09:20,34.055695,-118.451965,,,0.0,Right hand shoulder blocked due to accident on I-405 Northbound at Exits 55B 55C Wilshire Blvd.,I-405 N,Los Angeles,Los Angeles,CA,90025,US,US/Pacific,KSMO,2016-07-13 18:51:00,71.1,,75.0,29.92,10.0,SW,10.4,,Clear,False,False,False,False,False,False,False,False,False,False,False,False,False,Day,Day,Day,Day
A-48576,Source2,3,2016-07-13 18:34:01,2016-07-13 19:04:01,34.047024,-118.446587,,,0.0,#3 lane blocked due to accident on I-405 Southbound at Exit 55A Cotner Ave.,I-405 N,Los Angeles,Los Angeles,CA,90025,US,US/Pacific,KSMO,2016-07-13 18:51:00,71.1,,75.0,29.92,10.0,SW,10.4,,Clear,False,False,False,False,False,False,False,False,False,False,False,False,False,Day,Day,Day,Day
A-48577,Source2,2,2016-07-13 18:34:57,2016-07-13 19:04:57,33.93821,-118.309036,,,0.0,Accident on 108th St at Western Ave.,W 108th St,Los Angeles,Los Angeles,CA,90047-4417,US,US/Pacific,KHHR,2016-07-13 18:53:00,72.0,,73.0,29.93,10.0,WNW,8.1,,Clear,False,False,False,False,False,False,False,False,False,False,False,True,False,Day,Day,Day,Day
A-48631,Source2,2,2016-07-13 22:21:56,2016-07-13 22:51:56,34.011105,-118.281265,,,0.0,Accident on Martin Luther King Jr Blvd Southbound at I-110.,I-110 S,Los Angeles,Los Angeles,CA,90037,US,US/Pacific,KCQT,2016-07-13 22:47:00,66.0,,84.0,29.96,10.0,Variable,3.5,,Clear,False,False,False,False,False,False,False,False,False,False,False,False,False,Night,Night,Night,Night
A-48632,Source2,2,2016-07-13 22:30:44,2016-07-13 23:00:44,33.939098,-118.309029,,,0.0,Accident on 107th St Westbound at Western Ave. Expect delays.,W 107th St,Los Angeles,Los Angeles,CA,90047-4444,US,US/Pacific,KHHR,2016-07-13 22:53:00,66.9,,81.0,29.97,10.0,WSW,6.9,,Clear,False,False,False,False,False,False,False,False,False,False,False,False,False,Night,Night,Night,Night
A-48633,Source2,2,2016-07-13 22:28:19,2016-07-13 22:58:19,34.07711,-118.281677,,,0.0,Accident on US-101 Southbound at Exit 5B Silver Lake Blvd. Expect delays.,Hollywood Fwy S,Los Angeles,Los Angeles,CA,90026,US,US/Pacific,KCQT,2016-07-13 22:47:00,66.0,,84.0,29.96,10.0,Variable,3.5,,Clear,False,False,False,False,False,False,False,False,False,False,False,False,False,Night,Night,Night,Night
A-48634,Source2,3,2016-07-13 22:23:42,2016-07-13 22:53:42,34.018448,-118.280075,,,0.0,Accident on I-110 Southbound at Exit 20B Exposition Blvd. Expect delays.,I-110 S,Los Angeles,Los Angeles,CA,90007,US,US/Pacific,KCQT,2016-07-13 22:47:00,66.0,,84.0,29.96,10.0,Variable,3.5,,Clear,False,False,False,False,False,False,False,False,False,False,False,False,False,Night,Night,Night,Night
A-48637,Source2,2,2016-07-14 01:21:45,2016-07-14 02:21:45,34.13308,-118.352524,,,0.0,Lane blocked due to accident on US-101 Northbound at Buddy Holly Dr.,CA-170 S,Los Angeles,Los Angeles,CA,90068,US,US/Pacific,KBUR,2016-07-14 00:53:00,68.0,,78.0,29.93,10.0,SE,5.8,,Clear,False,False,False,False,False,False,False,False,False,False,False,True,False,Night,Night,Night,Night
A-48638,Source2,3,2016-07-14 01:20:06,2016-07-14 02:20:06,34.037239,-118.291946,,,0.0,Lane blocked due to accident on I-10 Eastbound at Exit 11 Vermont Ave.,I-10 W,Los Angeles,Los Angeles,CA,90007,US,US/Pacific,KCQT,2016-07-14 01:47:00,64.9,,87.0,29.95,9.0,Calm,,,Clear,False,False,False,False,False,False,False,False,False,False,False,False,False,Night,Night,Night,Night
A-48642,Source2,3,2016-07-14 02:03:41,2016-07-14 03:03:41,33.960018,-118.280983,,,0.0,Lane blocked due to accident on I-110 Southbound at Exit 16 CA-42 Manchester Ave.,W Manchester Ave,Los Angeles,Los Angeles,CA,90003,US,US/Pacific,KHHR,2016-07-14 01:53:00,66.0,,84.0,29.96,10.0,WSW,5.8,,Clear,False,False,False,False,False,False,False,False,True,False,False,False,False,Night,Night,Night,Night
A-48643,Source2,2,2016-07-14 02:04:21,2016-07-14 03:04:21,33.921291,-118.265205,,,0.0,Lane blocked due to accident on Avalon Blvd both ways at 122nd St.,E 122nd St,Los Angeles,Los Angeles,CA,90061-2808,US,US/Pacific,KHHR,2016-07-14 01:53:00,66.0,,84.0,29.96,10.0,WSW,5.8,,Clear,False,False,False,False,False,False,False,False,False,False,False,False,False,Night,Night,Night,Night
A-48649,Source2,3,2016-07-14 05:45:35,2016-07-14 07:05:00,34.038456,-118.27401,,,0.0,Accident on I-110 Southbound at Exit 21 I-10.,CA-110 S,Los Angeles,Los Angeles,CA,90015,US,US/Pacific,KCQT,2016-07-14 05:47:00,64.9,,90.0,29.99,5.0,Calm,,,Overcast,False,False,False,False,False,False,False,False,False,False,False,False,False,Night,Day,Day,Day
A-48650,Source2,2,2016-07-14 06:58:52,2016-07-14 07:51:00,34.076363,-118.27813700000002,,,0.0,Right hand shoulder blocked due to accident on US-101 Northbound at Exit 5B Silver Lake Blvd.,CA-2 W,Los Angeles,Los Angeles,CA,90026,US,US/Pacific,KCQT,2016-07-14 06:47:00,66.0,,87.0,30.0,4.0,Calm,,,Overcast,False,False,False,False,True,False,False,False,False,False,False,False,False,Day,Day,Day,Day
A-48660,Source2,3,2016-07-14 09:40:42,2016-07-14 10:15:00,34.043037,-118.217239,,,0.0,#1 &amp; #2 lane blocked due to accident on I-5 I-10 Southbound at Exit 135A 4th St.,Golden State Fwy S,Los Angeles,Los Angeles,CA,90033,US,US/Pacific,KCQT,2016-07-14 09:47:00,73.9,,66.0,30.01,6.0,Calm,,,Haze,False,False,False,False,False,False,False,False,False,False,False,False,False,Day,Day,Day,Day
A-48661,Source2,3,2016-07-14 09:40:14,2016-07-14 10:16:00,34.029228,-118.216766,,,0.0,#2 lane blocked due to accident on I-5 Southbound after Soto St.,Pomona Fwy E,Los Angeles,Los Angeles,CA,90023,US,US/Pacific,KCQT,2016-07-14 09:47:00,73.9,,66.0,30.01,6.0,Calm,,,Haze,False,False,False,False,False,False,False,False,False,False,False,False,False,Day,Day,Day,Day
A-48662,Source2,3,2016-07-14 09:37:34,2016-07-14 10:12:00,34.060539,-118.215202,,,0.0,Accident on I-5 I-10 Southbound at Exit 135C San Bernardino Fwy.,Golden State Fwy S,Los Angeles,Los Angeles,CA,90031,US,US/Pacific,KCQT,2016-07-14 09:31:00,73.0,,68.0,30.01,6.0,Variable,3.5,,Haze,False,False,False,False,False,False,False,False,False,False,False,False,False,Day,Day,Day,Day
A-48673,Source2,3,2016-07-14 10:05:49,2016-07-14 10:59:00,34.011105,-118.281265,,,0.0,#2 express lane blocked due to accident on I-110 Northbound at Exit 20A Martin Luther King Jr Blvd.,I-110 S,Los Angeles,Los Angeles,CA,90037,US,US/Pacific,KCQT,2016-07-14 09:47:00,73.9,,66.0,30.01,6.0,Calm,,,Haze,False,False,False,False,False,False,False,False,False,False,False,False,False,Day,Day,Day,Day
A-48674,Source2,3,2016-07-14 10:10:32,2016-07-14 10:49:00,34.063099,-118.216042,,,0.0,Accident on I-5 I-10 Southbound at Mission Rd.,Golden State Fwy S,Los Angeles,Los Angeles,CA,90031,US,US/Pacific,KCQT,2016-07-14 09:47:00,73.9,,66.0,30.01,6.0,Calm,,,Haze,False,False,False,False,True,False,False,False,False,False,False,False,False,Day,Day,Day,Day
A-48677,Source2,2,2016-07-14 10:45:29,2016-07-14 11:23:00,33.984276,-118.265175,,,0.0,Accident on 61st St both ways at Avalon Blvd.,Avalon Blvd,Los Angeles,Los Angeles,CA,90003-1633,US,US/Pacific,KHHR,2016-07-14 10:53:00,75.9,,60.0,30.02,5.0,West,8.1,,Haze,False,False,False,False,False,False,False,False,False,False,False,True,False,Day,Day,Day,Day
A-48678,Source2,2,2016-07-14 10:43:51,2016-07-14 11:21:00,34.034389000000004,-118.221771,,,0.0,Right hand shoulder blocked due to accident on US-101 Northbound at Exit 1A I-5.,E 7th St,Los Angeles,Los Angeles,CA,90023-1004,US,US/Pacific,KCQT,2016-07-14 10:47:00,78.1,,58.0,30.01,7.0,Calm,,,Clear,False,False,False,False,False,False,False,False,False,False,False,False,False,Day,Day,Day,Day
A-48679,Source2,2,2016-07-14 10:45:51,2016-07-14 11:30:51,34.030193,-118.181534,,,0.0,Accident on Bonnie Beach Pl both ways at Langford St.,S Bonnie Beach Pl,Los Angeles,Los Angeles,CA,90063-1545,US,US/Pacific,KCQT,2016-07-14 10:47:00,78.1,,58.0,30.01,7.0,Calm,,,Clear,False,False,False,False,False,False,False,False,False,False,False,False,False,Day,Day,Day,Day
A-48686,Source2,2,2016-07-14 10:49:23,2016-07-14 11:26:00,34.042995,-118.22113799999998,,,0.0,Right hand shoulder blocked due to accident on US-101 Northbound at Exits 1A 1B 4th St.,US-101 S,Los Angeles,Los Angeles,CA,90033,US,US/Pacific,KCQT,2016-07-14 10:47:00,78.1,,58.0,30.01,7.0,Calm,,,Clear,False,False,False,False,False,False,False,False,False,False,False,False,False,Day,Day,Day,Day
A-48690,Source2,3,2016-07-14 11:00:23,2016-07-14 11:38:00,34.122634999999995,-118.478424,,,0.0,Right hand shoulder blocked due to accident on I-405 Southbound at Exit 61 Skirball Center Dr.,Skirball Center Dr,Los Angeles,Los Angeles,CA,90077,US,US/Pacific,KSMO,2016-07-14 10:51:00,72.0,,71.0,30.03,8.0,SW,8.1,,Clear,False,False,False,False,True,False,False,False,False,False,False,False,False,Day,Day,Day,Day
A-48695,Source2,3,2016-07-14 11:16:08,2016-07-14 11:46:08,34.072959999999995,-118.219391,,,0.0,Accident on I-5 Southbound at Exits 136 136A 136B Avenue 21.,Golden State Fwy S,Los Angeles,Los Angeles,CA,90031,US,US/Pacific,KCQT,2016-07-14 10:47:00,78.1,,58.0,30.01,7.0,Calm,,,Clear,False,False,False,False,False,False,False,False,False,False,False,False,False,Day,Day,Day,Day
A-48702,Source2,3,2016-07-14 11:46:18,2016-07-14 12:26:00,34.072971,-118.219391,,,0.0,Right hand shoulder blocked due to accident on I-5 Northbound at Exits 136 136A 136B Avenue 21.,Golden State Fwy S,Los Angeles,Los Angeles,CA,90031,US,US/Pacific,KCQT,2016-07-14 11:47:00,81.0,,54.0,30.0,7.0,South,3.5,,Clear,False,False,False,False,False,False,False,False,False,False,False,False,False,Day,Day,Day,Day
A-48707,Source2,2,2016-07-14 11:54:29,2016-07-14 12:36:00,34.071342,-118.235397,,,0.0,Right hand shoulder blocked due to accident on CA-110 Southbound at Exits 24B 24C 24D Stadium Way.,Pasadena Fwy S,Los Angeles,Los Angeles,CA,90012,US,US/Pacific,KCQT,2016-07-14 11:47:00,81.0,,54.0,30.0,7.0,South,3.5,,Clear,False,False,False,False,False,False,False,False,False,False,False,False,False,Day,Day,Day,Day
A-48715,Source2,3,2016-07-14 12:23:16,2016-07-14 13:04:00,34.098553,-118.252266,,,0.0,Right hand shoulder blocked due to accident on I-5 Southbound at Exits 138 139 139A 139B CA-2.,CA-2 S,Los Angeles,Los Angeles,CA,90039,US,US/Pacific,KCQT,2016-07-14 12:47:00,81.0,,54.0,29.99,7.0,Calm,,,Clear,False,False,False,False,False,False,False,False,False,False,False,False,False,Day,Day,Day,Day
A-48716,Source2,2,2016-07-14 12:24:30,2016-07-14 13:05:00,34.034027,-118.221123,,,0.0,Accident on US-101 Northbound at Exit 1A I-5.,US-101 N,Los Angeles,Los Angeles,CA,90023,US,US/Pacific,KCQT,2016-07-14 12:47:00,81.0,,54.0,29.99,7.0,Calm,,,Clear,False,False,False,False,True,False,False,False,False,False,False,False,False,Day,Day,Day,Day
A-48730,Source2,3,2016-07-14 13:23:46,2016-07-14 14:08:46,34.036751,-118.317757,,,0.0,Accident on I-10 Westbound near Exits 10 11 Arlington Ave.,Arlington Ave,Los Angeles,Los Angeles,CA,90018,US,US/Pacific,KCQT,2016-07-14 13:47:00,79.0,,56.0,29.98,9.0,Variable,4.6,,Clear,False,False,False,False,True,False,False,False,False,False,False,False,False,Day,Day,Day,Day
A-48740,Source2,2,2016-07-14 13:48:59,2016-07-14 14:33:59,34.062588,-118.248718,,,0.0,Shoulder blocked due to accident on CA-110 Southbound near Exit 24A US-101.,CA-110 N,Los Angeles,Los Angeles,CA,90012,US,US/Pacific,KCQT,2016-07-14 13:47:00,79.0,,56.0,29.98,9.0,Variable,4.6,,Clear,False,False,False,False,False,False,False,False,False,False,False,False,False,Day,Day,Day,Day
A-48741,Source2,3,2016-07-14 13:58:40,2016-07-14 14:43:40,34.020306,-118.192268,,,0.0,Accident on I-5 Northbound near Exits 131 131B Indiana St. On the median.,S Indiana St,Los Angeles,Los Angeles,CA,90023-2344,US,US/Pacific,KCQT,2016-07-14 13:47:00,79.0,,56.0,29.98,9.0,Variable,4.6,,Clear,False,False,False,False,False,False,False,False,False,False,False,False,False,Day,Day,Day,Day
A-48749,Source2,3,2016-07-14 14:08:43,2016-07-14 14:53:43,34.037239,-118.309074,,,0.0,Accident on I-10 Westbound near Exit 10 Western Ave.,I-10 W,Los Angeles,Los Angeles,CA,90018,US,US/Pacific,KCQT,2016-07-14 13:47:00,79.0,,56.0,29.98,9.0,Variable,4.6,,Clear,False,False,False,False,False,False,False,False,True,False,False,False,False,Day,Day,Day,Day
A-48757,Source2,2,2016-07-14 14:25:11,2016-07-14 15:10:11,34.038456,-118.27401,,,0.0,Accident on CA-110 Northbound near I-10.,CA-110 S,Los Angeles,Los Angeles,CA,90015,US,US/Pacific,KCQT,2016-07-14 14:47:00,77.0,,58.0,29.97,10.0,Variable,5.8,,Clear,False,False,False,False,False,False,False,False,False,False,False,False,False,Day,Day,Day,Day
A-48763,Source2,2,2016-07-14 14:45:03,2016-07-14 15:30:03,34.155045,-118.310867,,,0.0,Accident on CA-134 Westbound near Exit 4 Forest Lawn Dr.,Forest Lawn Dr,Los Angeles,Los Angeles,CA,90027,US,US/Pacific,KCQT,2016-07-14 14:47:00,77.0,,58.0,29.97,10.0,Variable,5.8,,Clear,False,False,False,False,False,False,False,False,False,False,False,False,False,Day,Day,Day,Day
A-48764,Source2,3,2016-07-14 14:47:36,2016-07-14 15:32:36,34.01593,-118.173027,,,0.0,Two lanes blocked and right hand shoulder blocked due to accident on I-710 Southbound near Exits 18A 18B I-5.,Long Beach Fwy S,Los Angeles,Los Angeles,CA,90040,US,US/Pacific,KCQT,2016-07-14 14:47:00,77.0,,58.0,29.97,10.0,Variable,5.8,,Clear,False,False,False,False,False,False,False,False,False,False,False,False,False,Day,Day,Day,Day
A-48768,Source2,2,2016-07-14 15:13:23,2016-07-14 15:58:23,34.053288,-118.22995,,,0.0,Lane blocked on entry ramp due to accident on US-101 Northbound at Exits 1C 1D 1E San Bernardino Fwy.,US-101 N,Los Angeles,Los Angeles,CA,90012,US,US/Pacific,KCQT,2016-07-14 14:47:00,77.0,,58.0,29.97,10.0,Variable,5.8,,Clear,False,False,False,False,True,False,False,False,False,False,False,False,False,Day,Day,Day,Day
A-48775,Source2,2,2016-07-14 15:26:44,2016-07-14 16:11:44,34.04797,-118.266563,,,0.0,Right hand shoulder blocked due to accident on CA-110 Northbound near Exit 22B James M Wood Blvd.,CA-110 S,Los Angeles,Los Angeles,CA,90017,US,US/Pacific,KCQT,2016-07-14 15:47:00,75.9,,62.0,29.96,10.0,Variable,4.6,,Clear,False,False,False,False,False,False,False,False,False,False,False,False,False,Day,Day,Day,Day
A-48781,Source2,3,2016-07-14 16:02:10,2016-07-14 16:47:10,34.095539,-118.244049,,,0.0,Accident on I-5 Southbound near Exit 138 Stadium Way.,Riverside Dr,Los Angeles,Los Angeles,CA,90031,US,US/Pacific,KCQT,2016-07-14 15:47:00,75.9,,62.0,29.96,10.0,Variable,4.6,,Clear,False,False,False,False,False,False,False,False,False,False,False,False,False,Day,Day,Day,Day
A-48794,Source2,3,2016-07-14 17:31:03,2016-07-14 18:16:03,34.027458,-118.27449,,,0.0,Accident on I-110 Southbound near Exit 20C Adams Blvd. On the median.,Harbor Fwy N,Los Angeles,Los Angeles,CA,90007,US,US/Pacific,KCQT,2016-07-14 17:47:00,75.0,,62.0,29.92,10.0,Variable,3.5,,Clear,False,False,False,False,False,False,False,False,False,False,False,False,False,Day,Day,Day,Day
A-48796,Source2,3,2016-07-14 17:33:32,2016-07-14 18:18:32,34.036739000000004,-118.169899,,,0.0,Shoulder blocked on exit ramp due to accident on I-710 Northbound near Exits 20A 20B 20C CA-60.,Long Beach Fwy N,Los Angeles,Los Angeles,CA,90022,US,US/Pacific,KCQT,2016-07-14 17:47:00,75.0,,62.0,29.92,10.0,Variable,3.5,,Clear,False,False,False,False,False,False,False,False,False,False,False,False,False,Day,Day,Day,Day
A-48805,Source2,2,2016-07-14 17:39:19,2016-07-14 18:24:19,34.064777,-118.245651,,,0.0,Gore point obstructed due to accident on US-101 Southbound near Exits 3 3A 3B CA-110.,Pasadena Fwy S,Los Angeles,Los Angeles,CA,90012,US,US/Pacific,KCQT,2016-07-14 17:47:00,75.0,,62.0,29.92,10.0,Variable,3.5,,Clear,False,False,False,False,True,False,False,False,False,False,False,False,False,Day,Day,Day,Day
A-48811,Source2,2,2016-07-14 17:55:57,2016-07-14 18:40:57,34.152218,-118.283951,,,0.0,Two lanes blocked due to accident on CA-134 Eastbound near Exit 5B I-5.,CA-134 E,Los Angeles,Los Angeles,CA,90027,US,US/Pacific,KCQT,2016-07-14 17:47:00,75.0,,62.0,29.92,10.0,Variable,3.5,,Clear,False,False,False,False,False,False,False,False,False,False,False,False,False,Day,Day,Day,Day
A-48821,Source2,3,2016-07-14 18:24:31,2016-07-14 19:09:31,34.088608,-118.475204,,,0.0,One lane blocked due to accident on I-405 Northbound in LA.,I-405 N,Los Angeles,Los Angeles,CA,90049,US,US/Pacific,KSMO,2016-07-14 18:51:00,69.1,,75.0,29.92,10.0,SW,6.9,,Clear,True,False,False,False,False,False,False,False,False,False,False,False,False,Day,Day,Day,Day
A-48826,Source2,2,2016-07-14 18:19:06,2016-07-14 19:04:06,33.922501000000004,-118.265198,,,0.0,Accident on Avalon Blvd near 121st St.,Avalon Blvd,Los Angeles,Los Angeles,CA,90061-2838,US,US/Pacific,KHHR,2016-07-14 17:53:00,72.0,,66.0,29.93,10.0,West,9.2,,Clear,False,False,False,False,False,False,False,False,False,False,False,False,False,Day,Day,Day,Day
A-48827,Source2,2,2016-07-14 18:23:18,2016-07-14 19:08:18,34.056339,-118.241272,,,0.0,Two lanes blocked due to accident on US-101 Northbound near Exits 2C 3A Broadway.,N Spring St,Los Angeles,Los Angeles,CA,90012,US,US/Pacific,KCQT,2016-07-14 18:47:00,75.0,,60.0,29.91,10.0,Variable,3.5,,Clear,False,False,True,False,True,False,False,False,False,False,False,True,False,Day,Day,Day,Day
A-48828,Source2,3,2016-07-14 18:05:36,2016-07-14 18:50:36,33.998714,-118.17627,,,0.0,Right hand shoulder blocked due to accident on I-710 Southbound near Exits 17A 17B Atlantic Blvd.,Long Beach Fwy S,Los Angeles,Los Angeles,CA,90058,US,US/Pacific,KCQT,2016-07-14 17:47:00,75.0,,62.0,29.92,10.0,Variable,3.5,,Clear,False,False,False,False,False,False,False,False,False,False,False,False,False,Day,Day,Day,Day
A-48829,Source2,2,2016-07-14 18:15:37,2016-07-14 19:00:37,34.022175,-118.165726,,,0.0,Accident on Kern Ave near CA-72 Whittier Blvd.,S Kern Ave,Los Angeles,Los Angeles,CA,90022-2526,US,US/Pacific,KCQT,2016-07-14 17:47:00,75.0,,62.0,29.92,10.0,Variable,3.5,,Clear,False,False,False,False,False,False,False,False,False,False,False,True,False,Day,Day,Day,Day
A-48841,Source2,3,2016-07-14 18:36:52,2016-07-14 19:21:52,34.047024,-118.446587,,,0.0,Accident on I-405 Northbound near Exit 55A Cotner Ave.,I-405 N,Los Angeles,Los Angeles,CA,90025,US,US/Pacific,KSMO,2016-07-14 18:51:00,69.1,,75.0,29.92,10.0,SW,6.9,,Clear,False,False,False,False,False,False,False,False,False,False,False,False,False,Day,Day,Day,Day
A-48851,Source2,3,2016-07-14 18:53:18,2016-07-14 19:38:18,34.017162,-118.175362,,,0.0,One lane blocked due to accident on I-5 Southbound near Exits 130B 130C I-710.,Santa Ana Fwy S,Los Angeles,Los Angeles,CA,90023,US,US/Pacific,KCQT,2016-07-14 18:47:00,75.0,,60.0,29.91,10.0,Variable,3.5,,Clear,False,False,False,False,False,False,False,False,False,False,False,False,False,Day,Day,Day,Day
A-48859,Source2,3,2016-07-14 19:45:08,2016-07-14 20:30:08,34.059933,-118.455444,,,0.0,Accident on I-405 Northbound near Exits 55B 55C Wilshire Blvd.,I-405 N,Los Angeles,Los Angeles,CA,90025,US,US/Pacific,KSMO,2016-07-14 19:51:00,68.0,,81.0,29.92,10.0,WSW,5.8,,Clear,False,False,True,False,True,True,False,False,False,False,False,True,False,Day,Day,Day,Day
A-48861,Source2,3,2016-07-14 19:24:26,2016-07-14 20:09:26,34.039093,-118.439758,,,0.0,Right hand shoulder blocked due to accident on I-405 Southbound near Exit 54 Sawtelle Blvd.,I-405 N,Los Angeles,Los Angeles,CA,90064,US,US/Pacific,KSMO,2016-07-14 19:51:00,68.0,,81.0,29.92,10.0,WSW,5.8,,Clear,False,False,False,False,False,False,False,False,False,False,False,False,False,Day,Day,Day,Day
A-48866,Source2,2,2016-07-14 19:21:55,2016-07-14 20:06:55,34.059227,-118.25264,,,0.0,Right hand shoulder blocked due to accident on CA-110 Northbound near Exit 23C-A Beaudry Ave.,CA-110 N,Los Angeles,Los Angeles,CA,90012,US,US/Pacific,KCQT,2016-07-14 19:47:00,71.1,,70.0,29.91,10.0,Variable,3.5,,Clear,False,False,False,False,False,False,False,False,False,False,False,False,False,Day,Day,Day,Day
A-48867,Source2,3,2016-07-14 19:44:13,2016-07-14 20:29:13,34.004791,-118.173012,,,0.0,Right hand shoulder blocked due to accident on I-710 Southbound near Exits 17B 17C Washington Blvd.,Long Beach Fwy S,Los Angeles,Los Angeles,CA,90040,US,US/Pacific,KCQT,2016-07-14 19:47:00,71.1,,70.0,29.91,10.0,Variable,3.5,,Clear,False,False,False,False,False,False,False,False,False,False,False,False,False,Day,Day,Day,Day
A-48868,Source2,2,2016-07-14 19:22:54,2016-07-14 20:07:54,34.035004,-118.171646,,,0.0,Accident on CA-60 Eastbound near Exit 3B I-710.,Pomona Fwy E,Los Angeles,Los Angeles,CA,90022,US,US/Pacific,KCQT,2016-07-14 19:47:00,71.1,,70.0,29.91,10.0,Variable,3.5,,Clear,False,False,False,False,False,False,False,False,False,False,False,False,False,Day,Day,Day,Day
A-48888,Source2,2,2016-07-14 19:54:30,2016-07-14 20:39:30,33.998135,-118.369484,,,0.0,Accident on La Cienega Blvd near Stocker St.,Stocker St,Los Angeles,Los Angeles,CA,90056,US,US/Pacific,KLAX,2016-07-14 19:53:00,66.9,,81.0,29.93,10.0,West,10.4,,Partly Cloudy,False,False,False,False,False,False,False,False,False,False,False,True,False,Day,Day,Day,Day
A-48889,Source2,3,2016-07-14 20:13:50,2016-07-14 20:58:50,34.034149,-118.350067,,,0.0,Right hand shoulder blocked due to accident on I-10 Westbound near Exit 8 La Brea Ave.,S La Brea Ave,Los Angeles,Los Angeles,CA,90016,US,US/Pacific,KSMO,2016-07-14 19:51:00,68.0,,81.0,29.92,10.0,WSW,5.8,,Clear,False,False,False,False,True,False,False,False,False,False,False,False,False,Night,Day,Day,Day
A-48892,Source2,2,2016-07-14 20:10:17,2016-07-14 20:55:17,34.143063,-118.22718799999998,,,0.0,Accident on CA-2 Northbound near Exits 16 17A 17B 17C CA-134. On the median.,CA-2 N,Los Angeles,Los Angeles,CA,90041,US,US/Pacific,KCQT,2016-07-14 19:47:00,71.1,,70.0,29.91,10.0,Variable,3.5,,Clear,False,False,False,False,True,False,False,False,False,False,False,False,False,Night,Day,Day,Day
A-48894,Source2,2,2016-07-14 20:15:27,2016-07-14 21:00:27,34.025501,-118.17038,,,0.0,Accident on Ford Blvd near Hubbard St.,S Ford Blvd,Los Angeles,Los Angeles,CA,90022-2429,US,US/Pacific,KCQT,2016-07-14 19:47:00,71.1,,70.0,29.91,10.0,Variable,3.5,,Clear,False,False,False,False,False,False,False,False,False,False,False,False,False,Night,Day,Day,Day
A-48913,Source2,2,2016-07-14 20:24:25,2016-07-14 21:24:25,34.028343,-118.230194,,,0.0,Right hand shoulder blocked due to accident on CA-60 Westbound near Exits 1A 1B I-10.,I-10 W,Los Angeles,Los Angeles,CA,90021,US,US/Pacific,KCQT,2016-07-14 20:47:00,68.0,,78.0,29.92,10.0,West,4.6,,Clear,False,False,False,False,False,False,False,False,False,False,False,False,False,Night,Day,Day,Day
A-48914,Source2,2,2016-07-14 20:44:31,2016-07-14 21:29:31,34.030563,-118.217003,,,0.0,Accident on CA-60 Westbound near Exits 1A 1C I-5.,US-101 N,Los Angeles,Los Angeles,CA,90023,US,US/Pacific,KCQT,2016-07-14 20:47:00,68.0,,78.0,29.92,10.0,West,4.6,,Clear,False,False,False,False,False,False,False,False,False,False,False,False,False,Night,Night,Day,Day
A-48930,Source2,3,2016-07-14 21:07:20,2016-07-14 21:52:20,33.927925,-118.254295,,,0.0,Very slow traffic due to accident on I-105 Eastbound at Exit 9 Central Ave.,S Central Ave,Los Angeles,Los Angeles,CA,90059,US,US/Pacific,KHHR,2016-07-14 21:18:00,68.0,,81.0,29.95,10.0,WNW,5.8,,Mostly Cloudy,False,False,False,False,False,False,False,False,False,False,False,False,False,Night,Night,Day,Day
A-48935,Source2,2,2016-07-14 21:29:55,2016-07-14 22:14:55,34.054077,-118.237862,,,0.0,Very slow traffic due to accident on US-101 Northbound at Exit 2C Alameda St.,N Alameda St,Los Angeles,Los Angeles,CA,90012,US,US/Pacific,KCQT,2016-07-14 21:47:00,66.9,,84.0,29.94,10.0,Variable,3.5,,Clear,False,False,True,False,False,False,False,False,False,False,False,False,False,Night,Night,Night,Day
A-48942,Source2,2,2016-07-14 22:02:58,2016-07-14 22:47:58,33.951275,-118.251076,,,0.0,Accident on 94th St at Zamora Ave.,E 94th St,Los Angeles,Los Angeles,CA,90002-2102,US,US/Pacific,KHHR,2016-07-14 21:53:00,68.0,,84.0,29.95,10.0,WNW,5.8,,Overcast,False,False,False,False,False,False,False,False,False,False,False,False,False,Night,Night,Night,Night
A-48949,Source2,3,2016-07-14 22:11:00,2016-07-14 22:56:00,34.096596000000005,-118.476944,,,0.0,Accident on I-405 Southbound at Gerry Center Dr.,I-405 N,Los Angeles,Los Angeles,CA,90049,US,US/Pacific,KSMO,2016-07-14 21:51:00,68.0,,84.0,29.95,9.0,SW,5.8,,Overcast,False,False,False,False,False,False,False,False,False,False,False,False,False,Night,Night,Night,Night
A-48953,Source2,2,2016-07-14 22:37:41,2016-07-14 23:22:41,33.996975,-118.357841,,,0.0,Slow traffic due to accident on Stocker St at La Brea Ave.,Stocker St,Los Angeles,Los Angeles,CA,90008,US,US/Pacific,KHHR,2016-07-14 22:25:00,66.9,,84.0,29.96,10.0,West,5.8,,Overcast,False,False,True,False,False,False,False,False,False,False,False,True,False,Night,Night,Night,Night
A-48954,Source2,2,2016-07-14 22:24:57,2016-07-14 23:09:57,33.916435,-118.30911299999998,,,0.0,Accident on Western Ave at El Segundo Blvd.,S Western Ave,Los Angeles,Los Angeles,CA,90047-5281,US,US/Pacific,KHHR,2016-07-14 22:25:00,66.9,,84.0,29.96,10.0,West,5.8,,Overcast,False,False,False,False,False,False,False,False,False,False,False,True,False,Night,Night,Night,Night
A-48955,Source2,3,2016-07-14 22:39:38,2016-07-14 23:24:38,33.92889,-118.291588,,,0.0,Accident on I-105 Westbound at Exit 7A Vermont Ave.,I-105 W,Los Angeles,Los Angeles,CA,90044,US,US/Pacific,KHHR,2016-07-14 22:25:00,66.9,,84.0,29.96,10.0,West,5.8,,Overcast,False,False,False,False,False,False,True,False,True,False,False,False,False,Night,Night,Night,Night
A-48956,Source2,2,2016-07-14 22:36:07,2016-07-14 23:21:07,33.913425,-118.273956,,,0.0,Accident on 131st St near Main St.,S Main St,Los Angeles,Los Angeles,CA,90061-1608,US,US/Pacific,KHHR,2016-07-14 22:25:00,66.9,,84.0,29.96,10.0,West,5.8,,Overcast,False,False,False,False,False,False,False,False,False,False,False,False,False,Night,Night,Night,Night
A-48957,Source2,2,2016-07-14 22:38:29,2016-07-14 23:23:29,34.113335,-118.24427,,,0.0,Accident on CA-2 Northbound at Exit 14 San Fernando Rd.,N San Fernando Rd,Los Angeles,Los Angeles,CA,90065,US,US/Pacific,KCQT,2016-07-14 22:44:00,66.9,,84.0,29.95,8.0,Calm,,,Mostly Cloudy,False,False,False,False,False,False,False,False,False,False,False,True,False,Night,Night,Night,Night
A-48966,Source2,2,2016-07-14 23:33:14,2016-07-15 00:03:14,33.930969,-118.309067,,,0.0,Left hand shoulder blocked due to accident on Western Ave at Imperial Hwy.,S Western Ave,Los Angeles,Los Angeles,CA,90047,US,US/Pacific,KHHR,2016-07-14 23:53:00,66.0,,84.0,29.96,10.0,West,8.1,,Overcast,False,False,False,False,False,False,False,False,False,False,False,True,False,Night,Night,Night,Night
A-48971,Source2,2,2016-07-14 23:44:39,2016-07-15 00:29:39,34.13308,-118.352524,,,0.0,Right hand shoulder blocked due to accident on US-101 Northbound at Universal Studios Blvd.,CA-170 S,Los Angeles,Los Angeles,CA,90068,US,US/Pacific,KBUR,2016-07-14 23:53:00,68.0,,78.0,29.92,10.0,ESE,6.9,,Clear,False,False,False,False,False,False,False,False,False,False,False,True,False,Night,Night,Night,Night
A-48973,Source2,3,2016-07-15 00:07:50,2016-07-15 00:52:50,34.02832,-118.431313,,,0.0,Slow traffic and right hand shoulder blocked due to accident on I-405 Southbound at Exits 53 53A 53B I-10.,San Diego Fwy S,Los Angeles,Los Angeles,CA,90064,US,US/Pacific,KSMO,2016-07-15 00:51:00,66.0,,84.0,29.96,10.0,SW,3.5,,Overcast,False,False,False,False,False,False,False,False,False,False,False,False,False,Night,Night,Night,Night
A-48975,Source2,3,2016-07-14 23:53:04,2016-07-15 00:38:04,34.037144,-118.300369,,,0.0,Right hand shoulder blocked due to accident on I-10 Westbound at Exit 12 Normandie Ave.,I-10 W,Los Angeles,Los Angeles,CA,90007,US,US/Pacific,KCQT,2016-07-14 23:47:00,66.0,,87.0,29.95,8.0,Calm,,,Overcast,False,False,False,False,False,False,False,False,False,False,False,False,False,Night,Night,Night,Night
A-48977,Source2,3,2016-07-14 23:53:59,2016-07-15 00:38:59,33.978611,-118.127716,,,0.0,Right hand shoulder blocked due to accident on I-5 Southbound at Slauson Ave.,Santa Ana Fwy S,Los Angeles,Los Angeles,CA,90040,US,US/Pacific,KCQT,2016-07-14 23:47:00,66.0,,87.0,29.95,8.0,Calm,,,Overcast,False,False,False,False,False,False,False,False,False,False,False,False,False,Night,Night,Night,Night
A-48981,Source2,2,2016-07-15 00:24:20,2016-07-15 01:09:20,33.967442,-118.247681,,,0.0,Accident on Compton Ave at Nadeau St.,Nadeau St,Los Angeles,Los Angeles,CA,90001-3025,US,US/Pacific,KCQT,2016-07-15 00:47:00,64.9,,90.0,29.95,5.0,Variable,3.5,,Overcast,False,False,False,False,False,False,False,False,False,False,False,True,False,Night,Night,Night,Night
A-48988,Source2,3,2016-07-15 00:59:18,2016-07-15 01:44:18,34.031662,-118.426659,,,0.0,Third lane blocked due to accident on I-405 Eastbound at Exits 53 53A 53B I-10.,I-10 E,Los Angeles,Los Angeles,CA,90064,US,US/Pacific,KSMO,2016-07-15 00:51:00,66.0,,84.0,29.96,10.0,SW,3.5,,Overcast,False,False,False,False,False,False,False,False,False,False,False,False,False,Night,Night,Night,Night
A-48989,Source2,3,2016-07-15 00:56:44,2016-07-15 01:41:44,34.152190999999995,-118.282997,,,0.0,Accident on I-5 Northbound at Exits 144 144A 144B CA-134.,CA-134 E,Los Angeles,Los Angeles,CA,90027,US,US/Pacific,KCQT,2016-07-15 00:47:00,64.9,,90.0,29.95,5.0,Variable,3.5,,Overcast,False,False,False,False,False,False,False,False,False,False,False,False,False,Night,Night,Night,Night
A-48994,Source2,3,2016-07-15 01:48:38,2016-07-15 03:18:38,34.034531,-118.349625,,,0.0,Lane blocked due to accident on I-10 Eastbound at Exit 8 La Brea Ave.,I-10 W,Los Angeles,Los Angeles,CA,90016,US,US/Pacific,KSMO,2016-07-15 01:51:00,64.9,,87.0,29.96,8.0,South,3.5,,Overcast,False,False,False,False,False,False,False,False,False,False,False,False,False,Night,Night,Night,Night
A-48996,Source2,2,2016-07-15 01:44:59,2016-07-15 03:14:59,33.920071,-118.269562,,,0.0,Lane blocked due to accident on 124th St both ways at San Pedro St.,S San Pedro St,Los Angeles,Los Angeles,CA,90061-2815,US,US/Pacific,KHHR,2016-07-15 01:53:00,64.9,,84.0,29.96,9.0,WSW,8.1,,Overcast,False,False,False,False,False,False,False,False,False,False,False,False,False,Night,Night,Night,Night
A-48997,Source2,2,2016-07-15 01:44:22,2016-07-15 03:29:22,34.062588,-118.248718,,,0.0,Lane blocked due to accident on CA-110 Northbound at Exit 24A US-101.,CA-110 N,Los Angeles,Los Angeles,CA,90012,US,US/Pacific,KCQT,2016-07-15 01:47:00,64.9,,87.0,29.95,8.0,Calm,,,Overcast,False,False,False,False,False,False,False,False,False,False,False,False,False,Night,Night,Night,Night
A-49002,Source2,3,2016-07-15 02:47:17,2016-07-15 03:47:17,34.031322,-118.433723,,,0.0,Right hand shoulder blocked due to accident on I-10 Eastbound at Exits 3A 3B I-405.,I-10 W,Los Angeles,Los Angeles,CA,90064,US,US/Pacific,KSMO,2016-07-15 02:51:00,64.9,,87.0,29.96,9.0,Variable,3.5,,Overcast,False,False,False,False,False,False,False,False,False,False,False,False,False,Night,Night,Night,Night
A-49003,Source2,2,2016-07-15 03:11:24,2016-07-15 03:56:24,34.027367,-118.428642,,,0.0,Accident on National Blvd at Sepulveda Blvd.,National Blvd,Los Angeles,Los Angeles,CA,90064-3903,US,US/Pacific,KSMO,2016-07-15 02:51:00,64.9,,87.0,29.96,9.0,Variable,3.5,,Overcast,True,False,True,False,False,False,False,False,True,False,False,True,False,Night,Night,Night,Night
A-49004,Source2,2,2016-07-15 03:23:48,2016-07-15 04:23:48,34.098068,-118.314629,,,0.0,Lane blocked due to accident on US-101 Southbound at Exit 8A Sunset Blvd.,Hollywood Fwy S,Los Angeles,Los Angeles,CA,90028,US,US/Pacific,KCQT,2016-07-15 03:47:00,64.0,,87.0,29.95,8.0,Calm,,,Mostly Cloudy,False,False,False,False,False,False,False,False,False,False,False,False,False,Night,Night,Night,Night
A-49010,Source2,3,2016-07-15 05:51:35,2016-07-15 06:44:00,34.154366,-118.287613,,,0.0,Right hand shoulder blocked due to accident on I-5 Northbound at Exits 144 144A 144B CA-134.,I-5 N,Los Angeles,Los Angeles,CA,90027,US,US/Pacific,KCQT,2016-07-15 05:47:00,63.0,,90.0,29.97,6.0,Calm,,,Mostly Cloudy,False,False,False,False,False,False,False,False,False,False,False,False,False,Night,Day,Day,Day
A-49016,Source2,2,2016-07-15 06:37:22,2016-07-15 08:02:36,33.929092,-118.233704,,,0.0,Accident on CA-90 Imperial Hwy both ways at CA-90 Imperial Hwy.,E Imperial Hwy,Los Angeles,Los Angeles,CA,90059-2205,US,US/Pacific,KHHR,2016-07-15 06:35:00,64.9,,87.0,29.99,5.0,Calm,,,Overcast,False,False,False,False,False,False,False,False,False,False,False,True,False,Day,Day,Day,Day
A-49028,Source2,3,2016-07-15 09:08:00,2016-07-15 09:48:00,33.971848,-118.377823,,,0.0,Right hand shoulder blocked due to accident on I-405 Northbound at Exits 48 49A La Tijera Blvd.,I-405 N,Los Angeles,Los Angeles,CA,90045,US,US/Pacific,KLAX,2016-07-15 09:22:00,68.0,,76.0,30.0,4.0,Variable,3.5,,Overcast,False,False,False,False,False,False,False,False,False,False,False,False,False,Day,Day,Day,Day
A-49029,Source2,2,2016-07-15 09:04:35,2016-07-15 09:42:00,34.018852,-118.19123799999998,,,0.0,Accident on Alma Ave both ways at Olympic Blvd.,E Olympic Blvd,Los Angeles,Los Angeles,CA,90023-3247,US,US/Pacific,KCQT,2016-07-15 08:47:00,66.0,,81.0,30.0,4.0,Calm,,,Haze,False,False,False,False,False,False,False,False,False,False,False,False,False,Day,Day,Day,Day
A-49037,Source2,2,2016-07-15 09:37:05,2016-07-15 10:07:05,34.04797,-118.266563,,,0.0,#1 &amp; #2 lane blocked due to accident on CA-110 Southbound at Exit 22B James M Wood Blvd.,CA-110 S,Los Angeles,Los Angeles,CA,90017,US,US/Pacific,KCQT,2016-07-15 09:30:00,66.9,,79.0,29.99,4.0,Calm,,,Haze,False,False,False,False,False,False,False,False,False,False,False,False,False,Day,Day,Day,Day
A-49042,Source2,3,2016-07-15 10:03:23,2016-07-15 11:07:00,34.05151,-118.449234,,,0.0,Lane blocked on exit ramp due to accident on I-405 Northbound at Exits 55B 55C Wilshire Blvd.,I-405 N,Los Angeles,Los Angeles,CA,90025,US,US/Pacific,KSMO,2016-07-15 09:51:00,69.1,,75.0,29.99,5.0,Calm,,,Haze,False,False,False,False,False,False,False,False,False,False,False,False,False,Day,Day,Day,Day
A-49043,Source2,2,2016-07-15 10:37:42,2016-07-15 11:15:00,34.056087,-118.255882,,,0.0,Accident on CA-110 Northbound at Exit 23C-A Beaudry Ave.,CA-110 N,Los Angeles,Los Angeles,CA,90012,US,US/Pacific,KCQT,2016-07-15 10:47:00,73.9,,62.0,29.97,5.0,Variable,4.6,,Haze,False,False,False,False,False,False,False,False,False,False,False,False,False,Day,Day,Day,Day
A-49059,Source2,3,2016-07-15 11:01:17,2016-07-15 11:31:17,33.975052000000005,-118.12487,,,0.0,One lane blocked due to accident on I-5 Northbound at Exit 126B Gage Ave.,E Slauson Ave,Los Angeles,Los Angeles,CA,90040,US,US/Pacific,KCQT,2016-07-15 10:47:00,73.9,,62.0,29.97,5.0,Variable,4.6,,Haze,False,False,False,False,False,False,False,False,False,False,False,False,False,Day,Day,Day,Day
A-49069,Source2,2,2016-07-15 11:36:04,2016-07-15 12:17:00,34.113335,-118.24427,,,0.0,Right hand shoulder blocked due to accident on CA-2 Southbound at Exit 14 San Fernando Rd.,N San Fernando Rd,Los Angeles,Los Angeles,CA,90065,US,US/Pacific,KCQT,2016-07-15 11:47:00,79.0,,54.0,29.95,6.0,Calm,,,Haze,False,False,False,False,False,False,False,False,False,False,False,True,False,Day,Day,Day,Day
A-49070,Source2,2,2016-07-15 11:29:01,2016-07-15 12:08:00,34.025478,-118.205711,,,0.0,Accident on US-101 Northbound at I-5.,US-101 N,Los Angeles,Los Angeles,CA,90023,US,US/Pacific,KCQT,2016-07-15 11:47:00,79.0,,54.0,29.95,6.0,Calm,,,Haze,False,False,False,False,False,False,False,False,False,False,False,False,False,Day,Day,Day,Day
A-49081,Source2,3,2016-07-15 12:08:21,2016-07-15 12:45:00,34.125538,-118.476234,,,0.0,Right hand shoulder blocked due to accident on I-405 Southbound after Exit 61 Skirball Center Dr.,I-405 N,Los Angeles,Los Angeles,CA,90049,US,US/Pacific,KSMO,2016-07-15 11:51:00,73.0,,66.0,29.97,7.0,SW,8.1,,Clear,False,False,False,False,False,False,False,False,False,False,False,False,False,Day,Day,Day,Day
A-49082,Source2,2,2016-07-15 12:03:50,2016-07-15 12:42:00,34.13308,-118.352524,,,0.0,Left hand shoulder blocked due to accident on US-101 Southbound at Buddy Holly Dr.,CA-170 S,Los Angeles,Los Angeles,CA,90068,US,US/Pacific,KBUR,2016-07-15 11:53:00,80.1,,47.0,29.93,10.0,SE,6.9,,Clear,False,False,False,False,False,False,False,False,False,False,False,True,False,Day,Day,Day,Day
A-49083,Source2,2,2016-07-15 12:04:36,2016-07-15 12:42:00,34.080215,-118.291695,,,0.0,Accident on US-101 Northbound at Exit 6A Vermont Ave.,N Vermont Ave,Los Angeles,Los Angeles,CA,90004,US,US/Pacific,KCQT,2016-07-15 11:47:00,79.0,,54.0,29.95,6.0,Calm,,,Haze,False,False,False,False,False,False,False,False,False,False,False,False,False,Day,Day,Day,Day
A-49084,Source2,3,2016-07-15 12:00:04,2016-07-15 12:38:00,34.028236,-118.229942,,,0.0,Accident on I-10 Eastbound at Exits 16A 16B CA-60.,I-10 E,Los Angeles,Los Angeles,CA,90021,US,US/Pacific,KCQT,2016-07-15 11:47:00,79.0,,54.0,29.95,6.0,Calm,,,Haze,False,False,False,False,True,False,False,False,False,False,False,False,False,Day,Day,Day,Day
A-49085,Source2,3,2016-07-15 12:06:35,2016-07-15 12:44:00,34.02939600000001,-118.22593700000002,,,0.0,Accident on I-10 Westbound at Exits 16A 16B CA-60.,Santa Monica Fwy W,Los Angeles,Los Angeles,CA,90021,US,US/Pacific,KCQT,2016-07-15 11:47:00,79.0,,54.0,29.95,6.0,Calm,,,Haze,False,False,False,False,False,False,False,False,False,False,False,False,False,Day,Day,Day,Day
A-49086,Source2,3,2016-07-15 12:02:57,2016-07-15 12:40:00,34.031147,-118.217751,,,0.0,Accident on I-5 Northbound at Exits 134A 134B CA-60.,I-5 N,Los Angeles,Los Angeles,CA,90023,US,US/Pacific,KCQT,2016-07-15 11:47:00,79.0,,54.0,29.95,6.0,Calm,,,Haze,False,False,False,False,False,False,False,False,False,False,False,True,False,Day,Day,Day,Day
A-49087,Source2,3,2016-07-15 12:03:17,2016-07-15 12:48:17,34.019585,-118.173904,,,0.0,Right hand shoulder blocked due to accident on I-710 Northbound at Exits 18 19 Olympic Blvd.,S Eastern Ave,Los Angeles,Los Angeles,CA,90022-4808,US,US/Pacific,KCQT,2016-07-15 11:47:00,79.0,,54.0,29.95,6.0,Calm,,,Haze,False,False,False,False,False,False,False,False,False,False,False,False,False,Day,Day,Day,Day
A-49089,Source2,2,2016-07-15 12:05:53,2016-07-15 12:44:00,34.021423,-118.162163,,,0.0,#1 lane blocked due to accident on CA-72 Whittier Blvd both ways at La Verne Ave.,S La Verne Ave,Los Angeles,Los Angeles,CA,90022-3112,US,US/Pacific,KCQT,2016-07-15 11:47:00,79.0,,54.0,29.95,6.0,Calm,,,Haze,False,False,False,False,False,False,False,False,False,False,False,False,False,Day,Day,Day,Day
A-49094,Source2,3,2016-07-15 12:37:12,2016-07-15 13:16:00,34.065979,-118.2164,,,0.0,Right hand shoulder blocked due to accident on I-5 Southbound after Exits 136 136A 136B Avenue 21.,Golden State Fwy S,Los Angeles,Los Angeles,CA,90031,US,US/Pacific,KCQT,2016-07-15 12:47:00,82.9,,47.0,29.94,8.0,Variable,3.5,,Clear,False,False,False,False,False,False,False,False,False,False,False,False,False,Day,Day,Day,Day
A-49095,Source2,3,2016-07-15 12:38:17,2016-07-15 13:18:00,34.054558,-118.202652,,,0.0,Accident on I-10 Westbound at Exit 19C San Bernardino Fwy.,San Bernardino Fwy W,Los Angeles,Los Angeles,CA,90033,US,US/Pacific,KCQT,2016-07-15 12:47:00,82.9,,47.0,29.94,8.0,Variable,3.5,,Clear,False,False,True,False,False,False,False,False,True,False,False,True,False,Day,Day,Day,Day
A-49102,Source2,3,2016-07-15 12:43:48,2016-07-15 13:23:00,34.036751,-118.317757,,,0.0,Right hand shoulder blocked due to accident on I-10 Westbound at Exits 10 11 Arlington Ave.,Arlington Ave,Los Angeles,Los Angeles,CA,90018,US,US/Pacific,KCQT,2016-07-15 12:47:00,82.9,,47.0,29.94,8.0,Variable,3.5,,Clear,False,False,False,False,True,False,False,False,False,False,False,False,False,Day,Day,Day,Day
A-49103,Source2,3,2016-07-15 12:45:28,2016-07-15 13:29:00,34.056049,-118.183029,,,0.0,Accident on I-10 Westbound at Exit 20A City Terrace Dr.,N Herbert Ave,Los Angeles,Los Angeles,CA,90063,US,US/Pacific,KCQT,2016-07-15 12:47:00,82.9,,47.0,29.94,8.0,Variable,3.5,,Clear,False,False,False,False,False,False,False,False,False,False,False,False,False,Day,Day,Day,Day
A-49106,Source2,3,2016-07-15 13:10:19,2016-07-15 13:55:19,34.087738,-118.475189,,,0.0,Accident on I-405 Southbound after Getty Center Dr. On the median.,I-405 N,Los Angeles,Los Angeles,CA,90049,US,US/Pacific,KSMO,2016-07-15 12:51:00,73.0,,66.0,29.96,8.0,WSW,10.4,,Clear,False,False,False,False,False,False,False,False,False,False,False,False,False,Day,Day,Day,Day
A-49107,Source2,3,2016-07-15 13:13:31,2016-07-15 13:58:31,33.92889,-118.291588,,,0.0,Right hand shoulder blocked due to accident on I-105 Westbound near Exit 7A Vermont Ave.,I-105 W,Los Angeles,Los Angeles,CA,90044,US,US/Pacific,KHHR,2016-07-15 12:53:00,75.0,,60.0,29.96,10.0,West,10.4,,Clear,False,False,False,False,False,False,True,False,True,False,False,False,False,Day,Day,Day,Day
A-49112,Source2,3,2016-07-15 13:32:08,2016-07-15 14:17:08,34.036644,-118.286247,,,0.0,Accident on I-10 Eastbound near Exit 13A 20th St. On the median.,I-10 E,Los Angeles,Los Angeles,CA,90007,US,US/Pacific,KCQT,2016-07-15 13:47:00,79.0,,56.0,29.93,9.0,Variable,6.9,,Clear,False,False,False,False,False,False,False,False,False,False,False,False,False,Day,Day,Day,Day
A-49120,Source2,2,2016-07-15 13:43:50,2016-07-15 14:58:50,33.94548,-118.30026200000002,,,0.0,Accident on Normandie Ave near Century Blvd.,W Century Blvd,Los Angeles,Los Angeles,CA,90047-3957,US,US/Pacific,KHHR,2016-07-15 13:53:00,75.0,,60.0,29.95,10.0,West,13.8,,Clear,False,False,True,False,False,False,False,False,True,False,False,True,False,Day,Day,Day,Day
A-49133,Source2,2,2016-07-15 14:56:54,2016-07-15 15:41:54,34.064682,-118.245506,,,0.0,One lane blocked due to accident on CA-110 Northbound near Exit 24A US-101.,Alpine St,Los Angeles,Los Angeles,CA,90012,US,US/Pacific,KCQT,2016-07-15 14:47:00,78.1,,56.0,29.91,10.0,Variable,3.5,,Clear,False,False,False,False,True,False,False,False,False,False,False,False,False,Day,Day,Day,Day
A-49142,Source2,3,2016-07-15 15:16:29,2016-07-15 16:01:29,34.031776,-118.429665,,,0.0,Slow lane blocked due to accident on I-10 Westbound near Exits 3A 3B I-405.,I-10 W,Los Angeles,Los Angeles,CA,90064,US,US/Pacific,KSMO,2016-07-15 14:51:00,73.0,,66.0,29.93,10.0,SW,10.4,,Clear,False,False,False,False,False,False,False,False,False,False,False,False,False,Day,Day,Day,Day
A-49144,Source2,3,2016-07-15 15:25:50,2016-07-15 16:10:50,34.053852,-118.209167,,,0.0,Accident on I-5 I-10 Eastbound near Exit 19A San Bernardino Fwy. On the median.,I-10 E,Los Angeles,Los Angeles,CA,90033,US,US/Pacific,KCQT,2016-07-15 15:47:00,77.0,,58.0,29.9,10.0,Variable,4.6,,Clear,False,False,False,False,False,False,False,False,False,False,False,False,False,Day,Day,Day,Day
A-49145,Source2,3,2016-07-15 15:22:00,2016-07-15 16:07:00,34.05761,-118.179672,,,0.0,Shoulder blocked on exit ramp due to accident on I-10 Eastbound near Exit 20A City Terrace Dr.,I-10 E,Los Angeles,Los Angeles,CA,90063,US,US/Pacific,KCQT,2016-07-15 15:47:00,77.0,,58.0,29.9,10.0,Variable,4.6,,Clear,False,False,False,False,False,False,False,False,False,False,False,False,False,Day,Day,Day,Day
A-49154,Source2,2,2016-07-15 15:46:19,2016-07-15 16:31:19,34.082504,-118.225723,,,0.0,One lane blocked due to accident on CA-110 Southbound near Exits 26A 26B I-5.,I-5 N,Los Angeles,Los Angeles,CA,90065,US,US/Pacific,KCQT,2016-07-15 15:47:00,77.0,,58.0,29.9,10.0,Variable,4.6,,Clear,False,False,False,False,False,False,False,False,False,False,False,False,False,Day,Day,Day,Day
A-49167,Source2,3,2016-07-15 16:37:56,2016-07-15 17:22:56,33.998714,-118.17627,,,0.0,Right hand shoulder blocked due to accident on I-710 Southbound near Exits 17A 17B Atlantic Blvd.,Long Beach Fwy S,Los Angeles,Los Angeles,CA,90058,US,US/Pacific,KCQT,2016-07-15 16:47:00,75.9,,60.0,29.88,10.0,Variable,4.6,,Clear,False,False,False,False,False,False,False,False,False,False,False,False,False,Day,Day,Day,Day
A-49177,Source2,2,2016-07-15 17:03:08,2016-07-15 17:48:08,34.152611,-118.285332,,,0.0,Accident on I-5 Southbound near Exits 144 144A 144B CA-134.,CA-134 E,Los Angeles,Los Angeles,CA,90027,US,US/Pacific,KCQT,2016-07-15 16:47:00,75.9,,60.0,29.88,10.0,Variable,4.6,,Clear,False,False,False,False,False,False,False,False,False,False,False,False,False,Day,Day,Day,Day
A-49178,Source2,2,2016-07-15 17:01:58,2016-07-15 17:46:58,34.075081,-118.274307,,,0.0,Slow lane blocked due to accident on US-101 Southbound near Exit 5A London St.,Hollywood Fwy S,Los Angeles,Los Angeles,CA,90026,US,US/Pacific,KCQT,2016-07-15 16:47:00,75.9,,60.0,29.88,10.0,Variable,4.6,,Clear,False,False,False,False,False,False,False,False,False,True,False,False,False,Day,Day,Day,Day
A-49179,Source2,3,2016-07-15 17:12:17,2016-07-15 17:57:17,34.034649,-118.267052,,,0.0,HOV lane blocked due to accident on I-10 Eastbound near Exit 13 17th St.,S Grand Ave,Los Angeles,Los Angeles,CA,90015,US,US/Pacific,KCQT,2016-07-15 16:47:00,75.9,,60.0,29.88,10.0,Variable,4.6,,Clear,False,False,False,False,False,False,False,False,False,False,False,False,False,Day,Day,Day,Day
A-49180,Source2,2,2016-07-15 17:11:40,2016-07-15 17:56:40,33.929516,-118.239182,,,0.0,Accident on Wilmington Ave near CA-90 Imperial Hwy.,E Imperial Hwy,Los Angeles,Los Angeles,CA,90059,US,US/Pacific,KHHR,2016-07-15 16:53:00,73.0,,64.0,29.9,10.0,WSW,11.5,,Clear,False,False,False,False,False,False,False,False,False,False,False,True,False,Day,Day,Day,Day
A-49181,Source2,2,2016-07-15 16:51:29,2016-07-15 17:36:29,34.071342,-118.235397,,,0.0,One lane blocked and right hand shoulder blocked due to accident on CA-110 Southbound near Exits 24B 24C 24D Stadium Way.,Pasadena Fwy S,Los Angeles,Los Angeles,CA,90012,US,US/Pacific,KCQT,2016-07-15 16:47:00,75.9,,60.0,29.88,10.0,Variable,4.6,,Clear,False,False,False,False,False,False,False,False,False,False,False,False,False,Day,Day,Day,Day
A-49182,Source2,3,2016-07-15 17:03:44,2016-07-15 17:48:44,34.068611,-118.216743,,,0.0,Lane blocked on exit ramp due to accident on I-5 Northbound near Exits 136 136A 136B Avenue 21.,I-5 N,Los Angeles,Los Angeles,CA,90031,US,US/Pacific,KCQT,2016-07-15 16:47:00,75.9,,60.0,29.88,10.0,Variable,4.6,,Clear,False,False,False,False,True,False,False,False,False,False,False,False,False,Day,Day,Day,Day
A-49184,Source2,3,2016-07-15 16:57:39,2016-07-15 17:42:39,34.000633,-118.174973,,,0.0,Shoulder blocked on exit ramp due to accident on I-710 Southbound near Exits 17A 17B Atlantic Blvd.,Long Beach Fwy S,Los Angeles,Los Angeles,CA,90058,US,US/Pacific,KCQT,2016-07-15 16:47:00,75.9,,60.0,29.88,10.0,Variable,4.6,,Clear,False,False,False,False,True,False,False,False,False,False,False,False,False,Day,Day,Day,Day
A-49201,Source2,2,2016-07-15 17:31:15,2016-07-15 18:16:15,34.020458000000005,-118.195641,,,0.0,Accident on Calzona St near Beswick St.,Beswick St,Los Angeles,Los Angeles,CA,90023,US,US/Pacific,KCQT,2016-07-15 17:47:00,73.9,,62.0,29.87,10.0,West,4.6,,Clear,False,False,False,False,False,False,False,False,False,True,False,False,False,Day,Day,Day,Day
A-49209,Source2,3,2016-07-15 17:45:49,2016-07-15 18:30:49,34.029697,-118.256065,,,0.0,Right hand shoulder blocked due to accident on I-10 Westbound near Exits 14B 15A 17th St.,I-10 W,Los Angeles,Los Angeles,CA,90015,US,US/Pacific,KCQT,2016-07-15 17:47:00,73.9,,62.0,29.87,10.0,West,4.6,,Clear,True,False,False,False,False,False,False,False,True,False,False,True,False,Day,Day,Day,Day
A-49210,Source2,2,2016-07-15 17:42:40,2016-07-15 18:27:40,34.011189,-118.12896,,,0.0,Accident on Olympic Blvd near Garfield Ave.,E Olympic Blvd,Los Angeles,Los Angeles,CA,90022-4733,US,US/Pacific,KCQT,2016-07-15 17:47:00,73.9,,62.0,29.87,10.0,West,4.6,,Clear,False,False,False,False,False,False,False,False,False,False,False,False,False,Day,Day,Day,Day
A-49217,Source2,3,2016-07-15 17:51:42,2016-07-15 18:51:42,34.147045,-118.279015,,,0.0,Right hand shoulder blocked due to accident on I-5 Northbound near Exit 142 Colorado Street Freeway Ext.,I-5 N,Los Angeles,Los Angeles,CA,90027,US,US/Pacific,KCQT,2016-07-15 17:47:00,73.9,,62.0,29.87,10.0,West,4.6,,Clear,False,False,False,False,True,False,False,False,False,False,False,False,False,Day,Day,Day,Day
A-49218,Source2,3,2016-07-15 18:16:00,2016-07-15 19:01:00,34.031918,-118.27449,,,0.0,Right hand shoulder blocked due to accident on I-110 Northbound near Exit 21 I-10.,Harbor Fwy N,Los Angeles,Los Angeles,CA,90007,US,US/Pacific,KCQT,2016-07-15 17:47:00,73.9,,62.0,29.87,10.0,West,4.6,,Clear,False,False,False,False,False,False,False,False,False,False,False,False,False,Day,Day,Day,Day
A-49219,Source2,2,2016-07-15 18:10:59,2016-07-15 18:55:59,34.062588,-118.248718,,,0.0,Right hand shoulder blocked due to accident on CA-110 Southbound near Exit 24A US-101.,CA-110 N,Los Angeles,Los Angeles,CA,90012,US,US/Pacific,KCQT,2016-07-15 17:47:00,73.9,,62.0,29.87,10.0,West,4.6,,Clear,False,False,False,False,False,False,False,False,False,False,False,False,False,Day,Day,Day,Day
A-49220,Source2,2,2016-07-15 17:57:30,2016-07-15 18:42:30,34.052708,-118.226204,,,0.0,One lane blocked due to accident on US-101 Northbound near Exits 1C 1D 1E San Bernardino Fwy.,US-101 N,Los Angeles,Los Angeles,CA,90033,US,US/Pacific,KCQT,2016-07-15 17:47:00,73.9,,62.0,29.87,10.0,West,4.6,,Clear,False,False,False,False,True,False,False,False,False,False,False,False,False,Day,Day,Day,Day
A-49221,Source2,3,2016-07-15 18:18:39,2016-07-15 19:03:39,34.010239,-118.160057,,,0.0,Right hand shoulder blocked due to accident on I-5 Southbound near Exit 130A Telegraph Rd.,Santa Ana Fwy S,Los Angeles,Los Angeles,CA,90022,US,US/Pacific,KCQT,2016-07-15 18:47:00,72.0,,66.0,29.88,10.0,Variable,3.5,,Clear,False,False,False,False,False,False,True,False,False,False,False,False,False,Day,Day,Day,Day
A-49236,Source2,2,2016-07-15 18:26:49,2016-07-15 19:11:49,34.049446,-118.264137,,,0.0,Middle lane blocked due to accident on CA-110 Southbound near Exit 22B James M Wood Blvd.,W 8th St,Los Angeles,Los Angeles,CA,90017-2508,US,US/Pacific,KCQT,2016-07-15 18:47:00,72.0,,66.0,29.88,10.0,Variable,3.5,,Clear,False,False,False,False,False,False,False,False,False,False,False,False,False,Day,Day,Day,Day
A-49238,Source2,2,2016-07-15 18:38:33,2016-07-15 19:23:33,34.057472,-118.254982,,,0.0,Right hand shoulder blocked due to accident on CA-110 Southbound near Exit 23C-A Beaudry Ave.,CA-110 S,Los Angeles,Los Angeles,CA,90012,US,US/Pacific,KCQT,2016-07-15 18:47:00,72.0,,66.0,29.88,10.0,Variable,3.5,,Clear,False,False,False,False,False,False,False,False,False,False,False,False,False,Day,Day,Day,Day
A-49240,Source2,3,2016-07-15 18:35:14,2016-07-15 19:20:14,34.066269,-118.216209,,,0.0,Shoulder blocked on exit ramp due to accident on I-5 Northbound near Exits 136 136A 136B Avenue 21.,I-5 N,Los Angeles,Los Angeles,CA,90031,US,US/Pacific,KCQT,2016-07-15 18:47:00,72.0,,66.0,29.88,10.0,Variable,3.5,,Clear,False,False,False,False,False,False,False,False,False,False,False,False,False,Day,Day,Day,Day
A-49258,Source2,2,2016-07-15 19:28:29,2016-07-15 20:13:29,34.079376,-118.291702,,,0.0,One lane blocked due to accident on US-101 Southbound near Exit 6A Vermont Ave.,N Vermont Ave,Los Angeles,Los Angeles,CA,90004,US,US/Pacific,KCQT,2016-07-15 19:47:00,70.0,,71.0,29.88,10.0,West,5.8,,Clear,False,False,False,False,False,False,False,False,True,False,False,False,False,Day,Day,Day,Day
A-49259,Source2,2,2016-07-15 19:35:29,2016-07-15 20:20:29,34.04797,-118.266563,,,0.0,One lane blocked due to accident on CA-110 Northbound near Exit 22B James M Wood Blvd.,CA-110 S,Los Angeles,Los Angeles,CA,90017,US,US/Pacific,KCQT,2016-07-15 19:47:00,70.0,,71.0,29.88,10.0,West,5.8,,Clear,False,False,False,False,False,False,False,False,False,False,False,False,False,Day,Day,Day,Day
A-49260,Source2,2,2016-07-15 19:30:37,2016-07-15 20:15:37,34.056171,-118.256004,,,0.0,Right hand shoulder blocked due to accident on CA-110 Southbound near Exit 23C-A Beaudry Ave.,CA-110 S,Los Angeles,Los Angeles,CA,90012,US,US/Pacific,KCQT,2016-07-15 19:47:00,70.0,,71.0,29.88,10.0,West,5.8,,Clear,False,False,False,False,False,False,False,False,False,False,False,False,False,Day,Day,Day,Day
A-49261,Source2,3,2016-07-15 19:25:16,2016-07-15 20:10:16,34.095539,-118.244049,,,0.0,Right hand shoulder blocked due to accident on I-5 Southbound near Exit 138 Stadium Way.,Riverside Dr,Los Angeles,Los Angeles,CA,90031,US,US/Pacific,KCQT,2016-07-15 19:47:00,70.0,,71.0,29.88,10.0,West,5.8,,Clear,False,False,False,False,False,False,False,False,False,False,False,False,False,Day,Day,Day,Day
A-49286,Source2,2,2016-07-15 19:45:05,2016-07-15 20:30:05,33.959881,-118.382568,,,0.0,Accident on CA-42 Manchester Ave near Ramsgate Ave.,Ramsgate Ave,Los Angeles,Los Angeles,CA,90045,US,US/Pacific,KLAX,2016-07-15 19:53:00,68.0,,78.0,29.88,10.0,West,11.5,,Partly Cloudy,False,False,False,False,False,False,False,False,False,False,False,False,False,Day,Day,Day,Day
A-49287,Source2,2,2016-07-15 19:48:41,2016-07-15 20:33:41,34.083508,-118.309135,,,0.0,Accident on Western Ave near Melrose Ave.,N Western Ave,Los Angeles,Los Angeles,CA,90004-1716,US,US/Pacific,KCQT,2016-07-15 19:47:00,70.0,,71.0,29.88,10.0,West,5.8,,Clear,False,False,True,False,False,False,False,False,True,False,False,True,False,Day,Day,Day,Day
A-49288,Source2,2,2016-07-15 19:44:05,2016-07-15 20:29:05,34.0354,-118.263992,,,0.0,Accident on 15th St near Hill St.,W 15th St,Los Angeles,Los Angeles,CA,90015-3046,US,US/Pacific,KCQT,2016-07-15 19:47:00,70.0,,71.0,29.88,10.0,West,5.8,,Clear,False,False,False,False,False,False,False,False,False,False,False,False,False,Day,Day,Day,Day
A-49296,Source2,3,2016-07-15 20:03:08,2016-07-15 20:48:08,34.037144,-118.300369,,,0.0,Right hand shoulder blocked due to accident on I-10 Westbound near Exit 12 Normandie Ave.,I-10 W,Los Angeles,Los Angeles,CA,90007,US,US/Pacific,KCQT,2016-07-15 19:47:00,70.0,,71.0,29.88,10.0,West,5.8,,Clear,False,False,False,False,False,False,False,False,False,False,False,False,False,Day,Day,Day,Day
A-49297,Source2,3,2016-07-15 20:04:00,2016-07-15 20:49:00,34.049640999999994,-118.214172,,,0.0,Right hand shoulder blocked due to accident on I-5 I-10 Northbound near Exit 135B Cesar E Chavez Ave.,Golden State Fwy S,Los Angeles,Los Angeles,CA,90033,US,US/Pacific,KCQT,2016-07-15 19:47:00,70.0,,71.0,29.88,10.0,West,5.8,,Clear,False,False,False,False,False,False,False,False,False,False,False,False,False,Night,Day,Day,Day
A-49298,Source2,3,2016-07-15 20:12:45,2016-07-15 20:57:45,34.00885,-118.15858500000002,,,0.0,One lane blocked due to accident on I-5 Southbound near Exit 129 Eastern Ave.,I-5 N,Los Angeles,Los Angeles,CA,90040,US,US/Pacific,KCQT,2016-07-15 19:47:00,70.0,,71.0,29.88,10.0,West,5.8,,Clear,False,False,False,False,False,False,False,False,False,False,False,True,False,Night,Day,Day,Day
A-49305,Source2,3,2016-07-15 20:15:19,2016-07-15 21:00:19,34.029872999999995,-118.392464,,,0.0,Right hand shoulder blocked due to accident on I-10 Eastbound near Exit 6 Robertson Pl.,I-10 E,Los Angeles,Los Angeles,CA,90034,US,US/Pacific,KSMO,2016-07-15 19:51:00,69.1,,75.0,29.88,10.0,West,6.9,,Clear,False,False,False,False,False,False,False,False,False,False,False,False,False,Night,Day,Day,Day
A-49306,Source2,2,2016-07-15 20:15:52,2016-07-15 21:00:52,33.950912,-118.30026200000002,,,0.0,Accident on 94th St near Normandie Ave.,W 94th St,Los Angeles,Los Angeles,CA,90044-1918,US,US/Pacific,KHHR,2016-07-15 19:53:00,69.1,,75.0,29.88,10.0,West,9.2,,Clear,False,False,True,False,False,False,False,False,False,True,False,False,False,Night,Day,Day,Day
A-49308,Source2,2,2016-07-15 20:20:07,2016-07-15 21:20:07,34.053631,-118.214165,,,0.0,Accident on San Bernardino Fwy Southbound at Exit 19 I-10.,Golden State Fwy S,Los Angeles,Los Angeles,CA,90033,US,US/Pacific,KCQT,2016-07-15 20:47:00,68.0,,78.0,29.88,10.0,Variable,3.5,,Clear,False,False,False,False,False,False,False,False,False,False,False,False,False,Night,Day,Day,Day
A-49326,Source2,2,2016-07-15 20:38:57,2016-07-15 21:23:57,34.155045,-118.310867,,,0.0,Right hand shoulder blocked due to accident on CA-134 Eastbound near Exit 4 Forest Lawn Dr.,Forest Lawn Dr,Los Angeles,Los Angeles,CA,90027,US,US/Pacific,KCQT,2016-07-15 20:47:00,68.0,,78.0,29.88,10.0,Variable,3.5,,Clear,False,False,False,False,False,False,False,False,False,False,False,False,False,Night,Night,Day,Day
A-49327,Source2,2,2016-07-15 20:39:30,2016-07-15 21:24:30,33.920216,-118.300377,,,0.0,Accident on Normandie Ave near 124th St.,S Normandie Ave,Los Angeles,Los Angeles,CA,90047,US,US/Pacific,KHHR,2016-07-15 20:48:00,68.0,,83.0,29.9,10.0,WSW,9.2,,Mostly Cloudy,False,False,True,False,False,False,False,False,False,True,False,False,False,Night,Night,Day,Day
A-49332,Source2,3,2016-07-15 20:53:14,2016-07-15 21:38:14,34.07291,-118.466553,,,0.0,Right hand shoulder blocked due to accident on I-405 Northbound near Exits 57 57A Church Ln.,I-405 N,Los Angeles,Los Angeles,CA,90049,US,US/Pacific,KSMO,2016-07-15 20:51:00,68.0,,81.0,29.89,10.0,SW,6.9,,Scattered Clouds,False,False,False,False,False,False,False,False,False,False,False,False,False,Night,Night,Day,Day
A-49333,Source2,2,2016-07-15 20:41:35,2016-07-15 21:26:35,34.098068,-118.314629,,,0.0,Accident on US-101 Southbound near Exit 8A Sunset Blvd. On the median.,Hollywood Fwy S,Los Angeles,Los Angeles,CA,90028,US,US/Pacific,KCQT,2016-07-15 20:47:00,68.0,,78.0,29.88,10.0,Variable,3.5,,Clear,False,False,False,False,False,False,False,False,False,False,False,False,False,Night,Night,Day,Day
A-49348,Source2,3,2016-07-15 21:48:04,2016-07-15 22:33:04,34.055695,-118.451965,,,0.0,Accident on I-405 Southbound at Exits 55B 55C Wilshire Blvd.,I-405 N,Los Angeles,Los Angeles,CA,90025,US,US/Pacific,KSMO,2016-07-15 21:51:00,66.0,,87.0,29.91,10.0,SW,10.4,,Overcast,False,False,False,False,False,False,False,False,False,False,False,False,False,Night,Night,Night,Night
A-49349,Source2,3,2016-07-15 21:41:43,2016-07-15 22:26:43,34.02676,-118.430115,,,0.0,Right hand shoulder blocked due to accident on I-405 Southbound at National Blvd.,National Blvd,Los Angeles,Los Angeles,CA,90064,US,US/Pacific,KSMO,2016-07-15 21:51:00,66.0,,87.0,29.91,10.0,SW,10.4,,Overcast,False,False,False,False,False,False,False,False,False,False,False,False,False,Night,Night,Night,Day
A-49372,Source2,3,2016-07-15 22:48:04,2016-07-15 23:33:04,34.087738,-118.475189,,,0.0,Right hand shoulder blocked due to accident on I-405 Northbound at Getty Center Dr.,I-405 N,Los Angeles,Los Angeles,CA,90049,US,US/Pacific,KSMO,2016-07-15 22:51:00,64.9,,87.0,29.93,10.0,SW,6.9,,Overcast,False,False,False,False,False,False,False,False,False,False,False,False,False,Night,Night,Night,Night
A-49374,Source2,2,2016-07-15 22:37:53,2016-07-15 23:22:53,34.090775,-118.30658,,,0.0,Accident on US-101 at Exit 7 CA-2 Santa Monica Blvd.,Santa Monica Blvd,Los Angeles,Los Angeles,CA,90029-1105,US,US/Pacific,KCQT,2016-07-15 22:47:00,66.0,,84.0,29.92,10.0,Variable,4.6,,Overcast,False,False,False,False,False,False,False,False,False,False,False,False,False,Night,Night,Night,Night
A-49394,Source2,3,2016-07-15 23:43:31,2016-07-16 00:28:31,34.026478000000004,-118.234978,,,0.0,Accident on I-10 Westbound at Olympic Blvd.,E Olympic Blvd,Los Angeles,Los Angeles,CA,90021,US,US/Pacific,KCQT,2016-07-15 23:47:00,64.9,,84.0,29.92,10.0,Calm,,,Overcast,False,False,False,False,False,False,False,False,False,False,False,False,False,Night,Night,Night,Night
A-49401,Source2,3,2016-07-15 23:55:51,2016-07-16 00:40:51,34.037040999999995,-118.291573,,,0.0,Accident on I-10 Eastbound at Exit 11 Vermont Ave.,S Vermont Ave,Los Angeles,Los Angeles,CA,90007-1256,US,US/Pacific,KCQT,2016-07-15 23:47:00,64.9,,84.0,29.92,10.0,Calm,,,Overcast,False,False,False,False,False,False,False,False,False,False,False,False,False,Night,Night,Night,Night
A-49402,Source2,3,2016-07-15 23:57:13,2016-07-16 00:42:13,34.096596000000005,-118.476944,,,0.0,Third lane blocked due to accident on I-405 Northbound at Getty Center Dr.,I-405 N,Los Angeles,Los Angeles,CA,90049,US,US/Pacific,KSMO,2016-07-15 23:51:00,64.0,,87.0,29.94,10.0,North,,,Overcast,False,False,False,False,False,False,False,False,False,False,False,False,False,Night,Night,Night,Night
A-49412,Source2,3,2016-07-16 02:49:00,2016-07-16 03:34:00,34.037216,-118.284004,,,0.0,#1 lane blocked due to accident on I-10 Eastbound at Exit 13A 20th St.,S Hoover St,Los Angeles,Los Angeles,CA,90007,US,US/Pacific,KCQT,2016-07-16 02:47:00,64.0,,84.0,29.92,9.0,Calm,,,Clear,False,False,False,False,False,False,False,False,False,False,False,False,False,Night,Night,Night,Night
A-49419,Source2,2,2016-07-16 05:14:03,2016-07-16 05:44:03,34.13308,-118.352524,,,0.0,Lane blocked due to accident on US-101 Northbound at Buddy Holly Dr.,CA-170 S,Los Angeles,Los Angeles,CA,90068,US,US/Pacific,KBUR,2016-07-16 04:53:00,63.0,,90.0,29.89,7.0,SSE,5.8,,Overcast,False,False,False,False,False,False,False,False,False,False,False,True,False,Night,Night,Day,Day
A-49421,Source2,3,2016-07-16 06:27:48,2016-07-16 07:29:50,34.036655,-118.375648,,,0.0,Accident on I-10 Westbound at Exit 7B Fairfax Ave.,Venice Blvd,Los Angeles,Los Angeles,CA,90034,US,US/Pacific,KSMO,2016-07-16 06:51:00,66.0,,78.0,29.94,8.0,Variable,3.5,,Overcast,False,False,True,False,False,False,False,False,False,False,False,False,False,Day,Day,Day,Day
A-49422,Source2,3,2016-07-16 07:29:03,2016-07-16 07:59:03,34.154884,-118.288795,,,0.0,Accident on I-5 Southbound at Exits 144 144A 144B CA-134.,Golden State Fwy S,Los Angeles,Los Angeles,CA,90027,US,US/Pacific,KCQT,2016-07-16 07:22:00,66.9,,79.0,29.94,5.0,Calm,,,Haze,False,False,False,False,True,False,False,False,False,False,False,False,False,Day,Day,Day,Day
A-49425,Source2,2,2016-07-16 08:21:52,2016-07-16 08:51:52,34.082504,-118.225723,,,0.0,Right hand shoulder blocked due to accident on CA-110 Southbound at Exits 26A 26B I-5.,I-5 N,Los Angeles,Los Angeles,CA,90065,US,US/Pacific,KCQT,2016-07-16 08:47:00,70.0,,71.0,29.94,5.0,Calm,,,Haze,False,False,False,False,False,False,False,False,False,False,False,False,False,Day,Day,Day,Day
A-49427,Source2,2,2016-07-16 09:17:48,2016-07-16 10:10:00,33.974758,-118.25206,,,0.0,Accident on Florence Ave at Hooper Ave.,Hooper Ave,Los Angeles,Los Angeles,CA,90001-1901,US,US/Pacific,KCQT,2016-07-16 09:47:00,70.0,,71.0,29.96,5.0,Calm,,,Haze,False,False,True,False,False,False,False,False,True,False,False,True,False,Day,Day,Day,Day
A-49434,Source2,2,2016-07-16 10:24:29,2016-07-16 11:30:00,34.155045,-118.310867,,,0.0,Lane blocked due to accident on CA-134 Eastbound at Exit 4 Forest Lawn Dr.,Forest Lawn Dr,Los Angeles,Los Angeles,CA,90027,US,US/Pacific,KCQT,2016-07-16 10:23:00,73.0,,66.0,29.96,6.0,Calm,,,Haze,False,False,False,False,False,False,False,False,False,False,False,False,False,Day,Day,Day,Day
A-49436,Source2,3,2016-07-16 11:27:40,2016-07-16 12:30:00,34.065979,-118.2164,,,0.0,Accident on I-5 Northbound at Exits 136 136A 136B Avenue 21.,Golden State Fwy S,Los Angeles,Los Angeles,CA,90031,US,US/Pacific,KCQT,2016-07-16 11:47:00,78.1,,52.0,29.93,7.0,Variable,3.5,,Clear,False,False,False,False,False,False,False,False,False,False,False,False,False,Day,Day,Day,Day
A-49443,Source2,3,2016-07-16 13:28:19,2016-07-16 14:30:00,33.974655,-118.280609,,,0.0,Accident on I-110 Northbound at Exit 17 Grand Ave.,W Florence Ave,Los Angeles,Los Angeles,CA,90003-1850,US,US/Pacific,KHHR,2016-07-16 13:53:00,75.0,,57.0,29.92,10.0,West,12.7,,Clear,False,False,False,False,False,False,False,False,False,False,False,False,False,Day,Day,Day,Day
A-49444,Source2,3,2016-07-16 13:32:20,2016-07-16 14:30:00,34.027458,-118.27449,,,0.0,Accident on I-110 Northbound at Exit 20C Adams Blvd.,Harbor Fwy N,Los Angeles,Los Angeles,CA,90007,US,US/Pacific,KCQT,2016-07-16 13:47:00,80.1,,50.0,29.9,10.0,Variable,5.8,,Clear,False,False,False,False,False,False,False,False,False,False,False,False,False,Day,Day,Day,Day
A-49445,Source2,2,2016-07-16 13:26:50,2016-07-16 14:30:00,33.916416,-118.269577,,,0.0,Accident on El Segundo Blvd at San Pedro St.,E El Segundo Blvd,Los Angeles,Los Angeles,CA,90061-2357,US,US/Pacific,KHHR,2016-07-16 13:53:00,75.0,,57.0,29.92,10.0,West,12.7,,Clear,False,False,False,False,False,False,False,False,False,False,False,True,False,Day,Day,Day,Day
A-49460,Source2,2,2016-07-16 18:12:22,2016-07-16 19:12:22,33.997543,-118.349693,,,0.0,Accident on Parkglen Ave near Valleydale Ave.,Parkglen Ave,Los Angeles,Los Angeles,CA,90043-1015,US,US/Pacific,KHHR,2016-07-16 17:53:00,72.0,,66.0,29.88,10.0,WSW,13.8,,Clear,False,False,False,False,False,False,False,False,False,False,False,False,False,Day,Day,Day,Day
A-49463,Source2,2,2016-07-16 19:08:55,2016-07-16 19:38:55,34.093781,-118.309196,,,0.0,Accident on US-101 Northbound at Exit 7 Western Ave.,N Western Ave,Los Angeles,Los Angeles,CA,90029-1060,US,US/Pacific,KCQT,2016-07-16 18:47:00,72.0,,66.0,29.86,10.0,Variable,3.5,,Clear,False,False,True,False,False,False,False,False,True,True,False,False,False,Day,Day,Day,Day
A-49471,Source2,3,2016-07-16 20:21:29,2016-07-16 20:51:29,34.047024,-118.446587,,,0.0,Accident on I-405 Southbound at Exit 55A Cotner Ave.,I-405 N,Los Angeles,Los Angeles,CA,90025,US,US/Pacific,KSMO,2016-07-16 19:51:00,68.0,,78.0,29.88,10.0,WSW,5.8,,Partly Cloudy,False,False,False,False,False,False,False,False,False,False,False,False,False,Night,Day,Day,Day
A-49472,Source2,2,2016-07-16 20:20:34,2016-07-16 20:50:34,34.13308,-118.352524,,,0.0,Accident on US-101 Northbound at Buddy Holly Dr.,CA-170 S,Los Angeles,Los Angeles,CA,90068,US,US/Pacific,KBUR,2016-07-16 19:53:00,73.0,,57.0,29.83,10.0,South,6.9,,Clear,False,False,False,False,False,False,False,False,False,False,False,True,False,Night,Day,Day,Day
A-49474,Source2,2,2016-07-16 21:09:52,2016-07-16 21:39:52,33.956965999999994,-118.23967,,,0.0,Accident on Bandera St at 88th St.,Bandera St,Los Angeles,Los Angeles,CA,90002-1415,US,US/Pacific,KHHR,2016-07-16 20:53:00,68.0,,78.0,29.89,10.0,WSW,10.4,,Scattered Clouds,False,False,False,False,False,False,False,False,False,False,False,False,False,Night,Night,Night,Day
A-49481,Source2,2,2016-07-16 22:48:44,2016-07-16 23:18:44,34.031368,-118.260094,,,0.0,Accident on I-10 Westbound at Exit 14A 18th St.,I-10 W,Los Angeles,Los Angeles,CA,90015,US,US/Pacific,KCQT,2016-07-16 22:47:00,66.9,,81.0,29.91,10.0,West,3.5,,Mostly Cloudy,False,False,False,False,False,False,False,False,False,False,False,False,False,Night,Night,Night,Night
A-49483,Source2,2,2016-07-16 23:58:29,2016-07-17 00:28:29,33.934032,-118.300308,,,0.0,Accident on 111th St Westbound at Normandie Ave. Expect delays.,W 111th St,Los Angeles,Los Angeles,CA,90047-4924,US,US/Pacific,KHHR,2016-07-16 23:53:00,66.9,,79.0,29.92,10.0,West,8.1,,Overcast,False,False,False,False,False,False,False,False,False,True,False,False,False,Night,Night,Night,Night
A-49487,Source2,2,2016-07-17 01:07:01,2016-07-17 02:07:01,34.059265,-118.252594,,,0.0,Accident on CA-110 Northbound at Exit 23C-A Beaudry Ave.,CA-110 N,Los Angeles,Los Angeles,CA,90012,US,US/Pacific,KCQT,2016-07-17 00:47:00,64.9,,84.0,29.91,10.0,Calm,,,Partly Cloudy,False,False,False,False,False,False,False,False,False,False,False,False,False,Night,Night,Night,Night
A-49492,Source2,3,2016-07-17 01:56:44,2016-07-17 02:41:44,34.085339000000005,-118.23153700000002,,,0.0,Accident on I-5 Northbound at Riverside Dr.,Golden State Fwy S,Los Angeles,Los Angeles,CA,90031,US,US/Pacific,KCQT,2016-07-17 01:47:00,64.0,,84.0,29.9,10.0,Calm,,,Clear,False,False,False,False,True,False,False,False,False,False,False,False,False,Night,Night,Night,Night
A-49493,Source2,3,2016-07-17 01:57:32,2016-07-17 02:42:32,33.987499,-118.13755,,,0.0,Accident on I-5 Southbound at Exit 128A Bandini Blvd.,Garfield Ave,Los Angeles,Los Angeles,CA,90040,US,US/Pacific,KCQT,2016-07-17 01:47:00,64.0,,84.0,29.9,10.0,Calm,,,Clear,False,False,False,False,False,False,False,False,False,False,False,False,False,Night,Night,Night,Night
A-49496,Source2,3,2016-07-17 02:26:08,2016-07-17 03:41:08,34.031662,-118.426659,,,0.0,#3 lane blocked due to accident on I-10 Eastbound at Exits 3A 3B I-405.,I-10 E,Los Angeles,Los Angeles,CA,90064,US,US/Pacific,KSMO,2016-07-17 02:51:00,64.9,,81.0,29.92,10.0,Calm,,,Overcast,False,False,False,False,False,False,False,False,False,False,False,False,False,Night,Night,Night,Night
A-49499,Source2,3,2016-07-17 03:48:37,2016-07-17 04:18:37,34.043385,-118.21701000000002,,,0.0,Accident on I-10 Westbound at Cummings St.,Golden State Fwy S,Los Angeles,Los Angeles,CA,90033,US,US/Pacific,KCQT,2016-07-17 03:47:00,64.0,,84.0,29.9,10.0,Calm,,,Overcast,False,False,False,False,False,False,False,False,False,False,False,False,False,Night,Night,Night,Night
A-49501,Source2,2,2016-07-18 11:30:11,2016-07-18 12:12:00,34.10292800000001,-118.195045,,,0.0,Accident on CA-110 Southbound at Exit 28A Avenue 52.,Pasadena Fwy S,Los Angeles,Los Angeles,CA,90042,US,US/Pacific,KCQT,2016-07-18 11:47:00,80.1,,52.0,30.01,10.0,Calm,,,Clear,False,False,False,False,True,False,False,False,False,False,False,False,False,Day,Day,Day,Day
A-49514,Source2,3,2016-07-18 10:41:20,2016-07-18 12:21:50,34.036751,-118.317757,,,0.0,Right hand shoulder blocked due to accident on I-10 Westbound at Exits 10 11 Arlington Ave.,Arlington Ave,Los Angeles,Los Angeles,CA,90018,US,US/Pacific,KCQT,2016-07-18 10:47:00,80.1,,52.0,30.01,10.0,Variable,3.5,,Clear,False,False,False,False,True,False,False,False,False,False,False,False,False,Day,Day,Day,Day
A-49515,Source2,2,2016-07-18 11:50:46,2016-07-18 12:28:00,33.982388,-118.278297,,,0.0,Accident on Gage Ave both ways at Broadway.,S Broadway,Los Angeles,Los Angeles,CA,90003-1430,US,US/Pacific,KHHR,2016-07-18 11:53:00,77.0,,56.0,30.03,10.0,WSW,8.1,,Clear,False,False,True,False,False,False,False,False,False,False,False,True,False,Day,Day,Day,Day
A-49517,Source2,3,2016-07-18 11:50:03,2016-07-18 12:28:00,34.104416,-118.250275,,,0.0,Right hand shoulder blocked due to accident on I-5 Southbound at Exits 138 139 139A 139B CA-2.,CA-2 S,Los Angeles,Los Angeles,CA,90039,US,US/Pacific,KCQT,2016-07-18 11:47:00,80.1,,52.0,30.01,10.0,Calm,,,Clear,False,False,False,False,False,False,False,False,False,False,False,False,False,Day,Day,Day,Day
A-49518,Source2,2,2016-07-18 11:48:32,2016-07-18 12:29:00,33.957775,-118.231056,,,0.0,Accident on Alameda St both ways at CA-42 Firestone Blvd.,Firestone Blvd,Los Angeles,Los Angeles,CA,90002-1546,US,US/Pacific,KHHR,2016-07-18 11:53:00,77.0,,56.0,30.03,10.0,WSW,8.1,,Clear,False,False,True,False,False,False,False,False,False,False,False,True,False,Day,Day,Day,Day
A-49539,Source2,2,2016-07-18 12:29:48,2016-07-18 13:09:00,34.029594,-118.231377,,,0.0,Accident on 8th St both ways at CA-60.,E 8th St,Los Angeles,Los Angeles,CA,90021-1732,US,US/Pacific,KCQT,2016-07-18 12:47:00,80.1,,50.0,30.01,10.0,Calm,,,Clear,False,False,False,False,False,False,False,False,False,False,False,False,False,Day,Day,Day,Day
A-49547,Source2,2,2016-07-18 12:43:14,2016-07-18 13:23:00,34.014874,-118.239655,,,0.0,Accident on Alameda St both ways at 24th St.,S Alameda St,Los Angeles,Los Angeles,CA,90058-1332,US,US/Pacific,KCQT,2016-07-18 12:47:00,80.1,,50.0,30.01,10.0,Calm,,,Clear,False,False,False,False,False,False,False,False,False,False,False,True,False,Day,Day,Day,Day
A-49548,Source2,3,2016-07-18 12:43:53,2016-07-18 13:24:00,34.015575,-118.172272,,,0.0,#5 &amp; #6 lane blocked due to accident on I-710 Northbound at Exits 18A 18B I-5.,Long Beach Fwy N,Los Angeles,Los Angeles,CA,90040,US,US/Pacific,KCQT,2016-07-18 12:47:00,80.1,,50.0,30.01,10.0,Calm,,,Clear,False,False,False,False,False,False,False,False,False,False,False,False,False,Day,Day,Day,Day
A-49550,Source2,3,2016-07-18 13:15:23,2016-07-18 13:45:23,34.031776,-118.429665,,,0.0,Fast lane blocked due to accident on I-10 Westbound at Exits 3A 3B I-405.,I-10 W,Los Angeles,Los Angeles,CA,90064,US,US/Pacific,KSMO,2016-07-18 12:51:00,75.0,,62.0,30.03,9.0,WSW,8.1,,Clear,False,False,False,False,False,False,False,False,False,False,False,False,False,Day,Day,Day,Day
A-49551,Source2,3,2016-07-18 13:16:03,2016-07-18 13:46:03,34.024857,-118.42836,,,0.0,Accident on I-405 Northbound at Exits 53 53A 53B I-10.,I-405 N,Los Angeles,Los Angeles,CA,90034,US,US/Pacific,KSMO,2016-07-18 12:51:00,75.0,,62.0,30.03,9.0,WSW,8.1,,Clear,False,False,False,False,False,False,False,False,False,False,False,False,False,Day,Day,Day,Day
A-49552,Source2,2,2016-07-18 13:18:16,2016-07-18 13:48:16,33.958225,-118.247299,,,0.0,Accident on 87th Pl at Compton Ave.,Compton Ave,Los Angeles,Los Angeles,CA,90002-1327,US,US/Pacific,KHHR,2016-07-18 12:53:00,75.9,,58.0,30.03,10.0,WSW,9.2,,Clear,False,False,False,False,False,False,False,False,False,False,False,False,False,Day,Day,Day,Day
A-49558,Source2,3,2016-07-18 13:55:51,2016-07-18 14:25:51,34.047024,-118.446587,,,0.0,HOV lane blocked due to accident on I-405 Southbound at Exit 55A Cotner Ave.,I-405 N,Los Angeles,Los Angeles,CA,90025,US,US/Pacific,KSMO,2016-07-18 13:51:00,75.9,,58.0,30.02,10.0,SSW,10.4,,Clear,False,False,False,False,False,False,False,False,False,False,False,False,False,Day,Day,Day,Day
A-49561,Source2,3,2016-07-18 14:30:12,2016-07-18 15:00:12,34.034954,-118.33371,,,0.0,#1 lane blocked due to accident on I-10 Westbound at Exit 9 Crenshaw Blvd.,I-10 E,Los Angeles,Los Angeles,CA,90016,US,US/Pacific,KSMO,2016-07-18 14:51:00,73.9,,62.0,30.0,10.0,WSW,10.4,,Clear,False,False,False,False,False,False,False,False,False,False,False,False,False,Day,Day,Day,Day
A-49562,Source2,2,2016-07-18 14:23:57,2016-07-18 14:53:57,34.02663,-118.144432,,,0.0,Accident on Beverly Blvd at Gerhart Ave.,E Beverly Blvd,Los Angeles,Los Angeles,CA,90022-2822,US,US/Pacific,KCQT,2016-07-18 14:47:00,79.0,,52.0,29.98,10.0,Variable,3.5,,Clear,False,False,False,False,False,False,False,False,False,False,False,False,False,Day,Day,Day,Day
A-49564,Source2,3,2016-07-18 14:37:31,2016-07-18 15:07:31,33.978756,-118.39193,,,0.0,Accident on I-405 Southbound at Exits 49 49B Sepulveda Blvd.,San Diego Fwy S,Los Angeles,Los Angeles,CA,90045,US,US/Pacific,KLAX,2016-07-18 14:53:00,73.9,,64.0,30.0,10.0,West,13.8,,Clear,False,False,False,False,True,False,False,False,False,False,False,False,False,Day,Day,Day,Day
A-49565,Source2,3,2016-07-18 14:38:18,2016-07-18 15:08:18,33.928940000000004,-118.280708,,,0.0,#1 and HOV lane blocked due to accident on I-105 Westbound at Exits 7A 7B I-110.,I-105 W,Los Angeles,Los Angeles,CA,90061,US,US/Pacific,KHHR,2016-07-18 14:53:00,77.0,,56.0,30.0,10.0,WSW,12.7,,Clear,False,False,False,False,False,False,False,False,False,False,False,False,False,Day,Day,Day,Day
A-49567,Source2,3,2016-07-18 14:58:16,2016-07-18 15:28:16,34.004791,-118.173012,,,0.0,Accident on I-710 Northbound at Exits 17B 17C Washington Blvd.,Long Beach Fwy S,Los Angeles,Los Angeles,CA,90040,US,US/Pacific,KCQT,2016-07-18 14:47:00,79.0,,52.0,29.98,10.0,Variable,3.5,,Clear,False,False,False,False,False,False,False,False,False,False,False,False,False,Day,Day,Day,Day
A-49570,Source2,2,2016-07-18 15:22:11,2016-07-18 15:52:11,34.026089,-118.20608500000002,,,0.0,Accident on Grande Vista Ave at I-5.,Atlantic St,Los Angeles,Los Angeles,CA,90023-2246,US,US/Pacific,KCQT,2016-07-18 15:47:00,79.0,,52.0,29.97,10.0,Calm,,,Clear,False,False,False,False,False,False,False,False,False,False,False,False,False,Day,Day,Day,Day
A-49575,Source2,3,2016-07-18 15:34:45,2016-07-18 16:19:45,34.034149,-118.350067,,,0.0,Accident on I-10 Westbound at Exit 8 La Brea Ave.,S La Brea Ave,Los Angeles,Los Angeles,CA,90016,US,US/Pacific,KSMO,2016-07-18 15:51:00,73.9,,64.0,29.99,10.0,West,10.4,,Clear,False,False,False,False,True,False,False,False,False,False,False,False,False,Day,Day,Day,Day
A-49578,Source2,3,2016-07-18 16:16:52,2016-07-18 16:46:52,34.031322,-118.433723,,,0.0,Right hand shoulder blocked due to accident on I-405 Southbound at Exits 53 53A 53B I-10.,I-10 W,Los Angeles,Los Angeles,CA,90064,US,US/Pacific,KSMO,2016-07-18 15:51:00,73.9,,64.0,29.99,10.0,West,10.4,,Clear,False,False,False,False,False,False,False,False,False,False,False,False,False,Day,Day,Day,Day
A-49581,Source2,3,2016-07-18 16:29:06,2016-07-18 16:59:06,34.034954,-118.33371,,,0.0,Right hand shoulder blocked due to accident on I-10 Westbound at Exit 9 Crenshaw Blvd.,I-10 E,Los Angeles,Los Angeles,CA,90016,US,US/Pacific,KSMO,2016-07-18 16:51:00,73.9,,64.0,29.98,10.0,SW,10.4,,Clear,False,False,False,False,False,False,False,False,False,False,False,False,False,Day,Day,Day,Day
A-49582,Source2,2,2016-07-18 16:45:13,2016-07-18 17:45:13,34.069759000000005,-118.236176,,,0.0,Accident on CA-110 Southbound at Exits 24B 24C 24D Stadium Way.,Pasadena Fwy S,Los Angeles,Los Angeles,CA,90012,US,US/Pacific,KCQT,2016-07-18 16:47:00,77.0,,58.0,29.96,10.0,Variable,4.6,,Clear,False,False,False,False,True,False,False,False,False,False,False,False,False,Day,Day,Day,Day
A-49583,Source2,3,2016-07-18 16:54:24,2016-07-18 17:24:24,33.998795,-118.175972,,,0.0,Accident on I-710 Northbound at Exits 17A 17B Atlantic Blvd.,Long Beach Fwy N,Los Angeles,Los Angeles,CA,90058,US,US/Pacific,KCQT,2016-07-18 16:47:00,77.0,,58.0,29.96,10.0,Variable,4.6,,Clear,False,False,False,False,True,False,False,False,False,False,False,False,False,Day,Day,Day,Day
A-49593,Source2,2,2016-07-18 17:53:35,2016-07-18 18:23:35,34.056118,-118.241188,,,0.0,#3 lane blocked due to accident on US-101 Southbound at Exit 2C Alameda St.,US-101 S,Los Angeles,Los Angeles,CA,90012,US,US/Pacific,KCQT,2016-07-18 17:47:00,75.9,,60.0,29.95,10.0,Variable,3.5,,Clear,False,False,False,False,False,False,False,False,False,False,False,False,False,Day,Day,Day,Day
A-49611,Source2,3,2016-07-18 19:07:23,2016-07-18 19:37:23,34.037216,-118.284004,,,0.0,#1 lane blocked due to accident on I-10 Eastbound at Exit 13A 20th St.,S Hoover St,Los Angeles,Los Angeles,CA,90007,US,US/Pacific,KCQT,2016-07-18 18:47:00,73.0,,66.0,29.96,10.0,West,4.6,,Clear,False,False,False,False,False,False,False,False,False,False,False,False,False,Day,Day,Day,Day
A-49612,Source2,2,2016-07-18 18:57:15,2016-07-18 19:48:15,34.029461,-118.221443,,,0.0,Accident on CA-60 Westbound at Exits 1A 1B I-10.,Pomona Fwy W,Los Angeles,Los Angeles,CA,90023,US,US/Pacific,KCQT,2016-07-18 18:47:00,73.0,,66.0,29.96,10.0,West,4.6,,Clear,False,False,False,False,False,False,False,False,False,False,False,False,False,Day,Day,Day,Day
A-49622,Source2,3,2016-07-18 19:27:11,2016-07-18 19:57:11,34.031918,-118.27449,,,0.0,Accident on I-110 Northbound at Exit 21 I-10.,Harbor Fwy N,Los Angeles,Los Angeles,CA,90007,US,US/Pacific,KCQT,2016-07-18 19:47:00,71.1,,70.0,29.97,10.0,Variable,4.6,,Clear,False,False,False,False,False,False,False,False,False,False,False,False,False,Day,Day,Day,Day
A-49623,Source2,3,2016-07-18 19:29:02,2016-07-18 19:59:02,34.106606,-118.25583600000002,,,0.0,Accident on I-5 Northbound at Exit 140A Fletcher Dr.,Fletcher Dr,Los Angeles,Los Angeles,CA,90039-2802,US,US/Pacific,KCQT,2016-07-18 19:47:00,71.1,,70.0,29.97,10.0,Variable,4.6,,Clear,False,False,False,False,False,False,False,False,False,False,False,False,False,Day,Day,Day,Day
A-49637,Source2,2,2016-07-18 20:10:51,2016-07-18 20:40:51,33.916416,-118.27832,,,0.0,Accident on El Segundo Blvd at Broadway.,W El Segundo Blvd,Los Angeles,Los Angeles,CA,90061-1636,US,US/Pacific,KHHR,2016-07-18 19:53:00,70.0,,76.0,29.98,10.0,West,6.9,,Clear,False,False,False,False,False,False,False,False,False,False,False,True,False,Night,Day,Day,Day
A-49645,Source2,2,2016-07-18 20:19:36,2016-07-18 20:49:36,34.155045,-118.310867,,,0.0,Right hand shoulder blocked due to accident on CA-134 Eastbound at Exit 4 Forest Lawn Dr.,Forest Lawn Dr,Los Angeles,Los Angeles,CA,90027,US,US/Pacific,KCQT,2016-07-18 20:47:00,68.0,,81.0,29.99,10.0,Calm,,,Clear,False,False,False,False,False,False,False,False,False,False,False,False,False,Night,Day,Day,Day
A-49646,Source2,3,2016-07-18 20:20:17,2016-07-18 20:50:17,34.01593,-118.173027,,,0.0,Right hand shoulder blocked due to accident on I-710 Southbound at Exits 18A 18B I-5.,Long Beach Fwy S,Los Angeles,Los Angeles,CA,90040,US,US/Pacific,KCQT,2016-07-18 20:47:00,68.0,,81.0,29.99,10.0,Calm,,,Clear,False,False,False,False,False,False,False,False,False,False,False,False,False,Night,Day,Day,Day
A-49647,Source2,2,2016-07-18 20:15:57,2016-07-18 20:45:57,33.991329,-118.15616599999998,,,0.0,Accident on Eastern Ave Eastbound at Bandini Blvd.,Bandini Blvd,Los Angeles,Los Angeles,CA,90040-2904,US,US/Pacific,KCQT,2016-07-18 19:47:00,71.1,,70.0,29.97,10.0,Variable,4.6,,Clear,False,False,False,False,False,False,False,False,False,False,False,False,False,Night,Day,Day,Day
A-49662,Source2,2,2016-07-18 21:09:27,2016-07-18 22:11:12,34.04797,-118.266563,,,0.0,Right hand shoulder blocked due to accident on CA-110 Northbound at Exit 22B James M Wood Blvd.,CA-110 S,Los Angeles,Los Angeles,CA,90017,US,US/Pacific,KCQT,2016-07-18 20:47:00,68.0,,81.0,29.99,10.0,Calm,,,Clear,False,False,False,False,False,False,False,False,False,False,False,False,False,Night,Night,Night,Day
A-49663,Source2,3,2016-07-18 21:51:34,2016-07-18 22:36:34,34.060608,-118.173485,,,0.0,Partially blocked due to serious accident on I-10 Westbound at Exits 20B 21 Eastern Ave.,I-10 W,Los Angeles,Los Angeles,CA,90063,US,US/Pacific,KCQT,2016-07-18 21:47:00,68.0,,78.0,30.01,10.0,WNW,3.5,,Clear,False,False,False,False,False,False,False,False,False,False,False,False,False,Night,Night,Night,Night
A-49680,Source2,2,2016-07-18 21:27:17,2016-07-18 22:31:19,34.051067,-118.213913,,,0.0,Right hand shoulder blocked due to accident on I-5 I-10 Northbound at I-10 Exit 19A / I-5 I-10 Exit 135C.,I-5 N,Los Angeles,Los Angeles,CA,90033,US,US/Pacific,KCQT,2016-07-18 21:47:00,68.0,,78.0,30.01,10.0,WNW,3.5,,Clear,False,False,False,False,False,False,False,False,False,False,False,False,False,Night,Night,Night,Day
A-49686,Source2,2,2016-07-18 22:20:55,2016-07-18 23:05:55,34.155415000000005,-118.289116,,,0.0,Right hand shoulder blocked due to accident on CA-134 Westbound at Exit 5B I-5.,CA-134 W,Los Angeles,Los Angeles,CA,90027,US,US/Pacific,KCQT,2016-07-18 22:47:00,66.9,,81.0,30.01,10.0,WNW,3.5,,Clear,False,False,False,False,False,False,False,False,False,False,False,False,False,Night,Night,Night,Night
A-49691,Source2,2,2016-07-18 22:35:41,2016-07-18 23:20:41,33.935505,-118.292511,,,0.0,Accident on 110th St in Inglewood.,W 110th St,Los Angeles,Los Angeles,CA,90044-1519,US,US/Pacific,KHHR,2016-07-18 22:53:00,68.0,,81.0,30.02,10.0,West,3.5,,Clear,False,False,False,False,False,False,False,False,False,False,False,False,False,Night,Night,Night,Night
A-49697,Source2,2,2016-07-18 23:44:58,2016-07-19 00:29:58,33.930969,-118.309067,,,0.0,Accident on Western Ave both ways at Imperial Hwy.,S Western Ave,Los Angeles,Los Angeles,CA,90047,US,US/Pacific,KHHR,2016-07-18 23:53:00,66.9,,84.0,30.02,10.0,West,3.5,,Clear,False,False,False,False,False,False,False,False,False,False,False,True,False,Night,Night,Night,Night
A-49716,Source2,2,2016-07-19 01:16:42,2016-07-19 02:16:42,34.030857,-118.414696,,,0.0,Lane blocked due to accident on National Blvd both ways around Cheviot Vista Pl.,National Blvd,Los Angeles,Los Angeles,CA,90034-3604,US,US/Pacific,KSMO,2016-07-19 00:51:00,66.0,,84.0,30.02,10.0,Calm,,,Clear,False,False,True,False,False,False,False,False,False,True,False,False,False,Night,Night,Night,Night
A-49719,Source2,2,2016-07-19 01:42:22,2016-07-19 02:42:22,34.110424,-118.334579,,,0.0,Middle lane blocked due to accident on US-101 Northbound at Odin St.,Hollywood Fwy S,Los Angeles,Los Angeles,CA,90068,US,US/Pacific,KBUR,2016-07-19 01:53:00,66.9,,79.0,29.98,10.0,SE,3.5,,Clear,False,False,False,False,False,False,False,False,False,False,False,False,False,Night,Night,Night,Night
A-49720,Source2,3,2016-07-19 02:19:36,2016-07-19 03:19:36,33.99527,-118.145088,,,0.0,Lane blocked on exit ramp due to accident on I-5 Southbound at Exit 128B Washington Blvd.,Santa Ana Fwy S,Los Angeles,Los Angeles,CA,90040,US,US/Pacific,KCQT,2016-07-19 02:47:00,64.9,,84.0,30.0,10.0,Calm,,,Clear,False,False,False,False,False,False,False,False,False,False,False,False,False,Night,Night,Night,Night
A-49722,Source2,3,2016-07-19 03:45:57,2016-07-19 04:45:57,33.928463,-118.278709,,,0.0,Lane blocked due to accident on I-105 Eastbound at Exits 7A 7B I-110.,I-105 E,Los Angeles,Los Angeles,CA,90061,US,US/Pacific,KHHR,2016-07-19 03:53:00,66.0,,84.0,30.01,10.0,Calm,,,Clear,False,False,False,False,False,False,False,False,False,False,False,False,False,Night,Night,Night,Night
A-49723,Source2,2,2016-07-19 03:55:49,2016-07-19 05:10:49,34.104233,-118.32235,,,0.0,One lane blocked due to accident on US-101 Northbound at Exit 8C Franklin Ave.,N Gower St,Los Angeles,Los Angeles,CA,90028-5408,US,US/Pacific,KCQT,2016-07-19 03:47:00,64.9,,84.0,30.0,10.0,Calm,,,Clear,False,False,True,False,False,False,False,False,False,False,False,False,False,Night,Night,Night,Night
A-49724,Source2,3,2016-07-19 03:56:44,2016-07-19 04:41:44,33.945541,-118.279648,,,0.0,Right hand shoulder blocked due to accident on I-110 Northbound at Exit 15 Century Blvd.,Harbor Fwy N,Los Angeles,Los Angeles,CA,90003,US,US/Pacific,KHHR,2016-07-19 03:53:00,66.0,,84.0,30.01,10.0,Calm,,,Clear,False,False,False,False,False,False,False,False,False,False,False,False,False,Night,Night,Night,Night
A-49740,Source2,2,2016-07-19 09:29:36,2016-07-19 10:21:00,34.080921000000004,-118.294739,,,0.0,Accident on US-101 Southbound at Exit 6A Vermont Ave.,CA-2 E,Los Angeles,Los Angeles,CA,90004,US,US/Pacific,KCQT,2016-07-19 09:47:00,79.0,,54.0,29.99,10.0,Calm,,,Clear,False,False,False,False,False,False,False,False,False,False,False,False,False,Day,Day,Day,Day
A-49753,Source2,2,2016-07-19 10:27:43,2016-07-19 11:08:00,34.107224,-118.249992,,,0.0,Right hand shoulder blocked due to accident on CA-2 Southbound at Exit 13 I-5.,CA-2 S,Los Angeles,Los Angeles,CA,90039,US,US/Pacific,KCQT,2016-07-19 10:47:00,81.0,,52.0,29.99,10.0,Calm,,,Clear,False,False,False,False,True,False,False,False,False,False,False,False,False,Day,Day,Day,Day
A-49765,Source2,3,2016-07-19 10:49:59,2016-07-19 11:32:00,33.974655,-118.280609,,,0.0,#1 lane blocked due to accident on I-110 Northbound at Exit 17 Grand Ave.,W Florence Ave,Los Angeles,Los Angeles,CA,90003-1850,US,US/Pacific,KHHR,2016-07-19 10:53:00,73.9,,66.0,30.01,10.0,WSW,9.2,,Clear,False,False,False,False,False,False,False,False,False,False,False,False,False,Day,Day,Day,Day
A-49777,Source2,3,2016-07-19 11:39:50,2016-07-19 12:22:00,34.034149,-118.350067,,,0.0,Left hand shoulder blocked due to accident on I-10 Westbound at Exit 8 La Brea Ave.,S La Brea Ave,Los Angeles,Los Angeles,CA,90016,US,US/Pacific,KSMO,2016-07-19 11:51:00,73.0,,68.0,30.02,10.0,SW,9.2,,Clear,False,False,False,False,True,False,False,False,False,False,False,False,False,Day,Day,Day,Day
A-49779,Source2,2,2016-07-19 11:31:15,2016-07-19 12:12:00,34.152218,-118.282593,,,0.0,Slow lane blocked due to accident on CA-134 Eastbound at Exit 5B I-5.,CA-134 E,Los Angeles,Los Angeles,CA,90027,US,US/Pacific,KCQT,2016-07-19 11:47:00,81.0,,52.0,29.99,10.0,West,4.6,,Clear,False,False,False,False,False,False,False,False,False,False,False,False,False,Day,Day,Day,Day
A-49805,Source2,3,2016-07-19 12:35:41,2016-07-19 13:13:00,33.931003999999994,-118.280067,,,0.0,HOV lane blocked due to accident on I-110 Northbound before CA-90 Imperial Hwy.,W Imperial Hwy,Los Angeles,Los Angeles,CA,90061,US,US/Pacific,KHHR,2016-07-19 12:53:00,78.1,,58.0,30.0,10.0,West,10.4,,Clear,False,False,False,False,False,False,False,False,False,False,False,False,False,Day,Day,Day,Day
A-49806,Source2,3,2016-07-19 12:09:48,2016-07-19 13:02:00,34.111996000000005,-118.265465,,,0.0,Right hand shoulder blocked due to accident on I-5 Southbound at Exits 140 140B Glendale Blvd.,Glendale Blvd,Los Angeles,Los Angeles,CA,90039,US,US/Pacific,KCQT,2016-07-19 11:47:00,81.0,,52.0,29.99,10.0,West,4.6,,Clear,False,False,False,False,False,False,False,False,True,False,False,True,False,Day,Day,Day,Day
A-49812,Source2,3,2016-07-19 12:14:11,2016-07-19 13:17:00,33.9893,-118.24536100000002,,,0.0,Accident on Slauson Ave both ways at Miramonte Blvd.,Miramonte Blvd,Los Angeles,Los Angeles,CA,90001-1324,US,US/Pacific,KCQT,2016-07-19 11:47:00,81.0,,52.0,29.99,10.0,West,4.6,,Clear,False,False,False,False,False,False,False,False,False,False,False,False,False,Day,Day,Day,Day
A-49816,Source2,3,2016-07-19 16:07:45,2016-07-19 16:37:45,34.122634999999995,-118.478424,,,0.0,Accident on I-405 Northbound at Exit 61 Skirball Center Dr.,Skirball Center Dr,Los Angeles,Los Angeles,CA,90077,US,US/Pacific,KSMO,2016-07-19 15:51:00,75.0,,62.0,29.96,10.0,WSW,10.4,,Clear,False,False,False,False,True,False,False,False,False,False,False,False,False,Day,Day,Day,Day
A-49820,Source2,2,2016-07-19 15:29:44,2016-07-19 16:44:44,33.930954,-118.30471,,,0.0,Lane blocked due to accident on Imperial Hwy at Denker Ave.,S Denker Ave,Los Angeles,Los Angeles,CA,90047,US,US/Pacific,KHHR,2016-07-19 15:53:00,78.1,,56.0,29.96,10.0,West,12.7,,Clear,False,False,False,False,False,False,False,False,True,False,False,True,False,Day,Day,Day,Day
A-49821,Source2,2,2016-07-19 14:55:44,2016-07-19 16:42:58,34.079376,-118.291702,,,0.0,Accident on US-101 Southbound at Exit 6A Vermont Ave.,N Vermont Ave,Los Angeles,Los Angeles,CA,90004,US,US/Pacific,KCQT,2016-07-19 14:47:00,81.0,,49.0,29.96,10.0,West,6.9,,Clear,False,False,False,False,False,False,False,False,True,False,False,False,False,Day,Day,Day,Day
A-49822,Source2,3,2016-07-19 15:38:04,2016-07-19 16:53:04,33.928940000000004,-118.280708,,,0.0,Accident on I-105 Westbound at Exits 7A 7B I-110.,I-105 W,Los Angeles,Los Angeles,CA,90061,US,US/Pacific,KHHR,2016-07-19 15:53:00,78.1,,56.0,29.96,10.0,West,12.7,,Clear,False,False,False,False,False,False,False,False,False,False,False,False,False,Day,Day,Day,Day
A-49823,Source2,3,2016-07-19 15:14:01,2016-07-19 16:45:54,34.026855,-118.251175,,,0.0,Accident on I-10 Eastbound at Exits 14B 15A 17th St.,Santa Monica Fwy E,Los Angeles,Los Angeles,CA,90021,US,US/Pacific,KCQT,2016-07-19 14:47:00,81.0,,49.0,29.96,10.0,West,6.9,,Clear,False,False,False,False,False,False,False,False,False,False,False,False,False,Day,Day,Day,Day
A-49824,Source2,2,2016-07-19 15:33:01,2016-07-19 16:48:01,34.054077,-118.237862,,,0.0,#1 lane blocked due to accident on US-101 Northbound at Exit 2C Alameda St.,N Alameda St,Los Angeles,Los Angeles,CA,90012,US,US/Pacific,KCQT,2016-07-19 15:47:00,81.0,,47.0,29.94,10.0,Variable,4.6,,Clear,False,False,True,False,False,False,False,False,False,False,False,False,False,Day,Day,Day,Day
A-49825,Source2,3,2016-07-19 15:47:13,2016-07-19 16:48:22,34.010052,-118.15966,,,0.0,#1 lane blocked due to accident on I-5 Northbound at Exit 130A Telegraph Rd.,I-5 N,Los Angeles,Los Angeles,CA,90022,US,US/Pacific,KCQT,2016-07-19 15:47:00,81.0,,47.0,29.94,10.0,Variable,4.6,,Clear,False,False,False,False,True,False,True,False,False,False,False,False,False,Day,Day,Day,Day
A-49842,Source2,3,2016-07-19 16:49:59,2016-07-19 17:19:59,33.945541,-118.279648,,,0.0,Accident on I-110 Westbound at Exit 15 Century Blvd.,Harbor Fwy N,Los Angeles,Los Angeles,CA,90003,US,US/Pacific,KHHR,2016-07-19 16:53:00,77.0,,56.0,29.94,10.0,West,10.4,,Clear,False,False,False,False,False,False,False,False,False,False,False,False,False,Day,Day,Day,Day
A-49843,Source2,2,2016-07-19 17:01:29,2016-07-19 17:31:29,33.974022,-118.236824,,,0.0,Accident on 73rd St at Crockett Blvd.,E 73rd St,Los Angeles,Los Angeles,CA,90001-2748,US,US/Pacific,KCQT,2016-07-19 16:47:00,80.1,,47.0,29.93,10.0,West,8.1,,Clear,False,False,False,False,False,False,False,False,False,False,False,False,False,Day,Day,Day,Day
A-49848,Source2,2,2016-07-19 17:06:48,2016-07-19 17:36:48,34.142757,-118.185654,,,0.0,Accident on CA-134 Eastbound at Exit 11 Colorado Blvd.,N Figueroa St,Los Angeles,Los Angeles,CA,90041,US,US/Pacific,KCQT,2016-07-19 16:47:00,80.1,,47.0,29.93,10.0,West,8.1,,Clear,False,False,False,False,False,False,False,False,False,False,False,False,False,Day,Day,Day,Day
A-49852,Source2,3,2016-07-19 17:15:20,2016-07-19 18:01:26,34.018448,-118.280075,,,0.0,#1 lane blocked due to accident on I-110 Southbound at Exit 20B Exposition Blvd.,I-110 S,Los Angeles,Los Angeles,CA,90007,US,US/Pacific,KCQT,2016-07-19 16:47:00,80.1,,47.0,29.93,10.0,West,8.1,,Clear,False,False,False,False,False,False,False,False,False,False,False,False,False,Day,Day,Day,Day
A-49863,Source2,3,2016-07-19 17:58:35,2016-07-19 18:28:35,34.03146,-118.413651,,,0.0,Accident on I-10 Eastbound at Exit 4 Overland Ave.,I-10 E,Los Angeles,Los Angeles,CA,90034,US,US/Pacific,KSMO,2016-07-19 17:51:00,73.0,,66.0,29.93,10.0,SW,8.1,,Clear,False,False,False,False,True,False,False,False,False,False,False,False,False,Day,Day,Day,Day
A-49870,Source2,2,2016-07-19 18:14:23,2016-07-19 18:44:23,33.930962,-118.293098,,,0.0,Accident on Imperial Hwy at New Hampshire Ave.,W Imperial Hwy,Los Angeles,Los Angeles,CA,90044-1314,US,US/Pacific,KHHR,2016-07-19 17:53:00,75.9,,54.0,29.93,10.0,West,11.5,,Clear,False,False,False,False,False,False,False,False,False,False,False,False,False,Day,Day,Day,Day
A-49872,Source2,3,2016-07-19 18:20:48,2016-07-19 18:50:48,34.060608,-118.173485,,,0.0,Accident on I-10 Eastbound at Exits 20B 21 Eastern Ave.,I-10 W,Los Angeles,Los Angeles,CA,90063,US,US/Pacific,KCQT,2016-07-19 18:47:00,75.0,,55.0,29.9,10.0,Variable,3.5,,Clear,False,False,False,False,False,False,False,False,False,False,False,False,False,Day,Day,Day,Day
A-49895,Source2,3,2016-07-19 19:16:16,2016-07-19 20:04:40,33.92889,-118.291588,,,0.0,Slow lane blocked due to accident on I-105 Westbound at Exit 7A Vermont Ave.,I-105 W,Los Angeles,Los Angeles,CA,90044,US,US/Pacific,KHHR,2016-07-19 18:53:00,73.9,,59.0,29.91,10.0,West,11.5,,Clear,False,False,False,False,False,False,True,False,True,False,False,False,False,Day,Day,Day,Day
A-49913,Source2,3,2016-07-19 20:11:40,2016-07-19 21:29:19,34.012234,-118.418549,,,0.0,#2 lane blocked due to accident on I-405 Southbound at Exits 53 53A 53B I-10.,San Diego Fwy S,Los Angeles,Los Angeles,CA,90066,US,US/Pacific,KSMO,2016-07-19 19:51:00,69.1,,78.0,29.92,10.0,SW,5.8,,Clear,False,False,False,False,False,False,False,False,False,False,False,False,False,Night,Day,Day,Day
A-49928,Source2,2,2016-07-19 21:42:54,2016-07-19 22:27:54,34.088242,-118.475372,,,0.0,Queueing traffic due to accident on I-405 Southbound at I-405 Exit 59 / Getty Center Dr.,San Diego Fwy S,Los Angeles,Los Angeles,CA,90049,US,US/Pacific,KSMO,2016-07-19 21:51:00,69.1,,78.0,29.95,10.0,ESE,4.6,,Clear,False,False,False,False,False,False,False,False,False,False,False,False,False,Night,Night,Night,Night
A-49929,Source2,2,2016-07-19 21:34:27,2016-07-19 22:19:27,34.155421999999994,-118.2939,,,0.0,Right hand shoulder blocked due to accident on CA-134 Eastbound at Exit 5A Riverside Dr.,CA-134 W,Los Angeles,Los Angeles,CA,90027,US,US/Pacific,KCQT,2016-07-19 21:47:00,70.0,,73.0,29.94,10.0,Calm,,,Clear,False,False,False,False,False,False,False,False,False,False,False,False,False,Night,Night,Night,Day
A-49930,Source2,2,2016-07-19 21:36:59,2016-07-19 22:21:59,33.988602,-118.252098,,,0.0,Accident on 58th Pl at Hooper Ave.,E 58th Pl,Los Angeles,Los Angeles,CA,90001-1246,US,US/Pacific,KCQT,2016-07-19 21:47:00,70.0,,73.0,29.94,10.0,Calm,,,Clear,False,False,False,False,False,False,False,False,False,False,False,False,False,Night,Night,Night,Day
A-49939,Source2,2,2016-07-19 22:02:00,2016-07-19 22:47:00,33.930862,-118.37001,,,0.0,Accident on La Cienega Blvd Northbound at Imperial Hwy.,W Imperial Hwy,Los Angeles,Los Angeles,CA,90045,US,US/Pacific,KLAX,2016-07-19 21:53:00,68.0,,81.0,29.95,10.0,WSW,6.9,,Clear,False,False,False,False,False,False,False,False,False,False,False,True,False,Night,Night,Night,Night
A-49941,Source2,3,2016-07-19 22:04:19,2016-07-19 22:49:19,34.02557,-118.234894,,,0.0,Accident on Wilson St at 10th St.,E 10th St,Los Angeles,Los Angeles,CA,90021-2801,US,US/Pacific,KCQT,2016-07-19 21:47:00,70.0,,73.0,29.94,10.0,Calm,,,Clear,False,False,False,False,False,False,False,False,False,False,False,False,False,Night,Night,Night,Night
A-49944,Source2,3,2016-07-19 22:09:04,2016-07-19 22:54:04,34.120468,-118.271271,,,0.0,Accident on I-5 Southbound at Exits 141 141A 141B Los Feliz Blvd.,Golden State Fwy S,Los Angeles,Los Angeles,CA,90027,US,US/Pacific,KCQT,2016-07-19 21:47:00,70.0,,73.0,29.94,10.0,Calm,,,Clear,False,False,False,False,False,False,False,False,False,False,False,False,False,Night,Night,Night,Night
A-49945,Source2,2,2016-07-19 22:15:56,2016-07-19 23:00:56,34.079376,-118.291702,,,0.0,#3 lane blocked due to accident on US-101 Southbound at Exit 6A Vermont Ave.,N Vermont Ave,Los Angeles,Los Angeles,CA,90004,US,US/Pacific,KCQT,2016-07-19 21:47:00,70.0,,73.0,29.94,10.0,Calm,,,Clear,False,False,False,False,False,False,False,False,True,False,False,False,False,Night,Night,Night,Night
A-49960,Source2,2,2016-07-19 23:26:01,2016-07-20 00:11:01,34.120346000000005,-118.338997,,,0.0,Slow lane blocked due to accident on US-101 Southbound at Exit 9C Cahuenga Blvd.,Hollywood Fwy S,Los Angeles,Los Angeles,CA,90068,US,US/Pacific,KBUR,2016-07-19 23:53:00,72.0,,66.0,29.95,10.0,ESE,8.1,,Clear,False,False,False,False,False,False,False,False,False,False,False,False,False,Night,Night,Night,Night
A-49962,Source2,3,2016-07-20 00:04:11,2016-07-20 00:49:11,34.116798,-118.269066,,,0.0,Accident on I-5 Northbound at Exits 140 140B Glendale Blvd.,I-5 N,Los Angeles,Los Angeles,CA,90027,US,US/Pacific,KCQT,2016-07-20 00:47:00,69.1,,75.0,29.96,10.0,Calm,,,Clear,False,False,False,False,True,False,False,False,False,False,False,False,False,Night,Night,Night,Night
A-49982,Source2,2,2016-07-20 05:40:52,2016-07-20 06:20:00,34.040539,-118.182274,,,0.0,Accident on Cesar E Chavez Ave both ways at Record Ave.,N Record Ave,Los Angeles,Los Angeles,CA,90063-1823,US,US/Pacific,KCQT,2016-07-20 05:47:00,66.9,,79.0,29.95,10.0,Calm,,,Clear,False,False,False,False,False,False,False,False,True,False,False,False,False,Night,Day,Day,Day
A-49986,Source2,3,2016-07-20 06:18:57,2016-07-20 06:55:00,34.036751,-118.317757,,,0.0,Left hand shoulder blocked due to accident on I-10 Eastbound at Exits 10 11 Arlington Ave.,Arlington Ave,Los Angeles,Los Angeles,CA,90018,US,US/Pacific,KCQT,2016-07-20 06:47:00,68.0,,78.0,29.95,10.0,Calm,,,Clear,False,False,False,False,True,False,False,False,False,False,False,False,False,Day,Day,Day,Day
A-49989,Source2,2,2016-07-20 07:49:08,2016-07-20 08:25:00,34.038136,-118.184647,,,0.0,Accident on Gage Ave both ways between Cesar E Chavez Ave and Michigan Ave.,Michigan Ave,Los Angeles,Los Angeles,CA,90063-2319,US,US/Pacific,KCQT,2016-07-20 07:47:00,72.0,,73.0,29.96,9.0,Calm,,,Clear,False,False,False,False,False,False,False,False,False,False,False,False,False,Day,Day,Day,Day
A-49996,Source2,3,2016-07-20 09:25:59,2016-07-20 10:20:00,34.034931,-118.368523,,,0.0,Slow lane blocked due to accident on I-10 Westbound at Exits 7A 7B Washington Blvd.,I-10 E,Los Angeles,Los Angeles,CA,90016,US,US/Pacific,KSMO,2016-07-20 09:51:00,79.0,,56.0,29.97,10.0,North,,,Clear,False,False,False,False,False,False,False,False,False,False,False,False,False,Day,Day,Day,Day
A-49997,Source2,2,2016-07-20 09:50:32,2016-07-20 10:25:00,33.931202,-118.291794,,,0.0,#2 lane blocked due to accident on CA-90 Imperial Hwy both ways at Vermont Ave.,S Vermont Ave,Los Angeles,Los Angeles,CA,90044,US,US/Pacific,KHHR,2016-07-20 09:53:00,79.0,,52.0,29.97,10.0,West,4.6,,Clear,False,False,False,False,False,False,False,False,False,False,False,True,False,Day,Day,Day,Day
